[08May2025 23:48:12.706] [main/INFO] [cpw.mods.modlauncher.Launcher/MODLAUNCHER]: ModLauncher running: args [--launchTarget, forgeclientuserdev, --version, MOD_DEV, --assetIndex, 5, --assetsDir, C:\Users\chris\.gradle\caches\forge_gradle\assets, --gameDir, ., --fml.forgeVersion, 47.3.33, --fml.mcVersion, 1.20.1, --fml.forgeGroup, net.minecraftforge, --fml.mcpVersion, 20230612.114412, --width, 1600, --height, 900]
[08May2025 23:48:12.716] [main/INFO] [cpw.mods.modlauncher.Launcher/MODLAUNCHER]: ModLauncher 10.0.9+10.0.9+main.dcd20f30 starting: java version 17.0.6 by Eclipse Adoptium; OS Windows 11 arch amd64 version 10.0
[08May2025 23:48:12.751] [main/DEBUG] [cpw.mods.modlauncher.LaunchServiceHandler/MODLAUNCHER]: Found launch services [fmlclientdev,forgeclient,minecraft,forgegametestserverdev,fmlserveruserdev,fmlclient,fmldatauserdev,forgeserverdev,forgeserveruserdev,forgeclientdev,forgeclientuserdev,forgeserver,forgedatadev,fmlserver,fmlclientuserdev,fmlserverdev,forgedatauserdev,testharness,forgegametestserveruserdev]
[08May2025 23:48:12.772] [main/DEBUG] [cpw.mods.modlauncher.NameMappingServiceHandler/MODLAUNCHER]: Found naming services : [srgtomcp]
[08May2025 23:48:12.790] [main/DEBUG] [cpw.mods.modlauncher.LaunchPluginHandler/MODLAUNCHER]: Found launch plugins: [mixin,eventbus,slf4jfixer,object_holder_definalize,runtime_enum_extender,capability_token_subclass,accesstransformer,runtimedistcleaner]
[08May2025 23:48:12.803] [main/DEBUG] [cpw.mods.modlauncher.TransformationServicesHandler/MODLAUNCHER]: Discovering transformation services
[08May2025 23:48:12.809] [main/DEBUG] [net.minecraftforge.fml.loading.FMLPaths/CORE]: Path GAMEDIR is F:\Programming_Projects\Java\Minecraft_Mod\run
[08May2025 23:48:12.809] [main/DEBUG] [net.minecraftforge.fml.loading.FMLPaths/CORE]: Path MODSDIR is F:\Programming_Projects\Java\Minecraft_Mod\run\mods
[08May2025 23:48:12.809] [main/DEBUG] [net.minecraftforge.fml.loading.FMLPaths/CORE]: Path CONFIGDIR is F:\Programming_Projects\Java\Minecraft_Mod\run\config
[08May2025 23:48:12.810] [main/DEBUG] [net.minecraftforge.fml.loading.FMLPaths/CORE]: Path FMLCONFIG is F:\Programming_Projects\Java\Minecraft_Mod\run\config\fml.toml
[08May2025 23:48:12.865] [main/DEBUG] [cpw.mods.modlauncher.TransformationServicesHandler/MODLAUNCHER]: Found additional transformation services from discovery services: 
[08May2025 23:48:12.871] [main/INFO] [net.minecraftforge.fml.loading.ImmediateWindowHandler/]: Loading ImmediateWindowProvider fmlearlywindow
[08May2025 23:48:13.141] [main/INFO] [EARLYDISPLAY/]: Trying GL version 4.6
[08May2025 23:48:13.490] [main/INFO] [EARLYDISPLAY/]: Requested GL version 4.6 got version 4.6
[08May2025 23:48:13.588] [main/DEBUG] [cpw.mods.modlauncher.TransformationServicesHandler/MODLAUNCHER]: Found transformer services : [mixin,fml]
[08May2025 23:48:13.588] [main/DEBUG] [cpw.mods.modlauncher.TransformationServicesHandler/MODLAUNCHER]: Transformation services loading
[08May2025 23:48:13.589] [main/DEBUG] [cpw.mods.modlauncher.TransformationServiceDecorator/MODLAUNCHER]: Loading service mixin
[08May2025 23:48:13.589] [main/DEBUG] [cpw.mods.modlauncher.TransformationServiceDecorator/MODLAUNCHER]: Loaded service mixin
[08May2025 23:48:13.589] [main/DEBUG] [cpw.mods.modlauncher.TransformationServiceDecorator/MODLAUNCHER]: Loading service fml
[08May2025 23:48:13.590] [main/DEBUG] [net.minecraftforge.fml.loading.LauncherVersion/CORE]: Found FMLLauncher version 1.0
[08May2025 23:48:13.590] [main/DEBUG] [net.minecraftforge.fml.loading.FMLLoader/CORE]: FML 1.0 loading
[08May2025 23:48:13.590] [main/DEBUG] [net.minecraftforge.fml.loading.FMLLoader/CORE]: FML found ModLauncher version : 10.0.9+10.0.9+main.dcd20f30
[08May2025 23:48:13.590] [main/DEBUG] [net.minecraftforge.fml.loading.FMLLoader/CORE]: Requesting CoreMods to not apply the fix for ASMAPI.findFirstInstructionBefore by default
[08May2025 23:48:13.591] [main/DEBUG] [net.minecraftforge.fml.loading.FMLLoader/CORE]: FML found AccessTransformer version : 8.0.4+66+master.c09db6d7
[08May2025 23:48:13.591] [main/DEBUG] [net.minecraftforge.fml.loading.FMLLoader/CORE]: FML found EventBus version : 6.0.5+6.0.5+master.eb8e549b
[08May2025 23:48:13.591] [main/DEBUG] [net.minecraftforge.fml.loading.FMLLoader/CORE]: Found Runtime Dist Cleaner
[08May2025 23:48:13.593] [main/DEBUG] [net.minecraftforge.coremod.CoreModEngine/]: CoreMods will preserve legacy behavior of ASMAPI.findFirstInstructionBefore for backwards-compatibility
[08May2025 23:48:13.593] [main/DEBUG] [net.minecraftforge.fml.loading.FMLLoader/CORE]: FML found CoreMod version : 5.2.4
[08May2025 23:48:13.594] [main/DEBUG] [net.minecraftforge.fml.loading.FMLLoader/CORE]: Found ForgeSPI package implementation version 7.0.1+7.0.1+master.d2b38bf6
[08May2025 23:48:13.594] [main/DEBUG] [net.minecraftforge.fml.loading.FMLLoader/CORE]: Found ForgeSPI package specification 5
[08May2025 23:48:13.595] [main/DEBUG] [cpw.mods.modlauncher.TransformationServiceDecorator/MODLAUNCHER]: Loaded service fml
[08May2025 23:48:13.595] [main/DEBUG] [cpw.mods.modlauncher.TransformationServicesHandler/MODLAUNCHER]: Configuring option handling for services
[08May2025 23:48:13.600] [main/DEBUG] [cpw.mods.modlauncher.TransformationServicesHandler/MODLAUNCHER]: Transformation services initializing
[08May2025 23:48:13.601] [main/DEBUG] [cpw.mods.modlauncher.TransformationServiceDecorator/MODLAUNCHER]: Initializing transformation service mixin
[08May2025 23:48:13.614] [main/DEBUG] [mixin/]: MixinService [ModLauncher] was successfully booted in cpw.mods.cl.ModuleClassLoader@9225652
[08May2025 23:48:13.626] [main/INFO] [mixin/]: SpongePowered MIXIN Subsystem Version=0.8.5 Source=union:/C:/Users/chris/.gradle/caches/modules-2/files-2.1/org.spongepowered/mixin/0.8.5/9d1c0c3a304ae6697ecd477218fa61b850bf57fc/mixin-0.8.5.jar%23129!/ Service=ModLauncher Env=CLIENT
[08May2025 23:48:13.629] [main/DEBUG] [mixin/]: Initialising Mixin Platform Manager
[08May2025 23:48:13.630] [main/DEBUG] [mixin/]: Adding mixin platform agents for container ModLauncher Root Container(ModLauncher:4f56a0a2)
[08May2025 23:48:13.630] [main/DEBUG] [mixin/]: Instancing new MixinPlatformAgentMinecraftForge for ModLauncher Root Container(ModLauncher:4f56a0a2)
[08May2025 23:48:13.631] [main/DEBUG] [mixin/]: MixinPlatformAgentMinecraftForge rejected container ModLauncher Root Container(ModLauncher:4f56a0a2)
[08May2025 23:48:13.632] [main/DEBUG] [mixin/]: Instancing new MixinPlatformAgentDefault for ModLauncher Root Container(ModLauncher:4f56a0a2)
[08May2025 23:48:13.632] [main/DEBUG] [mixin/]: MixinPlatformAgentDefault accepted container ModLauncher Root Container(ModLauncher:4f56a0a2)
[08May2025 23:48:13.634] [main/DEBUG] [cpw.mods.modlauncher.TransformationServiceDecorator/MODLAUNCHER]: Initialized transformation service mixin
[08May2025 23:48:13.634] [main/DEBUG] [cpw.mods.modlauncher.TransformationServiceDecorator/MODLAUNCHER]: Initializing transformation service fml
[08May2025 23:48:13.635] [main/DEBUG] [net.minecraftforge.fml.loading.FMLServiceProvider/CORE]: Setting up basic FML game directories
[08May2025 23:48:13.635] [main/DEBUG] [net.minecraftforge.fml.loading.FMLPaths/CORE]: Path GAMEDIR is F:\Programming_Projects\Java\Minecraft_Mod\run
[08May2025 23:48:13.635] [main/DEBUG] [net.minecraftforge.fml.loading.FMLPaths/CORE]: Path MODSDIR is F:\Programming_Projects\Java\Minecraft_Mod\run\mods
[08May2025 23:48:13.635] [main/DEBUG] [net.minecraftforge.fml.loading.FMLPaths/CORE]: Path CONFIGDIR is F:\Programming_Projects\Java\Minecraft_Mod\run\config
[08May2025 23:48:13.636] [main/DEBUG] [net.minecraftforge.fml.loading.FMLPaths/CORE]: Path FMLCONFIG is F:\Programming_Projects\Java\Minecraft_Mod\run\config\fml.toml
[08May2025 23:48:13.636] [main/DEBUG] [net.minecraftforge.fml.loading.FMLServiceProvider/CORE]: Loading configuration
[08May2025 23:48:13.639] [main/DEBUG] [net.minecraftforge.fml.loading.FMLServiceProvider/CORE]: Preparing ModFile
[08May2025 23:48:13.642] [main/DEBUG] [net.minecraftforge.fml.loading.FMLServiceProvider/CORE]: Preparing launch handler
[08May2025 23:48:13.643] [main/DEBUG] [net.minecraftforge.fml.loading.FMLLoader/CORE]: Using forgeclientuserdev as launch service
[08May2025 23:48:13.658] [main/DEBUG] [net.minecraftforge.fml.loading.FMLLoader/CORE]: Received command line version data  : VersionInfo[forgeVersion=47.3.33, mcVersion=1.20.1, mcpVersion=20230612.114412, forgeGroup=net.minecraftforge]
[08May2025 23:48:13.659] [main/DEBUG] [cpw.mods.modlauncher.TransformationServiceDecorator/MODLAUNCHER]: Initialized transformation service fml
[08May2025 23:48:13.660] [main/DEBUG] [cpw.mods.modlauncher.NameMappingServiceHandler/MODLAUNCHER]: Current naming domain is 'mcp'
[08May2025 23:48:13.660] [main/DEBUG] [cpw.mods.modlauncher.NameMappingServiceHandler/MODLAUNCHER]: Identified name mapping providers {srg=srgtomcp:1234}
[08May2025 23:48:13.660] [main/DEBUG] [cpw.mods.modlauncher.TransformationServicesHandler/MODLAUNCHER]: Transformation services begin scanning
[08May2025 23:48:13.661] [main/DEBUG] [cpw.mods.modlauncher.TransformationServiceDecorator/MODLAUNCHER]: Beginning scan trigger - transformation service mixin
[08May2025 23:48:13.661] [main/DEBUG] [cpw.mods.modlauncher.TransformationServiceDecorator/MODLAUNCHER]: End scan trigger - transformation service mixin
[08May2025 23:48:13.661] [main/DEBUG] [cpw.mods.modlauncher.TransformationServiceDecorator/MODLAUNCHER]: Beginning scan trigger - transformation service fml
[08May2025 23:48:13.661] [main/DEBUG] [net.minecraftforge.fml.loading.FMLServiceProvider/CORE]: Initiating mod scan
[08May2025 23:48:13.672] [main/DEBUG] [net.minecraftforge.fml.loading.moddiscovery.ModListHandler/CORE]: Found mod coordinates from lists: []
[08May2025 23:48:13.674] [main/DEBUG] [net.minecraftforge.fml.loading.moddiscovery.ModDiscoverer/CORE]: Found Mod Locators : (mods folder:null),(maven libs:null),(exploded directory:null),(minecraft:null),(userdev classpath:null)
[08May2025 23:48:13.675] [main/DEBUG] [net.minecraftforge.fml.loading.moddiscovery.ModDiscoverer/CORE]: Found Dependency Locators : (JarInJar:null)
[08May2025 23:48:13.680] [main/DEBUG] [net.minecraftforge.fml.loading.targets.CommonLaunchHandler/CORE]: Got mod coordinates codexa%%F:\Programming_Projects\Java\Minecraft_Mod\build\resources\main;codexa%%F:\Programming_Projects\Java\Minecraft_Mod\build\classes\java\main from env
[08May2025 23:48:13.682] [main/DEBUG] [net.minecraftforge.fml.loading.targets.CommonLaunchHandler/CORE]: Found supplied mod coordinates [{codexa=[F:\Programming_Projects\Java\Minecraft_Mod\build\resources\main, F:\Programming_Projects\Java\Minecraft_Mod\build\classes\java\main]}]
[08May2025 23:48:13.737] [pool-2-thread-1/INFO] [EARLYDISPLAY/]: GL info: NVIDIA GeForce GTX 1660 SUPER/PCIe/SSE2 GL version 4.6.0 NVIDIA 560.94, NVIDIA Corporation
[08May2025 23:48:13.903] [main/DEBUG] [net.minecraftforge.fml.loading.moddiscovery.ModFileInfo/LOADING]: Found valid mod file forge-1.20.1-47.3.33_mapped_parchment_2023.09.03-1.20.1-recomp.jar with {minecraft} mods - versions {1.20.1}
[08May2025 23:48:13.906] [main/DEBUG] [net.minecraftforge.fml.loading.moddiscovery.ModFileParser/LOADING]: Considering mod file candidate C:\Users\chris\.gradle\caches\modules-2\files-2.1\net.minecraftforge\javafmllanguage\1.20.1-47.3.33\29591758414c084b41bbd6808bf30309b149da4d\javafmllanguage-1.20.1-47.3.33.jar
[08May2025 23:48:13.907] [main/WARN] [net.minecraftforge.fml.loading.moddiscovery.ModFileParser/LOADING]: Mod file C:\Users\chris\.gradle\caches\modules-2\files-2.1\net.minecraftforge\javafmllanguage\1.20.1-47.3.33\29591758414c084b41bbd6808bf30309b149da4d\javafmllanguage-1.20.1-47.3.33.jar is missing mods.toml file
[08May2025 23:48:13.909] [main/DEBUG] [net.minecraftforge.fml.loading.moddiscovery.ModFileParser/LOADING]: Considering mod file candidate C:\Users\chris\.gradle\caches\modules-2\files-2.1\net.minecraftforge\lowcodelanguage\1.20.1-47.3.33\31f826407e5bab62abe1130d8d369d7d45e7ce3\lowcodelanguage-1.20.1-47.3.33.jar
[08May2025 23:48:13.909] [main/WARN] [net.minecraftforge.fml.loading.moddiscovery.ModFileParser/LOADING]: Mod file C:\Users\chris\.gradle\caches\modules-2\files-2.1\net.minecraftforge\lowcodelanguage\1.20.1-47.3.33\31f826407e5bab62abe1130d8d369d7d45e7ce3\lowcodelanguage-1.20.1-47.3.33.jar is missing mods.toml file
[08May2025 23:48:13.911] [main/DEBUG] [net.minecraftforge.fml.loading.moddiscovery.ModFileParser/LOADING]: Considering mod file candidate C:\Users\chris\.gradle\caches\modules-2\files-2.1\net.minecraftforge\mclanguage\1.20.1-47.3.33\fb2db487fa47ae1cdcad118267d714f75569ffc7\mclanguage-1.20.1-47.3.33.jar
[08May2025 23:48:13.911] [main/WARN] [net.minecraftforge.fml.loading.moddiscovery.ModFileParser/LOADING]: Mod file C:\Users\chris\.gradle\caches\modules-2\files-2.1\net.minecraftforge\mclanguage\1.20.1-47.3.33\fb2db487fa47ae1cdcad118267d714f75569ffc7\mclanguage-1.20.1-47.3.33.jar is missing mods.toml file
[08May2025 23:48:13.913] [main/DEBUG] [net.minecraftforge.fml.loading.moddiscovery.ModFileParser/LOADING]: Considering mod file candidate C:\Users\chris\.gradle\caches\modules-2\files-2.1\net.minecraftforge\fmlcore\1.20.1-47.3.33\2b6f448126f68c8bbc04b942b3fe7aafb12e22c0\fmlcore-1.20.1-47.3.33.jar
[08May2025 23:48:13.913] [main/WARN] [net.minecraftforge.fml.loading.moddiscovery.ModFileParser/LOADING]: Mod file C:\Users\chris\.gradle\caches\modules-2\files-2.1\net.minecraftforge\fmlcore\1.20.1-47.3.33\2b6f448126f68c8bbc04b942b3fe7aafb12e22c0\fmlcore-1.20.1-47.3.33.jar is missing mods.toml file
[08May2025 23:48:13.916] [main/DEBUG] [net.minecraftforge.fml.loading.moddiscovery.ModFileParser/LOADING]: Considering mod file candidate F:\Programming_Projects\Java\Minecraft_Mod\build\resources\main
[08May2025 23:48:13.933] [main/DEBUG] [net.minecraftforge.fml.loading.moddiscovery.ModFileInfo/LOADING]: Found valid mod file main with {codexa} mods - versions {0.1 - 1.20.1}
[08May2025 23:48:13.936] [main/DEBUG] [net.minecraftforge.fml.loading.moddiscovery.ModFileParser/LOADING]: Considering mod file candidate /
[08May2025 23:48:13.938] [main/DEBUG] [net.minecraftforge.fml.loading.moddiscovery.ModFileInfo/LOADING]: Found valid mod file  with {forge} mods - versions {47.3.33}
[08May2025 23:48:13.955] [main/DEBUG] [net.minecraftforge.fml.loading.moddiscovery.ModFileParser/LOADING]: Considering mod file candidate C:\Users\chris\.gradle\caches\forge_gradle\deobf_dependencies\com\github\glitchfiend\TerraBlender-forge\1.20.1-3.0.0.169_mapped_parchment_2023.09.03-1.20.1\TerraBlender-forge-1.20.1-3.0.0.169_mapped_parchment_2023.09.03-1.20.1.jar
[08May2025 23:48:13.958] [main/DEBUG] [net.minecraftforge.fml.loading.moddiscovery.ModFileInfo/LOADING]: Found valid mod file TerraBlender-forge-1.20.1-3.0.0.169_mapped_parchment_2023.09.03-1.20.1.jar with {terrablender} mods - versions {3.0.0.169}
[08May2025 23:48:13.960] [main/DEBUG] [net.minecraftforge.fml.loading.moddiscovery.ModFileParser/LOADING]: Considering mod file candidate C:\Users\chris\.gradle\caches\forge_gradle\deobf_dependencies\software\bernie\geckolib\geckolib-forge-1.20.1\4.4.9_mapped_parchment_2023.09.03-1.20.1\geckolib-forge-1.20.1-4.4.9_mapped_parchment_2023.09.03-1.20.1.jar
[08May2025 23:48:13.961] [main/DEBUG] [net.minecraftforge.fml.loading.moddiscovery.ModFileInfo/LOADING]: Found valid mod file geckolib-forge-1.20.1-4.4.9_mapped_parchment_2023.09.03-1.20.1.jar with {geckolib} mods - versions {4.4.9}
[08May2025 23:48:13.963] [main/DEBUG] [net.minecraftforge.fml.loading.moddiscovery.ModFileParser/LOADING]: Considering mod file candidate C:\Users\chris\.gradle\caches\forge_gradle\deobf_dependencies\dev\kosmx\player-anim\player-animation-lib-forge\1.0.2-rc1+1.20_mapped_parchment_2023.09.03-1.20.1\player-animation-lib-forge-1.0.2-rc1+1.20_mapped_parchment_2023.09.03-1.20.1.jar
[08May2025 23:48:13.964] [main/DEBUG] [net.minecraftforge.fml.loading.moddiscovery.ModFileInfo/LOADING]: Found valid mod file player-animation-lib-forge-1.0.2-rc1+1.20_mapped_parchment_2023.09.03-1.20.1.jar with {playeranimator} mods - versions {1.0.2-rc1+1.20}
[08May2025 23:48:13.966] [main/DEBUG] [net.minecraftforge.fml.loading.moddiscovery.ModFileParser/LOADING]: Considering mod file candidate C:\Users\chris\.gradle\caches\modules-2\files-2.1\io.github.llamalad7\mixinextras-forge\0.4.1\5c35573a7b76103724799ca1174a69699b8a9aec\mixinextras-forge-0.4.1.jar
[08May2025 23:48:13.967] [main/DEBUG] [net.minecraftforge.fml.loading.moddiscovery.ModFileInfo/LOADING]: Found valid mod file mixinextras-forge-0.4.1.jar with {mixinextras} mods - versions {0.4.1}
[08May2025 23:48:13.970] [main/DEBUG] [net.minecraftforge.fml.loading.moddiscovery.ModFileParser/LOADING]: Considering mod file candidate C:\Users\chris\.gradle\caches\forge_gradle\deobf_dependencies\me\shedaniel\cloth\cloth-config-forge\11.1.136_mapped_parchment_2023.09.03-1.20.1\cloth-config-forge-11.1.136_mapped_parchment_2023.09.03-1.20.1.jar
[08May2025 23:48:13.971] [main/DEBUG] [net.minecraftforge.fml.loading.moddiscovery.ModFileInfo/LOADING]: Found valid mod file cloth-config-forge-11.1.136_mapped_parchment_2023.09.03-1.20.1.jar with {cloth_config} mods - versions {11.1.136}
[08May2025 23:48:13.973] [main/DEBUG] [net.minecraftforge.fml.loading.moddiscovery.ModFileParser/LOADING]: Considering mod file candidate C:\Users\chris\.gradle\caches\forge_gradle\deobf_dependencies\maven\modrinth\better-combat\1.8.6+1.20.1-forge_mapped_parchment_2023.09.03-1.20.1\better-combat-1.8.6+1.20.1-forge_mapped_parchment_2023.09.03-1.20.1.jar
[08May2025 23:48:13.974] [main/DEBUG] [net.minecraftforge.fml.loading.moddiscovery.ModFileInfo/LOADING]: Found valid mod file better-combat-1.8.6+1.20.1-forge_mapped_parchment_2023.09.03-1.20.1.jar with {bettercombat} mods - versions {1.8.6+1.20.1}
[08May2025 23:48:13.976] [main/DEBUG] [net.minecraftforge.fml.loading.moddiscovery.ModFileParser/LOADING]: Considering mod file candidate C:\Users\chris\.gradle\caches\forge_gradle\deobf_dependencies\top\theillusivec4\curios\curios-forge\5.12.1+1.20.1_mapped_parchment_2023.09.03-1.20.1\curios-forge-5.12.1+1.20.1_mapped_parchment_2023.09.03-1.20.1.jar
[08May2025 23:48:13.977] [main/DEBUG] [net.minecraftforge.fml.loading.moddiscovery.ModFileInfo/LOADING]: Found valid mod file curios-forge-5.12.1+1.20.1_mapped_parchment_2023.09.03-1.20.1.jar with {curios} mods - versions {5.12.1+1.20.1}
[08May2025 23:48:13.980] [main/DEBUG] [net.minecraftforge.fml.loading.moddiscovery.ModFileParser/LOADING]: Considering mod file candidate C:\Users\chris\.gradle\caches\forge_gradle\deobf_dependencies\mezz\jei\jei-1.20.1-forge\15.8.2.26_mapped_parchment_2023.09.03-1.20.1\jei-1.20.1-forge-15.8.2.26_mapped_parchment_2023.09.03-1.20.1.jar
[08May2025 23:48:13.981] [main/DEBUG] [net.minecraftforge.fml.loading.moddiscovery.ModFileInfo/LOADING]: Found valid mod file jei-1.20.1-forge-15.8.2.26_mapped_parchment_2023.09.03-1.20.1.jar with {jei} mods - versions {15.8.2.26}
[08May2025 23:48:13.984] [main/DEBUG] [net.minecraftforge.fml.loading.moddiscovery.ModFileParser/LOADING]: Considering mod file candidate C:\Users\chris\.gradle\caches\forge_gradle\deobf_dependencies\com\github\glitchfiend\TerraBlender-forge\1.20.1-3.0.0.169_mapped_parchment_2023.09.03-1.20.1\TerraBlender-forge-1.20.1-3.0.0.169_mapped_parchment_2023.09.03-1.20.1.jar
[08May2025 23:48:13.985] [main/DEBUG] [net.minecraftforge.fml.loading.moddiscovery.ModFileInfo/LOADING]: Found valid mod file TerraBlender-forge-1.20.1-3.0.0.169_mapped_parchment_2023.09.03-1.20.1.jar with {terrablender} mods - versions {3.0.0.169}
[08May2025 23:48:13.987] [main/DEBUG] [net.minecraftforge.fml.loading.moddiscovery.ModFileParser/LOADING]: Considering mod file candidate C:\Users\chris\.gradle\caches\forge_gradle\deobf_dependencies\software\bernie\geckolib\geckolib-forge-1.20.1\4.4.9_mapped_parchment_2023.09.03-1.20.1\geckolib-forge-1.20.1-4.4.9_mapped_parchment_2023.09.03-1.20.1.jar
[08May2025 23:48:13.988] [main/DEBUG] [net.minecraftforge.fml.loading.moddiscovery.ModFileInfo/LOADING]: Found valid mod file geckolib-forge-1.20.1-4.4.9_mapped_parchment_2023.09.03-1.20.1.jar with {geckolib} mods - versions {4.4.9}
[08May2025 23:48:13.992] [main/DEBUG] [net.minecraftforge.fml.loading.moddiscovery.ModFileParser/LOADING]: Considering mod file candidate C:\Users\chris\.gradle\caches\forge_gradle\deobf_dependencies\dev\kosmx\player-anim\player-animation-lib-forge\1.0.2-rc1+1.20_mapped_parchment_2023.09.03-1.20.1\player-animation-lib-forge-1.0.2-rc1+1.20_mapped_parchment_2023.09.03-1.20.1.jar
[08May2025 23:48:13.993] [main/DEBUG] [net.minecraftforge.fml.loading.moddiscovery.ModFileInfo/LOADING]: Found valid mod file player-animation-lib-forge-1.0.2-rc1+1.20_mapped_parchment_2023.09.03-1.20.1.jar with {playeranimator} mods - versions {1.0.2-rc1+1.20}
[08May2025 23:48:13.995] [main/DEBUG] [net.minecraftforge.fml.loading.moddiscovery.ModFileParser/LOADING]: Considering mod file candidate C:\Users\chris\.gradle\caches\modules-2\files-2.1\io.github.llamalad7\mixinextras-forge\0.4.1\5c35573a7b76103724799ca1174a69699b8a9aec\mixinextras-forge-0.4.1.jar
[08May2025 23:48:13.995] [main/DEBUG] [net.minecraftforge.fml.loading.moddiscovery.ModFileInfo/LOADING]: Found valid mod file mixinextras-forge-0.4.1.jar with {mixinextras} mods - versions {0.4.1}
[08May2025 23:48:13.997] [main/DEBUG] [net.minecraftforge.fml.loading.moddiscovery.ModFileParser/LOADING]: Considering mod file candidate C:\Users\chris\.gradle\caches\forge_gradle\deobf_dependencies\me\shedaniel\cloth\cloth-config-forge\11.1.136_mapped_parchment_2023.09.03-1.20.1\cloth-config-forge-11.1.136_mapped_parchment_2023.09.03-1.20.1.jar
[08May2025 23:48:13.998] [main/DEBUG] [net.minecraftforge.fml.loading.moddiscovery.ModFileInfo/LOADING]: Found valid mod file cloth-config-forge-11.1.136_mapped_parchment_2023.09.03-1.20.1.jar with {cloth_config} mods - versions {11.1.136}
[08May2025 23:48:14.000] [main/DEBUG] [net.minecraftforge.fml.loading.moddiscovery.ModFileParser/LOADING]: Considering mod file candidate C:\Users\chris\.gradle\caches\forge_gradle\deobf_dependencies\maven\modrinth\better-combat\1.8.6+1.20.1-forge_mapped_parchment_2023.09.03-1.20.1\better-combat-1.8.6+1.20.1-forge_mapped_parchment_2023.09.03-1.20.1.jar
[08May2025 23:48:14.001] [main/DEBUG] [net.minecraftforge.fml.loading.moddiscovery.ModFileInfo/LOADING]: Found valid mod file better-combat-1.8.6+1.20.1-forge_mapped_parchment_2023.09.03-1.20.1.jar with {bettercombat} mods - versions {1.8.6+1.20.1}
[08May2025 23:48:14.003] [main/DEBUG] [net.minecraftforge.fml.loading.moddiscovery.ModFileParser/LOADING]: Considering mod file candidate C:\Users\chris\.gradle\caches\forge_gradle\deobf_dependencies\top\theillusivec4\curios\curios-forge\5.12.1+1.20.1_mapped_parchment_2023.09.03-1.20.1\curios-forge-5.12.1+1.20.1_mapped_parchment_2023.09.03-1.20.1.jar
[08May2025 23:48:14.004] [main/DEBUG] [net.minecraftforge.fml.loading.moddiscovery.ModFileInfo/LOADING]: Found valid mod file curios-forge-5.12.1+1.20.1_mapped_parchment_2023.09.03-1.20.1.jar with {curios} mods - versions {5.12.1+1.20.1}
[08May2025 23:48:14.006] [main/DEBUG] [net.minecraftforge.fml.loading.moddiscovery.ModFileParser/LOADING]: Considering mod file candidate C:\Users\chris\.gradle\caches\forge_gradle\deobf_dependencies\mezz\jei\jei-1.20.1-forge\15.8.2.26_mapped_parchment_2023.09.03-1.20.1\jei-1.20.1-forge-15.8.2.26_mapped_parchment_2023.09.03-1.20.1.jar
[08May2025 23:48:14.007] [main/DEBUG] [net.minecraftforge.fml.loading.moddiscovery.ModFileInfo/LOADING]: Found valid mod file jei-1.20.1-forge-15.8.2.26_mapped_parchment_2023.09.03-1.20.1.jar with {jei} mods - versions {15.8.2.26}
[08May2025 23:48:14.011] [main/DEBUG] [net.minecraftforge.fml.loading.UniqueModListBuilder/]: Found 2 mods for first modid mixinextras, selecting most recent based on version data
[08May2025 23:48:14.011] [main/DEBUG] [net.minecraftforge.fml.loading.UniqueModListBuilder/]: Selected file mixinextras-forge-0.4.1.jar for modid mixinextras with version 0.4.1
[08May2025 23:48:14.012] [main/DEBUG] [net.minecraftforge.fml.loading.UniqueModListBuilder/]: Found 2 mods for first modid terrablender, selecting most recent based on version data
[08May2025 23:48:14.012] [main/DEBUG] [net.minecraftforge.fml.loading.UniqueModListBuilder/]: Selected file TerraBlender-forge-1.20.1-3.0.0.169_mapped_parchment_2023.09.03-1.20.1.jar for modid terrablender with version 3.0.0.169
[08May2025 23:48:14.012] [main/DEBUG] [net.minecraftforge.fml.loading.UniqueModListBuilder/]: Found 2 mods for first modid bettercombat, selecting most recent based on version data
[08May2025 23:48:14.012] [main/DEBUG] [net.minecraftforge.fml.loading.UniqueModListBuilder/]: Selected file better-combat-1.8.6+1.20.1-forge_mapped_parchment_2023.09.03-1.20.1.jar for modid bettercombat with version 1.8.6+1.20.1
[08May2025 23:48:14.012] [main/DEBUG] [net.minecraftforge.fml.loading.UniqueModListBuilder/]: Found 2 mods for first modid cloth_config, selecting most recent based on version data
[08May2025 23:48:14.012] [main/DEBUG] [net.minecraftforge.fml.loading.UniqueModListBuilder/]: Selected file cloth-config-forge-11.1.136_mapped_parchment_2023.09.03-1.20.1.jar for modid cloth_config with version 11.1.136
[08May2025 23:48:14.012] [main/DEBUG] [net.minecraftforge.fml.loading.UniqueModListBuilder/]: Found 2 mods for first modid curios, selecting most recent based on version data
[08May2025 23:48:14.012] [main/DEBUG] [net.minecraftforge.fml.loading.UniqueModListBuilder/]: Selected file curios-forge-5.12.1+1.20.1_mapped_parchment_2023.09.03-1.20.1.jar for modid curios with version 5.12.1+1.20.1
[08May2025 23:48:14.013] [main/DEBUG] [net.minecraftforge.fml.loading.UniqueModListBuilder/]: Found 2 mods for first modid geckolib, selecting most recent based on version data
[08May2025 23:48:14.013] [main/DEBUG] [net.minecraftforge.fml.loading.UniqueModListBuilder/]: Selected file geckolib-forge-1.20.1-4.4.9_mapped_parchment_2023.09.03-1.20.1.jar for modid geckolib with version 4.4.9
[08May2025 23:48:14.013] [main/DEBUG] [net.minecraftforge.fml.loading.UniqueModListBuilder/]: Found 2 mods for first modid playeranimator, selecting most recent based on version data
[08May2025 23:48:14.013] [main/DEBUG] [net.minecraftforge.fml.loading.UniqueModListBuilder/]: Selected file player-animation-lib-forge-1.0.2-rc1+1.20_mapped_parchment_2023.09.03-1.20.1.jar for modid playeranimator with version 1.0.2-rc1+1.20
[08May2025 23:48:14.013] [main/DEBUG] [net.minecraftforge.fml.loading.UniqueModListBuilder/]: Found 2 mods for first modid jei, selecting most recent based on version data
[08May2025 23:48:14.014] [main/DEBUG] [net.minecraftforge.fml.loading.UniqueModListBuilder/]: Selected file jei-1.20.1-forge-15.8.2.26_mapped_parchment_2023.09.03-1.20.1.jar for modid jei with version 15.8.2.26
[08May2025 23:48:14.021] [main/DEBUG] [net.minecraftforge.fml.loading.moddiscovery.AbstractJarFileDependencyLocator/]: Failed to load resource META-INF\jarjar\metadata.json from forge-1.20.1-47.3.33_mapped_parchment_2023.09.03-1.20.1-recomp.jar, it does not contain dependency information.
[08May2025 23:48:14.022] [main/DEBUG] [net.minecraftforge.fml.loading.moddiscovery.AbstractJarFileDependencyLocator/]: Failed to load resource META-INF\jarjar\metadata.json from TerraBlender-forge-1.20.1-3.0.0.169_mapped_parchment_2023.09.03-1.20.1.jar, it does not contain dependency information.
[08May2025 23:48:14.022] [main/DEBUG] [net.minecraftforge.fml.loading.moddiscovery.AbstractJarFileDependencyLocator/]: Failed to load resource META-INF\jarjar\metadata.json from cloth-config-forge-11.1.136_mapped_parchment_2023.09.03-1.20.1.jar, it does not contain dependency information.
[08May2025 23:48:14.022] [main/DEBUG] [net.minecraftforge.fml.loading.moddiscovery.AbstractJarFileDependencyLocator/]: Failed to load resource META-INF\jarjar\metadata.json from , it does not contain dependency information.
[08May2025 23:48:14.022] [main/DEBUG] [net.minecraftforge.fml.loading.moddiscovery.AbstractJarFileDependencyLocator/]: Failed to load resource META-INF\jarjar\metadata.json from curios-forge-5.12.1+1.20.1_mapped_parchment_2023.09.03-1.20.1.jar, it does not contain dependency information.
[08May2025 23:48:14.022] [main/DEBUG] [net.minecraftforge.fml.loading.moddiscovery.AbstractJarFileDependencyLocator/]: Failed to load resource META-INF\jarjar\metadata.json from player-animation-lib-forge-1.0.2-rc1+1.20_mapped_parchment_2023.09.03-1.20.1.jar, it does not contain dependency information.
[08May2025 23:48:14.023] [main/DEBUG] [net.minecraftforge.fml.loading.moddiscovery.AbstractJarFileDependencyLocator/]: Failed to load resource META-INF\jarjar\metadata.json from main, it does not contain dependency information.
[08May2025 23:48:14.023] [main/DEBUG] [net.minecraftforge.fml.loading.moddiscovery.AbstractJarFileDependencyLocator/]: Failed to load resource META-INF\jarjar\metadata.json from jei-1.20.1-forge-15.8.2.26_mapped_parchment_2023.09.03-1.20.1.jar, it does not contain dependency information.
[08May2025 23:48:14.023] [main/DEBUG] [net.minecraftforge.fml.loading.moddiscovery.AbstractJarFileDependencyLocator/]: Failed to load resource META-INF\jarjar\metadata.json from mclanguage-1.20.1-47.3.33.jar, it does not contain dependency information.
[08May2025 23:48:14.023] [main/DEBUG] [net.minecraftforge.fml.loading.moddiscovery.AbstractJarFileDependencyLocator/]: Failed to load resource META-INF\jarjar\metadata.json from javafmllanguage-1.20.1-47.3.33.jar, it does not contain dependency information.
[08May2025 23:48:14.023] [main/DEBUG] [net.minecraftforge.fml.loading.moddiscovery.AbstractJarFileDependencyLocator/]: Failed to load resource META-INF\jarjar\metadata.json from fmlcore-1.20.1-47.3.33.jar, it does not contain dependency information.
[08May2025 23:48:14.023] [main/DEBUG] [net.minecraftforge.fml.loading.moddiscovery.AbstractJarFileDependencyLocator/]: Failed to load resource META-INF\jarjar\metadata.json from lowcodelanguage-1.20.1-47.3.33.jar, it does not contain dependency information.
[08May2025 23:48:14.085] [main/DEBUG] [net.minecraftforge.fml.loading.moddiscovery.ModFileParser/LOADING]: Considering mod file candidate 
[08May2025 23:48:14.085] [main/DEBUG] [net.minecraftforge.fml.loading.moddiscovery.ModFileInfo/LOADING]: Found valid mod file mixinextras-forge-0.2.0.jar with {mixinextras} mods - versions {0.2.0}
[08May2025 23:48:14.088] [main/DEBUG] [net.minecraftforge.fml.loading.moddiscovery.AbstractJarFileDependencyLocator/]: Failed to load resource META-INF\jarjar\metadata.json from MixinExtras-0.4.1.jar, it does not contain dependency information.
[08May2025 23:48:14.091] [main/DEBUG] [net.minecraftforge.fml.loading.moddiscovery.AbstractJarFileDependencyLocator/]: Failed to load resource META-INF\jarjar\metadata.json from mclib-20.jar, it does not contain dependency information.
[08May2025 23:48:14.091] [main/DEBUG] [net.minecraftforge.fml.loading.moddiscovery.AbstractJarFileDependencyLocator/]: Failed to load resource META-INF\jarjar\metadata.json from MixinExtras-0.2.0.jar, it does not contain dependency information.
[08May2025 23:48:14.112] [main/DEBUG] [net.minecraftforge.fml.loading.moddiscovery.ModFileParser/LOADING]: Considering mod file candidate 
[08May2025 23:48:14.113] [main/DEBUG] [net.minecraftforge.fml.loading.moddiscovery.ModFileInfo/LOADING]: Found valid mod file mixinextras-forge-0.2.0.jar with {mixinextras} mods - versions {0.2.0}
[08May2025 23:48:14.120] [main/WARN] [net.minecraftforge.jarjar.selection.JarSelector/]: Attempted to select a dependency jar for JarJar which was passed in as source: mixinextras. Using Mod File: C:\Users\chris\.gradle\caches\modules-2\files-2.1\io.github.llamalad7\mixinextras-forge\0.4.1\5c35573a7b76103724799ca1174a69699b8a9aec\mixinextras-forge-0.4.1.jar
[08May2025 23:48:14.120] [main/INFO] [net.minecraftforge.fml.loading.moddiscovery.JarInJarDependencyLocator/]: Found 2 dependencies adding them to mods collection
[08May2025 23:48:14.122] [main/DEBUG] [net.minecraftforge.fml.loading.moddiscovery.ModFileInfo/LOADING]: Found valid mod file forge-1.20.1-47.3.33_mapped_parchment_2023.09.03-1.20.1-recomp.jar with {minecraft} mods - versions {1.20.1}
[08May2025 23:48:14.125] [main/DEBUG] [net.minecraftforge.fml.loading.moddiscovery.ModFile/LOADING]: Loading mod file C:\Users\chris\.gradle\caches\forge_gradle\minecraft_user_repo\net\minecraftforge\forge\1.20.1-47.3.33_mapped_parchment_2023.09.03-1.20.1\forge-1.20.1-47.3.33_mapped_parchment_2023.09.03-1.20.1-recomp.jar with languages [LanguageSpec[languageName=minecraft, acceptedVersions=1]]
[08May2025 23:48:14.126] [main/DEBUG] [net.minecraftforge.fml.loading.moddiscovery.ModFileParser/LOADING]: Considering mod file candidate C:\Users\chris\.gradle\caches\forge_gradle\deobf_dependencies\com\github\glitchfiend\TerraBlender-forge\1.20.1-3.0.0.169_mapped_parchment_2023.09.03-1.20.1\TerraBlender-forge-1.20.1-3.0.0.169_mapped_parchment_2023.09.03-1.20.1.jar
[08May2025 23:48:14.127] [main/DEBUG] [net.minecraftforge.fml.loading.moddiscovery.ModFileInfo/LOADING]: Found valid mod file TerraBlender-forge-1.20.1-3.0.0.169_mapped_parchment_2023.09.03-1.20.1.jar with {terrablender} mods - versions {3.0.0.169}
[08May2025 23:48:14.127] [main/DEBUG] [net.minecraftforge.fml.loading.moddiscovery.ModFile/LOADING]: Loading mod file C:\Users\chris\.gradle\caches\forge_gradle\deobf_dependencies\com\github\glitchfiend\TerraBlender-forge\1.20.1-3.0.0.169_mapped_parchment_2023.09.03-1.20.1\TerraBlender-forge-1.20.1-3.0.0.169_mapped_parchment_2023.09.03-1.20.1.jar with languages [LanguageSpec[languageName=javafml, acceptedVersions=[47,)]]
[08May2025 23:48:14.127] [main/DEBUG] [net.minecraftforge.fml.loading.moddiscovery.ModFileParser/LOADING]: Considering mod file candidate C:\Users\chris\.gradle\caches\forge_gradle\deobf_dependencies\me\shedaniel\cloth\cloth-config-forge\11.1.136_mapped_parchment_2023.09.03-1.20.1\cloth-config-forge-11.1.136_mapped_parchment_2023.09.03-1.20.1.jar
[08May2025 23:48:14.128] [main/DEBUG] [net.minecraftforge.fml.loading.moddiscovery.ModFileInfo/LOADING]: Found valid mod file cloth-config-forge-11.1.136_mapped_parchment_2023.09.03-1.20.1.jar with {cloth_config} mods - versions {11.1.136}
[08May2025 23:48:14.128] [main/DEBUG] [net.minecraftforge.fml.loading.moddiscovery.ModFile/LOADING]: Loading mod file C:\Users\chris\.gradle\caches\forge_gradle\deobf_dependencies\me\shedaniel\cloth\cloth-config-forge\11.1.136_mapped_parchment_2023.09.03-1.20.1\cloth-config-forge-11.1.136_mapped_parchment_2023.09.03-1.20.1.jar with languages [LanguageSpec[languageName=javafml, acceptedVersions=[34,)]]
[08May2025 23:48:14.128] [main/DEBUG] [net.minecraftforge.fml.loading.moddiscovery.ModFileParser/LOADING]: Considering mod file candidate C:\Users\chris\.gradle\caches\forge_gradle\deobf_dependencies\maven\modrinth\better-combat\1.8.6+1.20.1-forge_mapped_parchment_2023.09.03-1.20.1\better-combat-1.8.6+1.20.1-forge_mapped_parchment_2023.09.03-1.20.1.jar
[08May2025 23:48:14.129] [main/DEBUG] [net.minecraftforge.fml.loading.moddiscovery.ModFileInfo/LOADING]: Found valid mod file better-combat-1.8.6+1.20.1-forge_mapped_parchment_2023.09.03-1.20.1.jar with {bettercombat} mods - versions {1.8.6+1.20.1}
[08May2025 23:48:14.129] [main/DEBUG] [net.minecraftforge.fml.loading.moddiscovery.ModFile/LOADING]: Loading mod file C:\Users\chris\.gradle\caches\forge_gradle\deobf_dependencies\maven\modrinth\better-combat\1.8.6+1.20.1-forge_mapped_parchment_2023.09.03-1.20.1\better-combat-1.8.6+1.20.1-forge_mapped_parchment_2023.09.03-1.20.1.jar with languages [LanguageSpec[languageName=javafml, acceptedVersions=[39,)]]
[08May2025 23:48:14.129] [main/DEBUG] [net.minecraftforge.fml.loading.moddiscovery.ModFileParser/LOADING]: Considering mod file candidate /
[08May2025 23:48:14.129] [main/DEBUG] [net.minecraftforge.fml.loading.moddiscovery.ModFileInfo/LOADING]: Found valid mod file  with {forge} mods - versions {47.3.33}
[08May2025 23:48:14.130] [main/DEBUG] [net.minecraftforge.fml.loading.moddiscovery.ModFile/LOADING]: Loading mod file / with languages [LanguageSpec[languageName=javafml, acceptedVersions=[24,]]]
[08May2025 23:48:14.132] [main/DEBUG] [net.minecraftforge.fml.loading.moddiscovery.ModFileParser/LOADING]: Found coremod field_to_method with Javascript path coremods/field_to_method.js
[08May2025 23:48:14.132] [main/DEBUG] [net.minecraftforge.fml.loading.moddiscovery.ModFileParser/LOADING]: Found coremod field_to_instanceof with Javascript path coremods/field_to_instanceof.js
[08May2025 23:48:14.132] [main/DEBUG] [net.minecraftforge.fml.loading.moddiscovery.ModFileParser/LOADING]: Found coremod add_bouncer_method with Javascript path coremods/add_bouncer_method.js
[08May2025 23:48:14.132] [main/DEBUG] [net.minecraftforge.fml.loading.moddiscovery.ModFileParser/LOADING]: Found coremod method_redirector with Javascript path coremods/method_redirector.js
[08May2025 23:48:14.132] [main/DEBUG] [net.minecraftforge.fml.loading.moddiscovery.ModFile/LOADING]: Found coremod coremods/field_to_method.js
[08May2025 23:48:14.132] [main/DEBUG] [net.minecraftforge.fml.loading.moddiscovery.ModFile/LOADING]: Found coremod coremods/field_to_instanceof.js
[08May2025 23:48:14.132] [main/DEBUG] [net.minecraftforge.fml.loading.moddiscovery.ModFile/LOADING]: Found coremod coremods/add_bouncer_method.js
[08May2025 23:48:14.133] [main/DEBUG] [net.minecraftforge.fml.loading.moddiscovery.ModFile/LOADING]: Found coremod coremods/method_redirector.js
[08May2025 23:48:14.133] [main/DEBUG] [net.minecraftforge.fml.loading.moddiscovery.ModFileParser/LOADING]: Considering mod file candidate C:\Users\chris\.gradle\caches\forge_gradle\deobf_dependencies\top\theillusivec4\curios\curios-forge\5.12.1+1.20.1_mapped_parchment_2023.09.03-1.20.1\curios-forge-5.12.1+1.20.1_mapped_parchment_2023.09.03-1.20.1.jar
[08May2025 23:48:14.134] [main/DEBUG] [net.minecraftforge.fml.loading.moddiscovery.ModFileInfo/LOADING]: Found valid mod file curios-forge-5.12.1+1.20.1_mapped_parchment_2023.09.03-1.20.1.jar with {curios} mods - versions {5.12.1+1.20.1}
[08May2025 23:48:14.134] [main/DEBUG] [net.minecraftforge.fml.loading.moddiscovery.ModFile/LOADING]: Loading mod file C:\Users\chris\.gradle\caches\forge_gradle\deobf_dependencies\top\theillusivec4\curios\curios-forge\5.12.1+1.20.1_mapped_parchment_2023.09.03-1.20.1\curios-forge-5.12.1+1.20.1_mapped_parchment_2023.09.03-1.20.1.jar with languages [LanguageSpec[languageName=javafml, acceptedVersions=[41,)]]
[08May2025 23:48:14.134] [main/DEBUG] [net.minecraftforge.fml.loading.moddiscovery.ModFileParser/LOADING]: Considering mod file candidate C:\Users\chris\.gradle\caches\forge_gradle\deobf_dependencies\software\bernie\geckolib\geckolib-forge-1.20.1\4.4.9_mapped_parchment_2023.09.03-1.20.1\geckolib-forge-1.20.1-4.4.9_mapped_parchment_2023.09.03-1.20.1.jar
[08May2025 23:48:14.135] [main/DEBUG] [net.minecraftforge.fml.loading.moddiscovery.ModFileInfo/LOADING]: Found valid mod file geckolib-forge-1.20.1-4.4.9_mapped_parchment_2023.09.03-1.20.1.jar with {geckolib} mods - versions {4.4.9}
[08May2025 23:48:14.135] [main/DEBUG] [net.minecraftforge.fml.loading.moddiscovery.ModFile/LOADING]: Loading mod file C:\Users\chris\.gradle\caches\forge_gradle\deobf_dependencies\software\bernie\geckolib\geckolib-forge-1.20.1\4.4.9_mapped_parchment_2023.09.03-1.20.1\geckolib-forge-1.20.1-4.4.9_mapped_parchment_2023.09.03-1.20.1.jar with languages [LanguageSpec[languageName=javafml, acceptedVersions=[47,)]]
[08May2025 23:48:14.135] [main/DEBUG] [net.minecraftforge.fml.loading.moddiscovery.ModFileParser/LOADING]: Considering mod file candidate F:\Programming_Projects\Java\Minecraft_Mod\build\resources\main
[08May2025 23:48:14.136] [main/DEBUG] [net.minecraftforge.fml.loading.moddiscovery.ModFileInfo/LOADING]: Found valid mod file main with {codexa} mods - versions {0.1 - 1.20.1}
[08May2025 23:48:14.136] [main/DEBUG] [net.minecraftforge.fml.loading.moddiscovery.ModFile/LOADING]: Loading mod file F:\Programming_Projects\Java\Minecraft_Mod\build\resources\main with languages [LanguageSpec[languageName=javafml, acceptedVersions=[0,)]]
[08May2025 23:48:14.137] [main/DEBUG] [net.minecraftforge.fml.loading.moddiscovery.ModFileParser/LOADING]: Considering mod file candidate C:\Users\chris\.gradle\caches\forge_gradle\deobf_dependencies\dev\kosmx\player-anim\player-animation-lib-forge\1.0.2-rc1+1.20_mapped_parchment_2023.09.03-1.20.1\player-animation-lib-forge-1.0.2-rc1+1.20_mapped_parchment_2023.09.03-1.20.1.jar
[08May2025 23:48:14.138] [main/DEBUG] [net.minecraftforge.fml.loading.moddiscovery.ModFileInfo/LOADING]: Found valid mod file player-animation-lib-forge-1.0.2-rc1+1.20_mapped_parchment_2023.09.03-1.20.1.jar with {playeranimator} mods - versions {1.0.2-rc1+1.20}
[08May2025 23:48:14.138] [main/DEBUG] [net.minecraftforge.fml.loading.moddiscovery.ModFile/LOADING]: Loading mod file C:\Users\chris\.gradle\caches\forge_gradle\deobf_dependencies\dev\kosmx\player-anim\player-animation-lib-forge\1.0.2-rc1+1.20_mapped_parchment_2023.09.03-1.20.1\player-animation-lib-forge-1.0.2-rc1+1.20_mapped_parchment_2023.09.03-1.20.1.jar with languages [LanguageSpec[languageName=javafml, acceptedVersions=[46.0.0,)]]
[08May2025 23:48:14.138] [main/DEBUG] [net.minecraftforge.fml.loading.moddiscovery.ModFileParser/LOADING]: Considering mod file candidate C:\Users\chris\.gradle\caches\forge_gradle\deobf_dependencies\mezz\jei\jei-1.20.1-forge\15.8.2.26_mapped_parchment_2023.09.03-1.20.1\jei-1.20.1-forge-15.8.2.26_mapped_parchment_2023.09.03-1.20.1.jar
[08May2025 23:48:14.139] [main/DEBUG] [net.minecraftforge.fml.loading.moddiscovery.ModFileInfo/LOADING]: Found valid mod file jei-1.20.1-forge-15.8.2.26_mapped_parchment_2023.09.03-1.20.1.jar with {jei} mods - versions {15.8.2.26}
[08May2025 23:48:14.139] [main/DEBUG] [net.minecraftforge.fml.loading.moddiscovery.ModFile/LOADING]: Loading mod file C:\Users\chris\.gradle\caches\forge_gradle\deobf_dependencies\mezz\jei\jei-1.20.1-forge\15.8.2.26_mapped_parchment_2023.09.03-1.20.1\jei-1.20.1-forge-15.8.2.26_mapped_parchment_2023.09.03-1.20.1.jar with languages [LanguageSpec[languageName=javafml, acceptedVersions=[47,)]]
[08May2025 23:48:14.139] [main/DEBUG] [net.minecraftforge.fml.loading.moddiscovery.ModFile/LOADING]: Loading mod file  with languages []
[08May2025 23:48:14.139] [main/DEBUG] [net.minecraftforge.fml.loading.moddiscovery.ModFile/LOADING]: Loading mod file  with languages []
[08May2025 23:48:14.139] [main/DEBUG] [net.minecraftforge.fml.loading.moddiscovery.ModFileParser/LOADING]: Considering mod file candidate C:\Users\chris\.gradle\caches\modules-2\files-2.1\io.github.llamalad7\mixinextras-forge\0.4.1\5c35573a7b76103724799ca1174a69699b8a9aec\mixinextras-forge-0.4.1.jar
[08May2025 23:48:14.140] [main/DEBUG] [net.minecraftforge.fml.loading.moddiscovery.ModFileInfo/LOADING]: Found valid mod file mixinextras-forge-0.4.1.jar with {mixinextras} mods - versions {0.4.1}
[08May2025 23:48:14.140] [main/DEBUG] [net.minecraftforge.fml.loading.moddiscovery.ModFile/LOADING]: Loading mod file C:\Users\chris\.gradle\caches\modules-2\files-2.1\io.github.llamalad7\mixinextras-forge\0.4.1\5c35573a7b76103724799ca1174a69699b8a9aec\mixinextras-forge-0.4.1.jar with languages [LanguageSpec[languageName=javafml, acceptedVersions=*]]
[08May2025 23:48:14.140] [main/DEBUG] [net.minecraftforge.fml.loading.moddiscovery.ModFile/LOADING]: Loading mod file  with languages []
[08May2025 23:48:14.140] [main/DEBUG] [net.minecraftforge.fml.loading.moddiscovery.ModFile/LOADING]: Loading mod file  with languages []
[08May2025 23:48:14.140] [main/DEBUG] [net.minecraftforge.fml.loading.moddiscovery.ModFileParser/LOADING]: Considering mod file candidate C:\Users\chris\.gradle\caches\modules-2\files-2.1\io.github.llamalad7\mixinextras-forge\0.4.1\5c35573a7b76103724799ca1174a69699b8a9aec\mixinextras-forge-0.4.1.jar
[08May2025 23:48:14.141] [main/DEBUG] [net.minecraftforge.fml.loading.moddiscovery.ModFileInfo/LOADING]: Found valid mod file mixinextras-forge-0.4.1.jar with {mixinextras} mods - versions {0.4.1}
[08May2025 23:48:14.141] [main/DEBUG] [net.minecraftforge.fml.loading.moddiscovery.ModFile/LOADING]: Loading mod file C:\Users\chris\.gradle\caches\modules-2\files-2.1\io.github.llamalad7\mixinextras-forge\0.4.1\5c35573a7b76103724799ca1174a69699b8a9aec\mixinextras-forge-0.4.1.jar with languages [LanguageSpec[languageName=javafml, acceptedVersions=*]]
[08May2025 23:48:14.142] [main/DEBUG] [cpw.mods.modlauncher.TransformationServiceDecorator/MODLAUNCHER]: End scan trigger - transformation service fml
[08May2025 23:48:14.151] [main/DEBUG] [net.minecraftforge.fml.loading.LanguageLoadingProvider/CORE]: Found 3 language providers
[08May2025 23:48:14.151] [main/DEBUG] [net.minecraftforge.fml.loading.LanguageLoadingProvider/CORE]: Found language provider minecraft, version 1.0
[08May2025 23:48:14.152] [main/DEBUG] [net.minecraftforge.fml.loading.LanguageLoadingProvider/CORE]: Found language provider lowcodefml, version 47
[08May2025 23:48:14.152] [main/DEBUG] [net.minecraftforge.fml.loading.LanguageLoadingProvider/CORE]: Found language provider javafml, version 47
[08May2025 23:48:14.156] [main/DEBUG] [net.minecraftforge.fml.loading.UniqueModListBuilder/]: Found 2 mods for first modid mclib, selecting most recent based on version data
[08May2025 23:48:14.156] [main/DEBUG] [net.minecraftforge.fml.loading.UniqueModListBuilder/]: Selected file mclib-20.jar for modid mclib with version 0.0NONE
[08May2025 23:48:14.156] [main/DEBUG] [net.minecraftforge.fml.loading.UniqueModListBuilder/]: Found 2 mods for first modid mixinextras, selecting most recent based on version data
[08May2025 23:48:14.156] [main/DEBUG] [net.minecraftforge.fml.loading.UniqueModListBuilder/]: Selected file mixinextras-forge-0.4.1.jar for modid mixinextras with version 0.4.1
[08May2025 23:48:14.156] [main/DEBUG] [net.minecraftforge.fml.loading.UniqueModListBuilder/]: Found 2 mods for first modid MixinExtras, selecting most recent based on version data
[08May2025 23:48:14.156] [main/DEBUG] [net.minecraftforge.fml.loading.UniqueModListBuilder/]: Selected file MixinExtras-0.4.1.jar for modid MixinExtras with version 0.0NONE
[08May2025 23:48:14.157] [main/DEBUG] [net.minecraftforge.fml.loading.ModSorter/]: Configured system mods: [minecraft, forge]
[08May2025 23:48:14.157] [main/DEBUG] [net.minecraftforge.fml.loading.ModSorter/]: Found system mod: minecraft
[08May2025 23:48:14.158] [main/DEBUG] [net.minecraftforge.fml.loading.ModSorter/]: Found system mod: forge
[08May2025 23:48:14.160] [main/DEBUG] [net.minecraftforge.fml.loading.ModSorter/LOADING]: Found 16 mod requirements (16 mandatory, 0 optional)
[08May2025 23:48:14.161] [main/DEBUG] [net.minecraftforge.fml.loading.ModSorter/LOADING]: Found 0 mod requirements missing (0 mandatory, 0 optional)
[08May2025 23:48:14.564] [main/DEBUG] [net.minecraftforge.fml.loading.MCPNamingService/CORE]: Loaded 34318 method mappings from methods.csv
[08May2025 23:48:14.585] [main/DEBUG] [net.minecraftforge.fml.loading.MCPNamingService/CORE]: Loaded 31014 field mappings from fields.csv
[08May2025 23:48:14.635] [main/DEBUG] [cpw.mods.modlauncher.TransformationServicesHandler/MODLAUNCHER]: Transformation services loading transformers
[08May2025 23:48:14.636] [main/DEBUG] [cpw.mods.modlauncher.TransformationServiceDecorator/MODLAUNCHER]: Initializing transformers for transformation service mixin
[08May2025 23:48:14.637] [main/DEBUG] [cpw.mods.modlauncher.TransformationServiceDecorator/MODLAUNCHER]: Initialized transformers for transformation service mixin
[08May2025 23:48:14.637] [main/DEBUG] [cpw.mods.modlauncher.TransformationServiceDecorator/MODLAUNCHER]: Initializing transformers for transformation service fml
[08May2025 23:48:14.637] [main/DEBUG] [net.minecraftforge.fml.loading.FMLServiceProvider/CORE]: Loading coremod transformers
[08May2025 23:48:14.637] [main/DEBUG] [net.minecraftforge.coremod.CoreModEngine/COREMOD]: Loading CoreMod from coremods/field_to_method.js
[08May2025 23:48:14.797] [main/DEBUG] [net.minecraftforge.coremod.CoreModEngine/COREMOD]: CoreMod loaded successfully
[08May2025 23:48:14.797] [main/DEBUG] [net.minecraftforge.coremod.CoreModEngine/COREMOD]: Loading CoreMod from coremods/field_to_instanceof.js
[08May2025 23:48:14.879] [main/DEBUG] [net.minecraftforge.coremod.CoreModEngine/COREMOD]: CoreMod loaded successfully
[08May2025 23:48:14.879] [main/DEBUG] [net.minecraftforge.coremod.CoreModEngine/COREMOD]: Loading CoreMod from coremods/add_bouncer_method.js
[08May2025 23:48:14.910] [main/DEBUG] [net.minecraftforge.coremod.CoreModEngine/COREMOD]: CoreMod loaded successfully
[08May2025 23:48:14.910] [main/DEBUG] [net.minecraftforge.coremod.CoreModEngine/COREMOD]: Loading CoreMod from coremods/method_redirector.js
[08May2025 23:48:14.955] [main/DEBUG] [net.minecraftforge.coremod.CoreModEngine/COREMOD]: CoreMod loaded successfully
[08May2025 23:48:14.964] [main/DEBUG] [cpw.mods.modlauncher.TransformStore/MODLAUNCHER]: Adding transformer net.minecraftforge.coremod.transformer.CoreModClassTransformer@1f1cddf3 to Target : CLASS {Lnet/minecraft/world/level/biome/Biome;} {} {V}
[08May2025 23:48:14.965] [main/DEBUG] [cpw.mods.modlauncher.TransformStore/MODLAUNCHER]: Adding transformer net.minecraftforge.coremod.transformer.CoreModClassTransformer@4ace284d to Target : CLASS {Lnet/minecraft/world/level/levelgen/structure/Structure;} {} {V}
[08May2025 23:48:14.965] [main/DEBUG] [cpw.mods.modlauncher.TransformStore/MODLAUNCHER]: Adding transformer net.minecraftforge.coremod.transformer.CoreModClassTransformer@77fa9381 to Target : CLASS {Lnet/minecraft/world/effect/MobEffectInstance;} {} {V}
[08May2025 23:48:14.966] [main/DEBUG] [cpw.mods.modlauncher.TransformStore/MODLAUNCHER]: Adding transformer net.minecraftforge.coremod.transformer.CoreModClassTransformer@76d72b5b to Target : CLASS {Lnet/minecraft/world/level/block/LiquidBlock;} {} {V}
[08May2025 23:48:14.966] [main/DEBUG] [cpw.mods.modlauncher.TransformStore/MODLAUNCHER]: Adding transformer net.minecraftforge.coremod.transformer.CoreModClassTransformer@7cac93fe to Target : CLASS {Lnet/minecraft/world/item/BucketItem;} {} {V}
[08May2025 23:48:14.966] [main/DEBUG] [cpw.mods.modlauncher.TransformStore/MODLAUNCHER]: Adding transformer net.minecraftforge.coremod.transformer.CoreModClassTransformer@479b5066 to Target : CLASS {Lnet/minecraft/world/level/block/StairBlock;} {} {V}
[08May2025 23:48:14.966] [main/DEBUG] [cpw.mods.modlauncher.TransformStore/MODLAUNCHER]: Adding transformer net.minecraftforge.coremod.transformer.CoreModClassTransformer@64deb58f to Target : CLASS {Lnet/minecraft/world/level/block/FlowerPotBlock;} {} {V}
[08May2025 23:48:14.966] [main/DEBUG] [cpw.mods.modlauncher.TransformStore/MODLAUNCHER]: Adding transformer net.minecraftforge.coremod.transformer.CoreModClassTransformer@2b1cd7bc to Target : CLASS {Lnet/minecraft/world/item/ItemStack;} {} {V}
[08May2025 23:48:14.966] [main/DEBUG] [cpw.mods.modlauncher.TransformStore/MODLAUNCHER]: Adding transformer net.minecraftforge.coremod.transformer.CoreModClassTransformer@33379242 to Target : CLASS {Lnet/minecraft/network/play/client/CClientSettingsPacket;} {} {V}
[08May2025 23:48:14.966] [main/DEBUG] [cpw.mods.modlauncher.TransformStore/MODLAUNCHER]: Adding transformer net.minecraftforge.coremod.transformer.CoreModClassTransformer@2e32fc22 to Target : CLASS {Lnet/minecraft/world/level/levelgen/structure/structures/SwampHutPiece;} {} {V}
[08May2025 23:48:14.966] [main/DEBUG] [cpw.mods.modlauncher.TransformStore/MODLAUNCHER]: Adding transformer net.minecraftforge.coremod.transformer.CoreModClassTransformer@2e32fc22 to Target : CLASS {Lnet/minecraft/world/level/levelgen/structure/templatesystem/StructureTemplate;} {} {V}
[08May2025 23:48:14.966] [main/DEBUG] [cpw.mods.modlauncher.TransformStore/MODLAUNCHER]: Adding transformer net.minecraftforge.coremod.transformer.CoreModClassTransformer@2e32fc22 to Target : CLASS {Lnet/minecraft/world/entity/npc/Villager;} {} {V}
[08May2025 23:48:14.967] [main/DEBUG] [cpw.mods.modlauncher.TransformStore/MODLAUNCHER]: Adding transformer net.minecraftforge.coremod.transformer.CoreModClassTransformer@2e32fc22 to Target : CLASS {Lnet/minecraft/world/entity/monster/Evoker$EvokerSummonSpellGoal;} {} {V}
[08May2025 23:48:14.967] [main/DEBUG] [cpw.mods.modlauncher.TransformStore/MODLAUNCHER]: Adding transformer net.minecraftforge.coremod.transformer.CoreModClassTransformer@2e32fc22 to Target : CLASS {Lnet/minecraft/world/entity/monster/Strider;} {} {V}
[08May2025 23:48:14.967] [main/DEBUG] [cpw.mods.modlauncher.TransformStore/MODLAUNCHER]: Adding transformer net.minecraftforge.coremod.transformer.CoreModClassTransformer@2e32fc22 to Target : CLASS {Lnet/minecraft/world/entity/raid/Raid;} {} {V}
[08May2025 23:48:14.967] [main/DEBUG] [cpw.mods.modlauncher.TransformStore/MODLAUNCHER]: Adding transformer net.minecraftforge.coremod.transformer.CoreModClassTransformer@2e32fc22 to Target : CLASS {Lnet/minecraft/world/level/levelgen/structure/structures/WoodlandMansionPieces$WoodlandMansionPiece;} {} {V}
[08May2025 23:48:14.967] [main/DEBUG] [cpw.mods.modlauncher.TransformStore/MODLAUNCHER]: Adding transformer net.minecraftforge.coremod.transformer.CoreModClassTransformer@2e32fc22 to Target : CLASS {Lnet/minecraft/server/commands/RaidCommand;} {} {V}
[08May2025 23:48:14.967] [main/DEBUG] [cpw.mods.modlauncher.TransformStore/MODLAUNCHER]: Adding transformer net.minecraftforge.coremod.transformer.CoreModClassTransformer@2e32fc22 to Target : CLASS {Lnet/minecraft/world/level/NaturalSpawner;} {} {V}
[08May2025 23:48:14.967] [main/DEBUG] [cpw.mods.modlauncher.TransformStore/MODLAUNCHER]: Adding transformer net.minecraftforge.coremod.transformer.CoreModClassTransformer@2e32fc22 to Target : CLASS {Lnet/minecraft/world/entity/animal/horse/SkeletonTrapGoal;} {} {V}
[08May2025 23:48:14.967] [main/DEBUG] [cpw.mods.modlauncher.TransformStore/MODLAUNCHER]: Adding transformer net.minecraftforge.coremod.transformer.CoreModClassTransformer@2e32fc22 to Target : CLASS {Lnet/minecraft/world/level/levelgen/PatrolSpawner;} {} {V}
[08May2025 23:48:14.968] [main/DEBUG] [cpw.mods.modlauncher.TransformStore/MODLAUNCHER]: Adding transformer net.minecraftforge.coremod.transformer.CoreModClassTransformer@2e32fc22 to Target : CLASS {Lnet/minecraft/world/entity/animal/frog/Tadpole;} {} {V}
[08May2025 23:48:14.968] [main/DEBUG] [cpw.mods.modlauncher.TransformStore/MODLAUNCHER]: Adding transformer net.minecraftforge.coremod.transformer.CoreModClassTransformer@2e32fc22 to Target : CLASS {Lnet/minecraft/server/commands/SummonCommand;} {} {V}
[08May2025 23:48:14.968] [main/DEBUG] [cpw.mods.modlauncher.TransformStore/MODLAUNCHER]: Adding transformer net.minecraftforge.coremod.transformer.CoreModClassTransformer@2e32fc22 to Target : CLASS {Lnet/minecraft/world/entity/ai/village/VillageSiege;} {} {V}
[08May2025 23:48:14.968] [main/DEBUG] [cpw.mods.modlauncher.TransformStore/MODLAUNCHER]: Adding transformer net.minecraftforge.coremod.transformer.CoreModClassTransformer@2e32fc22 to Target : CLASS {Lnet/minecraft/world/entity/monster/ZombieVillager;} {} {V}
[08May2025 23:48:14.968] [main/DEBUG] [cpw.mods.modlauncher.TransformStore/MODLAUNCHER]: Adding transformer net.minecraftforge.coremod.transformer.CoreModClassTransformer@2e32fc22 to Target : CLASS {Lnet/minecraft/world/entity/EntityType;} {} {V}
[08May2025 23:48:14.968] [main/DEBUG] [cpw.mods.modlauncher.TransformStore/MODLAUNCHER]: Adding transformer net.minecraftforge.coremod.transformer.CoreModClassTransformer@2e32fc22 to Target : CLASS {Lnet/minecraft/world/entity/monster/Spider;} {} {V}
[08May2025 23:48:14.968] [main/DEBUG] [cpw.mods.modlauncher.TransformStore/MODLAUNCHER]: Adding transformer net.minecraftforge.coremod.transformer.CoreModClassTransformer@2e32fc22 to Target : CLASS {Lnet/minecraft/world/entity/monster/Zombie;} {} {V}
[08May2025 23:48:14.968] [main/DEBUG] [cpw.mods.modlauncher.TransformStore/MODLAUNCHER]: Adding transformer net.minecraftforge.coremod.transformer.CoreModClassTransformer@2e32fc22 to Target : CLASS {Lnet/minecraft/world/level/levelgen/structure/structures/OceanMonumentPieces$OceanMonumentPiece;} {} {V}
[08May2025 23:48:14.968] [main/DEBUG] [cpw.mods.modlauncher.TransformStore/MODLAUNCHER]: Adding transformer net.minecraftforge.coremod.transformer.CoreModClassTransformer@2e32fc22 to Target : CLASS {Lnet/minecraft/world/level/levelgen/PhantomSpawner;} {} {V}
[08May2025 23:48:14.968] [main/DEBUG] [cpw.mods.modlauncher.TransformStore/MODLAUNCHER]: Adding transformer net.minecraftforge.coremod.transformer.CoreModClassTransformer@2e32fc22 to Target : CLASS {Lnet/minecraft/world/entity/npc/CatSpawner;} {} {V}
[08May2025 23:48:14.969] [main/DEBUG] [cpw.mods.modlauncher.TransformStore/MODLAUNCHER]: Adding transformer net.minecraftforge.coremod.transformer.CoreModClassTransformer@2e32fc22 to Target : CLASS {Lnet/minecraft/world/level/levelgen/structure/structures/OceanRuinPieces$OceanRuinPiece;} {} {V}
[08May2025 23:48:14.969] [main/DEBUG] [cpw.mods.modlauncher.TransformationServiceDecorator/MODLAUNCHER]: Initialized transformers for transformation service fml
[08May2025 23:48:15.420] [main/DEBUG] [mixin/]: Processing prepare() for PlatformAgent[MixinPlatformAgentDefault:ModLauncher Root Container(ModLauncher:4f56a0a2)]
[08May2025 23:48:15.420] [main/DEBUG] [mixin/]: Processing launch tasks for PlatformAgent[MixinPlatformAgentDefault:ModLauncher Root Container(ModLauncher:4f56a0a2)]
[08May2025 23:48:15.421] [main/DEBUG] [mixin/]: Adding mixin platform agents for container SecureJarResource(minecraft)
[08May2025 23:48:15.421] [main/DEBUG] [mixin/]: Instancing new MixinPlatformAgentMinecraftForge for SecureJarResource(minecraft)
[08May2025 23:48:15.421] [main/DEBUG] [mixin/]: MixinPlatformAgentMinecraftForge rejected container SecureJarResource(minecraft)
[08May2025 23:48:15.421] [main/DEBUG] [mixin/]: Instancing new MixinPlatformAgentDefault for SecureJarResource(minecraft)
[08May2025 23:48:15.421] [main/DEBUG] [mixin/]: MixinPlatformAgentDefault accepted container SecureJarResource(minecraft)
[08May2025 23:48:15.421] [main/DEBUG] [mixin/]: Processing prepare() for PlatformAgent[MixinPlatformAgentDefault:SecureJarResource(minecraft)]
[08May2025 23:48:15.421] [main/DEBUG] [mixin/]: Adding mixin platform agents for container SecureJarResource(mixinextras)
[08May2025 23:48:15.421] [main/DEBUG] [mixin/]: Instancing new MixinPlatformAgentMinecraftForge for SecureJarResource(mixinextras)
[08May2025 23:48:15.421] [main/DEBUG] [mixin/]: MixinPlatformAgentMinecraftForge rejected container SecureJarResource(mixinextras)
[08May2025 23:48:15.421] [main/DEBUG] [mixin/]: Instancing new MixinPlatformAgentDefault for SecureJarResource(mixinextras)
[08May2025 23:48:15.422] [main/DEBUG] [mixin/]: MixinPlatformAgentDefault accepted container SecureJarResource(mixinextras)
[08May2025 23:48:15.422] [main/DEBUG] [mixin/]: Processing prepare() for PlatformAgent[MixinPlatformAgentDefault:SecureJarResource(mixinextras)]
[08May2025 23:48:15.422] [main/DEBUG] [mixin/]: Registering mixin config: mixinextras.init.mixins.json
[08May2025 23:48:15.436] [main/DEBUG] [mixin/]: Adding mixin platform agents for container SecureJarResource(terrablender)
[08May2025 23:48:15.436] [main/DEBUG] [mixin/]: Instancing new MixinPlatformAgentMinecraftForge for SecureJarResource(terrablender)
[08May2025 23:48:15.436] [main/DEBUG] [mixin/]: MixinPlatformAgentMinecraftForge rejected container SecureJarResource(terrablender)
[08May2025 23:48:15.436] [main/DEBUG] [mixin/]: Instancing new MixinPlatformAgentDefault for SecureJarResource(terrablender)
[08May2025 23:48:15.436] [main/DEBUG] [mixin/]: MixinPlatformAgentDefault accepted container SecureJarResource(terrablender)
[08May2025 23:48:15.436] [main/DEBUG] [mixin/]: Processing prepare() for PlatformAgent[MixinPlatformAgentDefault:SecureJarResource(terrablender)]
[08May2025 23:48:15.436] [main/DEBUG] [mixin/]: Registering mixin config: terrablender.mixins.json
[08May2025 23:48:15.438] [main/DEBUG] [mixin/]: Compatibility level JAVA_17 specified by terrablender.mixins.json is higher than the maximum level supported by this version of mixin (JAVA_13).
[08May2025 23:48:15.439] [main/INFO] [mixin/]: Compatibility level set to JAVA_17
[08May2025 23:48:15.439] [main/DEBUG] [mixin/]: Registering mixin config: terrablender_forge.mixins.json
[08May2025 23:48:15.440] [main/DEBUG] [mixin/]: Adding mixin platform agents for container SecureJarResource(geckolib)
[08May2025 23:48:15.440] [main/DEBUG] [mixin/]: Instancing new MixinPlatformAgentMinecraftForge for SecureJarResource(geckolib)
[08May2025 23:48:15.440] [main/DEBUG] [mixin/]: MixinPlatformAgentMinecraftForge rejected container SecureJarResource(geckolib)
[08May2025 23:48:15.440] [main/DEBUG] [mixin/]: Instancing new MixinPlatformAgentDefault for SecureJarResource(geckolib)
[08May2025 23:48:15.440] [main/DEBUG] [mixin/]: MixinPlatformAgentDefault accepted container SecureJarResource(geckolib)
[08May2025 23:48:15.441] [main/DEBUG] [mixin/]: Processing prepare() for PlatformAgent[MixinPlatformAgentDefault:SecureJarResource(geckolib)]
[08May2025 23:48:15.441] [main/DEBUG] [mixin/]: Registering mixin config: geckolib.mixins.json
[08May2025 23:48:15.442] [main/DEBUG] [mixin/]: Adding mixin platform agents for container SecureJarResource(playeranimator)
[08May2025 23:48:15.442] [main/DEBUG] [mixin/]: Instancing new MixinPlatformAgentMinecraftForge for SecureJarResource(playeranimator)
[08May2025 23:48:15.442] [main/DEBUG] [mixin/]: MixinPlatformAgentMinecraftForge rejected container SecureJarResource(playeranimator)
[08May2025 23:48:15.442] [main/DEBUG] [mixin/]: Instancing new MixinPlatformAgentDefault for SecureJarResource(playeranimator)
[08May2025 23:48:15.442] [main/DEBUG] [mixin/]: MixinPlatformAgentDefault accepted container SecureJarResource(playeranimator)
[08May2025 23:48:15.442] [main/DEBUG] [mixin/]: Processing prepare() for PlatformAgent[MixinPlatformAgentDefault:SecureJarResource(playeranimator)]
[08May2025 23:48:15.442] [main/DEBUG] [mixin/]: Registering mixin config: playerAnimator-common.mixins.json
[08May2025 23:48:15.443] [main/DEBUG] [mixin/]: Compatibility level JAVA_16 specified by playerAnimator-common.mixins.json is higher than the maximum level supported by this version of mixin (JAVA_13).
[08May2025 23:48:15.444] [main/DEBUG] [mixin/]: Adding mixin platform agents for container SecureJarResource(codexa)
[08May2025 23:48:15.444] [main/DEBUG] [mixin/]: Instancing new MixinPlatformAgentMinecraftForge for SecureJarResource(codexa)
[08May2025 23:48:15.444] [main/DEBUG] [mixin/]: MixinPlatformAgentMinecraftForge rejected container SecureJarResource(codexa)
[08May2025 23:48:15.444] [main/DEBUG] [mixin/]: Instancing new MixinPlatformAgentDefault for SecureJarResource(codexa)
[08May2025 23:48:15.444] [main/DEBUG] [mixin/]: MixinPlatformAgentDefault accepted container SecureJarResource(codexa)
[08May2025 23:48:15.444] [main/DEBUG] [mixin/]: Processing prepare() for PlatformAgent[MixinPlatformAgentDefault:SecureJarResource(codexa)]
[08May2025 23:48:15.444] [main/DEBUG] [mixin/]: Adding mixin platform agents for container SecureJarResource(jei)
[08May2025 23:48:15.444] [main/DEBUG] [mixin/]: Instancing new MixinPlatformAgentMinecraftForge for SecureJarResource(jei)
[08May2025 23:48:15.444] [main/DEBUG] [mixin/]: MixinPlatformAgentMinecraftForge rejected container SecureJarResource(jei)
[08May2025 23:48:15.444] [main/DEBUG] [mixin/]: Instancing new MixinPlatformAgentDefault for SecureJarResource(jei)
[08May2025 23:48:15.445] [main/DEBUG] [mixin/]: MixinPlatformAgentDefault accepted container SecureJarResource(jei)
[08May2025 23:48:15.445] [main/DEBUG] [mixin/]: Processing prepare() for PlatformAgent[MixinPlatformAgentDefault:SecureJarResource(jei)]
[08May2025 23:48:15.445] [main/DEBUG] [mixin/]: Adding mixin platform agents for container SecureJarResource(cloth_config)
[08May2025 23:48:15.445] [main/DEBUG] [mixin/]: Instancing new MixinPlatformAgentMinecraftForge for SecureJarResource(cloth_config)
[08May2025 23:48:15.445] [main/DEBUG] [mixin/]: MixinPlatformAgentMinecraftForge rejected container SecureJarResource(cloth_config)
[08May2025 23:48:15.445] [main/DEBUG] [mixin/]: Instancing new MixinPlatformAgentDefault for SecureJarResource(cloth_config)
[08May2025 23:48:15.445] [main/DEBUG] [mixin/]: MixinPlatformAgentDefault accepted container SecureJarResource(cloth_config)
[08May2025 23:48:15.445] [main/DEBUG] [mixin/]: Processing prepare() for PlatformAgent[MixinPlatformAgentDefault:SecureJarResource(cloth_config)]
[08May2025 23:48:15.445] [main/DEBUG] [mixin/]: Adding mixin platform agents for container SecureJarResource(bettercombat)
[08May2025 23:48:15.445] [main/DEBUG] [mixin/]: Instancing new MixinPlatformAgentMinecraftForge for SecureJarResource(bettercombat)
[08May2025 23:48:15.445] [main/DEBUG] [mixin/]: MixinPlatformAgentMinecraftForge rejected container SecureJarResource(bettercombat)
[08May2025 23:48:15.445] [main/DEBUG] [mixin/]: Instancing new MixinPlatformAgentDefault for SecureJarResource(bettercombat)
[08May2025 23:48:15.446] [main/DEBUG] [mixin/]: MixinPlatformAgentDefault accepted container SecureJarResource(bettercombat)
[08May2025 23:48:15.446] [main/DEBUG] [mixin/]: Processing prepare() for PlatformAgent[MixinPlatformAgentDefault:SecureJarResource(bettercombat)]
[08May2025 23:48:15.446] [main/DEBUG] [mixin/]: Registering mixin config: bettercombat.mixins.json
[08May2025 23:48:15.447] [main/DEBUG] [mixin/]: Adding mixin platform agents for container SecureJarResource(forge)
[08May2025 23:48:15.447] [main/DEBUG] [mixin/]: Instancing new MixinPlatformAgentMinecraftForge for SecureJarResource(forge)
[08May2025 23:48:15.447] [main/DEBUG] [mixin/]: MixinPlatformAgentMinecraftForge rejected container SecureJarResource(forge)
[08May2025 23:48:15.447] [main/DEBUG] [mixin/]: Instancing new MixinPlatformAgentDefault for SecureJarResource(forge)
[08May2025 23:48:15.447] [main/DEBUG] [mixin/]: MixinPlatformAgentDefault accepted container SecureJarResource(forge)
[08May2025 23:48:15.447] [main/DEBUG] [mixin/]: Processing prepare() for PlatformAgent[MixinPlatformAgentDefault:SecureJarResource(forge)]
[08May2025 23:48:15.447] [main/DEBUG] [mixin/]: Adding mixin platform agents for container SecureJarResource(curios)
[08May2025 23:48:15.447] [main/DEBUG] [mixin/]: Instancing new MixinPlatformAgentMinecraftForge for SecureJarResource(curios)
[08May2025 23:48:15.447] [main/DEBUG] [mixin/]: MixinPlatformAgentMinecraftForge rejected container SecureJarResource(curios)
[08May2025 23:48:15.447] [main/DEBUG] [mixin/]: Instancing new MixinPlatformAgentDefault for SecureJarResource(curios)
[08May2025 23:48:15.447] [main/DEBUG] [mixin/]: MixinPlatformAgentDefault accepted container SecureJarResource(curios)
[08May2025 23:48:15.447] [main/DEBUG] [mixin/]: Processing prepare() for PlatformAgent[MixinPlatformAgentDefault:SecureJarResource(curios)]
[08May2025 23:48:15.447] [main/DEBUG] [mixin/]: Registering mixin config: curios.mixins.json
[08May2025 23:48:15.448] [main/DEBUG] [mixin/]: Adding mixin platform agents for container SecureJarResource(MixinExtras)
[08May2025 23:48:15.448] [main/DEBUG] [mixin/]: Instancing new MixinPlatformAgentMinecraftForge for SecureJarResource(MixinExtras)
[08May2025 23:48:15.449] [main/DEBUG] [mixin/]: MixinPlatformAgentMinecraftForge rejected container SecureJarResource(MixinExtras)
[08May2025 23:48:15.449] [main/DEBUG] [mixin/]: Instancing new MixinPlatformAgentDefault for SecureJarResource(MixinExtras)
[08May2025 23:48:15.449] [main/DEBUG] [mixin/]: MixinPlatformAgentDefault accepted container SecureJarResource(MixinExtras)
[08May2025 23:48:15.449] [main/DEBUG] [mixin/]: Processing prepare() for PlatformAgent[MixinPlatformAgentDefault:SecureJarResource(MixinExtras)]
[08May2025 23:48:15.449] [main/DEBUG] [mixin/]: Adding mixin platform agents for container SecureJarResource(mclib)
[08May2025 23:48:15.449] [main/DEBUG] [mixin/]: Instancing new MixinPlatformAgentMinecraftForge for SecureJarResource(mclib)
[08May2025 23:48:15.449] [main/DEBUG] [mixin/]: MixinPlatformAgentMinecraftForge rejected container SecureJarResource(mclib)
[08May2025 23:48:15.449] [main/DEBUG] [mixin/]: Instancing new MixinPlatformAgentDefault for SecureJarResource(mclib)
[08May2025 23:48:15.449] [main/DEBUG] [mixin/]: MixinPlatformAgentDefault accepted container SecureJarResource(mclib)
[08May2025 23:48:15.449] [main/DEBUG] [mixin/]: Processing prepare() for PlatformAgent[MixinPlatformAgentDefault:SecureJarResource(mclib)]
[08May2025 23:48:15.449] [main/DEBUG] [mixin/]: inject() running with 14 agents
[08May2025 23:48:15.449] [main/DEBUG] [mixin/]: Processing inject() for PlatformAgent[MixinPlatformAgentDefault:ModLauncher Root Container(ModLauncher:4f56a0a2)]
[08May2025 23:48:15.450] [main/DEBUG] [mixin/]: Processing inject() for PlatformAgent[MixinPlatformAgentDefault:SecureJarResource(minecraft)]
[08May2025 23:48:15.450] [main/DEBUG] [mixin/]: Processing inject() for PlatformAgent[MixinPlatformAgentDefault:SecureJarResource(mixinextras)]
[08May2025 23:48:15.450] [main/DEBUG] [mixin/]: Processing inject() for PlatformAgent[MixinPlatformAgentDefault:SecureJarResource(terrablender)]
[08May2025 23:48:15.450] [main/DEBUG] [mixin/]: Processing inject() for PlatformAgent[MixinPlatformAgentDefault:SecureJarResource(geckolib)]
[08May2025 23:48:15.450] [main/DEBUG] [mixin/]: Processing inject() for PlatformAgent[MixinPlatformAgentDefault:SecureJarResource(playeranimator)]
[08May2025 23:48:15.450] [main/DEBUG] [mixin/]: Processing inject() for PlatformAgent[MixinPlatformAgentDefault:SecureJarResource(codexa)]
[08May2025 23:48:15.450] [main/DEBUG] [mixin/]: Processing inject() for PlatformAgent[MixinPlatformAgentDefault:SecureJarResource(jei)]
[08May2025 23:48:15.450] [main/DEBUG] [mixin/]: Processing inject() for PlatformAgent[MixinPlatformAgentDefault:SecureJarResource(cloth_config)]
[08May2025 23:48:15.450] [main/DEBUG] [mixin/]: Processing inject() for PlatformAgent[MixinPlatformAgentDefault:SecureJarResource(bettercombat)]
[08May2025 23:48:15.450] [main/DEBUG] [mixin/]: Processing inject() for PlatformAgent[MixinPlatformAgentDefault:SecureJarResource(forge)]
[08May2025 23:48:15.450] [main/DEBUG] [mixin/]: Processing inject() for PlatformAgent[MixinPlatformAgentDefault:SecureJarResource(curios)]
[08May2025 23:48:15.451] [main/DEBUG] [mixin/]: Processing inject() for PlatformAgent[MixinPlatformAgentDefault:SecureJarResource(MixinExtras)]
[08May2025 23:48:15.451] [main/DEBUG] [mixin/]: Processing inject() for PlatformAgent[MixinPlatformAgentDefault:SecureJarResource(mclib)]
[08May2025 23:48:15.451] [main/INFO] [cpw.mods.modlauncher.LaunchServiceHandler/MODLAUNCHER]: Launching target 'forgeclientuserdev' with arguments [--version, MOD_DEV, --gameDir, ., --assetsDir, C:\Users\chris\.gradle\caches\forge_gradle\assets, --assetIndex, 5, --width, 1600, --height, 900]
[08May2025 23:48:15.523] [main/DEBUG] [mixin/]: Error cleaning class output directory: .mixin.out
[08May2025 23:48:15.525] [main/DEBUG] [mixin/]: Preparing mixins for MixinEnvironment[DEFAULT]
[08May2025 23:48:15.525] [main/DEBUG] [mixin/]: Selecting config mixinextras.init.mixins.json
[08May2025 23:48:15.550] [main/DEBUG] [MixinExtras|Service/]: com.llamalad7.mixinextras.service.MixinExtrasServiceImpl(version=0.4.1) is taking over from null
[08May2025 23:48:15.578] [main/DEBUG] [mixin/]: Registering new injector for @Inject with org.spongepowered.asm.mixin.injection.struct.CallbackInjectionInfo
[08May2025 23:48:15.580] [main/DEBUG] [mixin/]: Registering new injector for @ModifyArg with org.spongepowered.asm.mixin.injection.struct.ModifyArgInjectionInfo
[08May2025 23:48:15.580] [main/DEBUG] [mixin/]: Registering new injector for @ModifyArgs with org.spongepowered.asm.mixin.injection.struct.ModifyArgsInjectionInfo
[08May2025 23:48:15.582] [main/DEBUG] [mixin/]: Registering new injector for @Redirect with org.spongepowered.asm.mixin.injection.struct.RedirectInjectionInfo
[08May2025 23:48:15.583] [main/DEBUG] [mixin/]: Registering new injector for @ModifyVariable with org.spongepowered.asm.mixin.injection.struct.ModifyVariableInjectionInfo
[08May2025 23:48:15.585] [main/DEBUG] [mixin/]: Registering new injector for @ModifyConstant with org.spongepowered.asm.mixin.injection.struct.ModifyConstantInjectionInfo
[08May2025 23:48:15.594] [main/DEBUG] [mixin/]: Selecting config terrablender.mixins.json
[08May2025 23:48:15.881] [main/INFO] [mixin/]: Remapping refMap terrablender.refmap.json using F:\Programming_Projects\Java\Minecraft_Mod/build/createSrgToMcp/output.srg
[08May2025 23:48:15.881] [main/DEBUG] [mixin/]: Selecting config terrablender_forge.mixins.json
[08May2025 23:48:15.883] [main/INFO] [mixin/]: Remapping refMap terrablender.refmap.json using F:\Programming_Projects\Java\Minecraft_Mod/build/createSrgToMcp/output.srg
[08May2025 23:48:15.883] [main/DEBUG] [mixin/]: Selecting config geckolib.mixins.json
[08May2025 23:48:15.884] [main/INFO] [mixin/]: Remapping refMap geckolib.refmap.json using F:\Programming_Projects\Java\Minecraft_Mod/build/createSrgToMcp/output.srg
[08May2025 23:48:15.884] [main/DEBUG] [mixin/]: Selecting config playerAnimator-common.mixins.json
[08May2025 23:48:15.886] [main/INFO] [mixin/]: Remapping refMap player-animation-lib-minecraft_common-refmap.json using F:\Programming_Projects\Java\Minecraft_Mod/build/createSrgToMcp/output.srg
[08May2025 23:48:15.886] [main/DEBUG] [mixin/]: Selecting config bettercombat.mixins.json
[08May2025 23:48:15.888] [main/INFO] [mixin/]: Remapping refMap bettercombat-common-common-refmap.json using F:\Programming_Projects\Java\Minecraft_Mod/build/createSrgToMcp/output.srg
[08May2025 23:48:15.888] [main/DEBUG] [mixin/]: Selecting config curios.mixins.json
[08May2025 23:48:15.889] [main/INFO] [mixin/]: Remapping refMap curios.refmap.json using F:\Programming_Projects\Java\Minecraft_Mod/build/createSrgToMcp/output.srg
[08May2025 23:48:15.889] [main/DEBUG] [mixin/]: Preparing mixinextras.init.mixins.json (0)
[08May2025 23:48:15.890] [main/DEBUG] [mixin/]: Preparing terrablender.mixins.json (7)
[08May2025 23:48:15.935] [main/DEBUG] [mixin/]: Preparing terrablender_forge.mixins.json (0)
[08May2025 23:48:15.936] [main/DEBUG] [mixin/]: Preparing geckolib.mixins.json (1)
[08May2025 23:48:15.941] [main/DEBUG] [mixin/]: Preparing playerAnimator-common.mixins.json (14)
[08May2025 23:48:15.991] [main/DEBUG] [mixin/]: Preparing bettercombat.mixins.json (17)
[08May2025 23:48:15.997] [main/DEBUG] [net.minecraftforge.coremod.transformer.CoreModBaseTransformer/COREMOD]: Transforming net/minecraft/world/item/ItemStack
[08May2025 23:48:16.074] [main/DEBUG] [mixin/]: Preparing curios.mixins.json (13)
[08May2025 23:48:16.151] [main/DEBUG] [mixin/]: Prepared 51 mixins in 0.625 sec (12.3ms avg) (0ms load, 0ms transform, 0ms plugin)
[08May2025 23:48:16.166] [main/INFO] [MixinExtras|Service/]: Initializing MixinExtras via com.llamalad7.mixinextras.service.MixinExtrasServiceImpl(version=0.4.1).
[08May2025 23:48:16.167] [main/DEBUG] [mixin/]: Registering new injector for @SugarWrapper with com.llamalad7.mixinextras.sugar.impl.SugarWrapperInjectionInfo
[08May2025 23:48:16.168] [main/DEBUG] [mixin/]: Registering new injector for @FactoryRedirectWrapper with com.llamalad7.mixinextras.wrapper.factory.FactoryRedirectWrapperInjectionInfo
[08May2025 23:48:16.171] [main/DEBUG] [mixin/]: Mixing client.MinecraftClientAccessor from bettercombat.mixins.json into net.minecraft.client.Minecraft
[08May2025 23:48:16.208] [main/DEBUG] [mixin/]: Mixing client.MinecraftClientInject from bettercombat.mixins.json into net.minecraft.client.Minecraft
[08May2025 23:48:16.210] [main/DEBUG] [mixin/]: Renaming synthetic method lambda$performAttack$2(Lnet/bettercombat/api/AttackHand;Ljava/util/List;Lnet/minecraft/world/entity/Entity;Lnet/bettercombat/api/client/BetterCombatClientEvents$PlayerAttackHit;)V to md258a79$lambda$performAttack$2$0 in bettercombat.mixins.json:client.MinecraftClientInject
[08May2025 23:48:16.210] [main/DEBUG] [mixin/]: Renaming synthetic method lambda$startUpswing$1(Lnet/bettercombat/api/AttackHand;Lnet/bettercombat/api/client/BetterCombatClientEvents$PlayerAttackStart;)V to md258a79$lambda$startUpswing$1$1 in bettercombat.mixins.json:client.MinecraftClientInject
[08May2025 23:48:16.210] [main/DEBUG] [mixin/]: Renaming synthetic method lambda$setupTextRenderer$0(Lnet/minecraft/client/gui/GuiGraphics;F)V to md258a79$lambda$setupTextRenderer$0$2 in bettercombat.mixins.json:client.MinecraftClientInject
[08May2025 23:48:16.653] [main/DEBUG] [io.netty.util.internal.logging.InternalLoggerFactory/]: Using SLF4J as the default logging framework
[08May2025 23:48:16.658] [main/DEBUG] [io.netty.util.ResourceLeakDetector/]: -Dio.netty.leakDetection.level: simple
[08May2025 23:48:16.658] [main/DEBUG] [io.netty.util.ResourceLeakDetector/]: -Dio.netty.leakDetection.targetRecords: 4
[08May2025 23:48:16.733] [main/DEBUG] [oshi.util.FileUtil/]: No oshi.properties file found from ClassLoader cpw.mods.modlauncher.TransformingClassLoader@4ceff87d
[08May2025 23:48:16.982] [main/DEBUG] [oshi.util.FileUtil/]: No oshi.architecture.properties file found from ClassLoader cpw.mods.modlauncher.TransformingClassLoader@4ceff87d
[08May2025 23:48:17.990] [pool-4-thread-1/DEBUG] [mixin/]: Mixing MixinBuiltInRegistries from terrablender.mixins.json into net.minecraft.core.registries.BuiltInRegistries
[08May2025 23:48:17.990] [pool-4-thread-1/DEBUG] [mixin/]: Renaming synthetic method lambda$registerSimple$0(Lnet/minecraft/core/registries/BuiltInRegistries$RegistryBootstrap;Lnet/minecraft/core/Registry;)Ljava/lang/Object; to md258a79$lambda$registerSimple$0$0 in terrablender.mixins.json:MixinBuiltInRegistries
[08May2025 23:48:18.062] [pool-4-thread-1/DEBUG] [mixin/]: Mixing AccessorEntity from curios.mixins.json into net.minecraft.world.entity.Entity
[08May2025 23:48:18.084] [pool-4-thread-1/DEBUG] [mixin/]: Mixing LivingEntityAccessor from bettercombat.mixins.json into net.minecraft.world.entity.LivingEntity
[08May2025 23:48:18.091] [pool-4-thread-1/DEBUG] [mixin/]: Mixing LivingEntityMixin from bettercombat.mixins.json into net.minecraft.world.entity.LivingEntity
[08May2025 23:48:18.092] [pool-4-thread-1/DEBUG] [mixin/]: Renaming synthetic method lambda$getAttributeValue_Inject$0(Lnet/minecraft/world/entity/player/Player;Lnet/minecraft/world/entity/ai/attributes/Attribute;Lorg/spongepowered/asm/mixin/injection/callback/CallbackInfoReturnable;)V to md258a79$lambda$getAttributeValue_Inject$0$0 in bettercombat.mixins.json:LivingEntityMixin
[08May2025 23:48:18.094] [pool-4-thread-1/DEBUG] [mixin/]: Mixing MixinLivingEntity from curios.mixins.json into net.minecraft.world.entity.LivingEntity
[08May2025 23:48:18.149] [pool-4-thread-1/DEBUG] [mixin/]: Mixing PlayerEntityMixin from playerAnimator-common.mixins.json into net.minecraft.world.entity.player.Player
[08May2025 23:48:18.149] [pool-4-thread-1/DEBUG] [mixin/]: playerAnimator-common.mixins.json:PlayerEntityMixin: Class version 61 required is higher than the class version supported by the current version of Mixin (JAVA_16 supports class version 60)
[08May2025 23:48:18.156] [pool-4-thread-1/DEBUG] [mixin/]: Mixing PlayerEntityAccessor from bettercombat.mixins.json into net.minecraft.world.entity.player.Player
[08May2025 23:48:18.160] [pool-4-thread-1/DEBUG] [mixin/]: Mixing PlayerEntityMixin from bettercombat.mixins.json into net.minecraft.world.entity.player.Player
[08May2025 23:48:18.263] [pool-4-thread-1/DEBUG] [net.minecraftforge.coremod.transformer.CoreModBaseTransformer/COREMOD]: Transforming net/minecraft/world/entity/EntityType
[08May2025 23:48:18.516] [pool-4-thread-1/DEBUG] [mixin/]: Mixing EnchantmentMixin from bettercombat.mixins.json into net.minecraft.world.item.enchantment.Enchantment
[08May2025 23:48:18.666] [pool-4-thread-1/DEBUG] [net.minecraftforge.coremod.transformer.CoreModBaseTransformer/COREMOD]: Transforming net/minecraft/world/level/block/LiquidBlock
[08May2025 23:48:18.689] [pool-4-thread-1/DEBUG] [net.minecraftforge.coremod.transformer.CoreModBaseTransformer/COREMOD]: Transforming net/minecraft/world/level/block/StairBlock
[08May2025 23:48:18.737] [pool-4-thread-1/DEBUG] [net.minecraftforge.coremod.transformer.CoreModBaseTransformer/COREMOD]: Transforming net/minecraft/world/level/block/FlowerPotBlock
[08May2025 23:48:18.779] [pool-4-thread-1/DEBUG] [mixin/]: Mixing MixinPowderSnowBlock from curios.mixins.json into net.minecraft.world.level.block.PowderSnowBlock
[08May2025 23:48:19.206] [pool-4-thread-1/DEBUG] [net.minecraftforge.coremod.transformer.CoreModBaseTransformer/COREMOD]: Transforming net/minecraft/world/item/ItemStack
[08May2025 23:48:19.207] [pool-4-thread-1/DEBUG] [mixin/]: Mixing ItemStackMixin from bettercombat.mixins.json into net.minecraft.world.item.ItemStack
[08May2025 23:48:19.642] [pool-4-thread-1/DEBUG] [net.minecraftforge.coremod.transformer.CoreModBaseTransformer/COREMOD]: Transforming net/minecraft/world/entity/animal/frog/Tadpole
[08May2025 23:48:19.676] [pool-4-thread-1/DEBUG] [mixin/]: Mixing RangedWeaponItemMixin from bettercombat.mixins.json into net.minecraft.world.item.ProjectileWeaponItem
[08May2025 23:48:19.705] [pool-4-thread-1/DEBUG] [net.minecraftforge.coremod.transformer.CoreModBaseTransformer/COREMOD]: Transforming net/minecraft/world/item/BucketItem
[08May2025 23:48:19.717] [pool-4-thread-1/DEBUG] [mixin/]: Mixing MixinShearsItem from curios.mixins.json into net.minecraft.world.item.ShearsItem
[08May2025 23:48:20.317] [pool-4-thread-1/DEBUG] [net.minecraftforge.coremod.transformer.CoreModBaseTransformer/COREMOD]: Transforming net/minecraft/world/entity/monster/Spider
[08May2025 23:48:20.361] [pool-4-thread-1/DEBUG] [net.minecraftforge.coremod.transformer.CoreModBaseTransformer/COREMOD]: Transforming net/minecraft/world/entity/monster/Zombie
[08May2025 23:48:20.374] [Datafixer Bootstrap/INFO] [com.mojang.datafixers.DataFixerBuilder/]: 188 Datafixer optimizations took 117 milliseconds
[08May2025 23:48:20.393] [pool-4-thread-1/DEBUG] [net.minecraftforge.coremod.transformer.CoreModBaseTransformer/COREMOD]: Transforming net/minecraft/world/entity/monster/ZombieVillager
[08May2025 23:48:20.443] [pool-4-thread-1/DEBUG] [net.minecraftforge.coremod.transformer.CoreModBaseTransformer/COREMOD]: Transforming net/minecraft/world/entity/monster/Evoker$EvokerSummonSpellGoal
[08May2025 23:48:20.528] [pool-4-thread-1/DEBUG] [net.minecraftforge.coremod.transformer.CoreModBaseTransformer/COREMOD]: Transforming net/minecraft/world/entity/animal/horse/SkeletonTrapGoal
[08May2025 23:48:20.544] [pool-4-thread-1/DEBUG] [net.minecraftforge.coremod.transformer.CoreModBaseTransformer/COREMOD]: Transforming net/minecraft/world/entity/monster/Strider
[08May2025 23:48:20.615] [pool-4-thread-1/DEBUG] [net.minecraftforge.coremod.transformer.CoreModBaseTransformer/COREMOD]: Transforming net/minecraft/world/entity/npc/Villager
[08May2025 23:48:20.673] [pool-4-thread-1/DEBUG] [net.minecraftforge.coremod.transformer.CoreModBaseTransformer/COREMOD]: Transforming net/minecraft/world/effect/MobEffectInstance
[08May2025 23:48:20.700] [pool-4-thread-1/DEBUG] [mixin/]: Mixing ServerPlayNetworkHandlerMixin from bettercombat.mixins.json into net.minecraft.server.network.ServerGamePacketListenerImpl
[08May2025 23:48:20.754] [pool-4-thread-1/DEBUG] [mixin/]: Mixing SweepingEnchantmentMixin from bettercombat.mixins.json into net.minecraft.world.item.enchantment.SweepingEdgeEnchantment
[08May2025 23:48:20.819] [pool-4-thread-1/DEBUG] [mixin/]: Mixing MixinInventory from curios.mixins.json into net.minecraft.world.entity.player.Inventory
[08May2025 23:48:20.926] [pool-4-thread-1/DEBUG] [mixin/]: Mixing MixinApplyBonusCount from curios.mixins.json into net.minecraft.world.level.storage.loot.functions.ApplyBonusCount
[08May2025 23:48:21.124] [pool-4-thread-1/DEBUG] [net.minecraftforge.coremod.transformer.CoreModBaseTransformer/COREMOD]: Transforming net/minecraft/world/level/levelgen/structure/Structure
[08May2025 23:48:21.164] [pool-4-thread-1/DEBUG] [net.minecraftforge.coremod.transformer.CoreModBaseTransformer/COREMOD]: Transforming net/minecraft/world/level/levelgen/structure/structures/OceanRuinPieces$OceanRuinPiece
[08May2025 23:48:21.181] [pool-4-thread-1/DEBUG] [net.minecraftforge.coremod.transformer.CoreModBaseTransformer/COREMOD]: Transforming net/minecraft/world/level/levelgen/structure/structures/SwampHutPiece
[08May2025 23:48:21.189] [pool-4-thread-1/DEBUG] [net.minecraftforge.coremod.transformer.CoreModBaseTransformer/COREMOD]: Transforming net/minecraft/world/level/levelgen/structure/structures/OceanMonumentPieces$OceanMonumentPiece
[08May2025 23:48:21.213] [pool-4-thread-1/DEBUG] [net.minecraftforge.coremod.transformer.CoreModBaseTransformer/COREMOD]: Transforming net/minecraft/world/level/levelgen/structure/structures/WoodlandMansionPieces$WoodlandMansionPiece
[08May2025 23:48:21.307] [pool-4-thread-1/DEBUG] [mixin/]: Mixing MixinBiomeSource from terrablender.mixins.json into net.minecraft.world.level.biome.BiomeSource
[08May2025 23:48:21.308] [pool-4-thread-1/DEBUG] [mixin/]: Renaming synthetic method lambda$appendDeferredBiomesList$0(Lcom/google/common/collect/ImmutableList;)Ljava/util/Set; to md258a79$lambda$appendDeferredBiomesList$0$0 in terrablender.mixins.json:MixinBiomeSource
[08May2025 23:48:21.314] [pool-4-thread-1/DEBUG] [net.minecraftforge.coremod.transformer.CoreModBaseTransformer/COREMOD]: Transforming net/minecraft/world/level/biome/Biome
[08May2025 23:48:21.354] [pool-4-thread-1/DEBUG] [mixin/]: Mixing MixinMultiNoiseBiomeSource from terrablender.mixins.json into net.minecraft.world.level.biome.MultiNoiseBiomeSource
[08May2025 23:48:21.363] [pool-4-thread-1/DEBUG] [mixin/]: Mixing MixinParameterList from terrablender.mixins.json into net.minecraft.world.level.biome.Climate$ParameterList
[08May2025 23:48:21.363] [pool-4-thread-1/DEBUG] [mixin/]: Renaming synthetic method lambda$initializeForTerraBlender$0(Lcom/google/common/collect/ImmutableList$Builder;Lnet/minecraft/core/Registry;Lcom/mojang/datafixers/util/Pair;)V to md258a79$lambda$initializeForTerraBlender$0$0 in terrablender.mixins.json:MixinParameterList
[08May2025 23:48:21.392] [pool-4-thread-1/DEBUG] [mixin/]: Mixing MixinNoiseGeneratorSettings from terrablender.mixins.json into net.minecraft.world.level.levelgen.NoiseGeneratorSettings
[08May2025 23:48:21.504] [pool-4-thread-1/DEBUG] [net.minecraftforge.registries.GameData/REGISTRIES]: Creating vanilla freeze snapshot
[08May2025 23:48:21.507] [pool-4-thread-1/DEBUG] [net.minecraftforge.registries.ForgeRegistry/REGISTRIES]: Registry minecraft:block Sync: VANILLA -> ACTIVE
[08May2025 23:48:21.518] [pool-4-thread-1/DEBUG] [net.minecraftforge.registries.ForgeRegistry/REGISTRIES]: Registry minecraft:fluid Sync: VANILLA -> ACTIVE
[08May2025 23:48:21.519] [pool-4-thread-1/DEBUG] [net.minecraftforge.registries.ForgeRegistry/REGISTRIES]: Registry minecraft:item Sync: VANILLA -> ACTIVE
[08May2025 23:48:21.530] [pool-4-thread-1/DEBUG] [net.minecraftforge.registries.ForgeRegistry/REGISTRIES]: Registry minecraft:mob_effect Sync: VANILLA -> ACTIVE
[08May2025 23:48:21.531] [pool-4-thread-1/DEBUG] [net.minecraftforge.registries.ForgeRegistry/REGISTRIES]: Registry minecraft:sound_event Sync: VANILLA -> ACTIVE
[08May2025 23:48:21.542] [pool-4-thread-1/DEBUG] [net.minecraftforge.registries.ForgeRegistry/REGISTRIES]: Registry minecraft:potion Sync: VANILLA -> ACTIVE
[08May2025 23:48:21.543] [pool-4-thread-1/DEBUG] [net.minecraftforge.registries.ForgeRegistry/REGISTRIES]: Registry minecraft:enchantment Sync: VANILLA -> ACTIVE
[08May2025 23:48:21.543] [pool-4-thread-1/DEBUG] [net.minecraftforge.registries.ForgeRegistry/REGISTRIES]: Registry minecraft:entity_type Sync: VANILLA -> ACTIVE
[08May2025 23:48:21.544] [pool-4-thread-1/DEBUG] [net.minecraftforge.registries.ForgeRegistry/REGISTRIES]: Registry minecraft:block_entity_type Sync: VANILLA -> ACTIVE
[08May2025 23:48:21.544] [pool-4-thread-1/DEBUG] [net.minecraftforge.registries.ForgeRegistry/REGISTRIES]: Registry minecraft:particle_type Sync: VANILLA -> ACTIVE
[08May2025 23:48:21.545] [pool-4-thread-1/DEBUG] [net.minecraftforge.registries.ForgeRegistry/REGISTRIES]: Registry minecraft:menu Sync: VANILLA -> ACTIVE
[08May2025 23:48:21.545] [pool-4-thread-1/DEBUG] [net.minecraftforge.registries.ForgeRegistry/REGISTRIES]: Registry minecraft:painting_variant Sync: VANILLA -> ACTIVE
[08May2025 23:48:21.545] [pool-4-thread-1/DEBUG] [net.minecraftforge.registries.ForgeRegistry/REGISTRIES]: Registry minecraft:recipe_type Sync: VANILLA -> ACTIVE
[08May2025 23:48:21.545] [pool-4-thread-1/DEBUG] [net.minecraftforge.registries.ForgeRegistry/REGISTRIES]: Registry minecraft:recipe_serializer Sync: VANILLA -> ACTIVE
[08May2025 23:48:21.546] [pool-4-thread-1/DEBUG] [net.minecraftforge.registries.ForgeRegistry/REGISTRIES]: Registry minecraft:attribute Sync: VANILLA -> ACTIVE
[08May2025 23:48:21.546] [pool-4-thread-1/DEBUG] [net.minecraftforge.registries.ForgeRegistry/REGISTRIES]: Registry minecraft:stat_type Sync: VANILLA -> ACTIVE
[08May2025 23:48:21.546] [pool-4-thread-1/DEBUG] [net.minecraftforge.registries.ForgeRegistry/REGISTRIES]: Registry minecraft:command_argument_type Sync: VANILLA -> ACTIVE
[08May2025 23:48:21.546] [pool-4-thread-1/DEBUG] [net.minecraftforge.registries.ForgeRegistry/REGISTRIES]: Registry minecraft:villager_profession Sync: VANILLA -> ACTIVE
[08May2025 23:48:21.547] [pool-4-thread-1/DEBUG] [net.minecraftforge.registries.ForgeRegistry/REGISTRIES]: Registry minecraft:point_of_interest_type Sync: VANILLA -> ACTIVE
[08May2025 23:48:21.548] [pool-4-thread-1/DEBUG] [net.minecraftforge.registries.ForgeRegistry/REGISTRIES]: Registry minecraft:memory_module_type Sync: VANILLA -> ACTIVE
[08May2025 23:48:21.549] [pool-4-thread-1/DEBUG] [net.minecraftforge.registries.ForgeRegistry/REGISTRIES]: Registry minecraft:sensor_type Sync: VANILLA -> ACTIVE
[08May2025 23:48:21.549] [pool-4-thread-1/DEBUG] [net.minecraftforge.registries.ForgeRegistry/REGISTRIES]: Registry minecraft:schedule Sync: VANILLA -> ACTIVE
[08May2025 23:48:21.549] [pool-4-thread-1/DEBUG] [net.minecraftforge.registries.ForgeRegistry/REGISTRIES]: Registry minecraft:activity Sync: VANILLA -> ACTIVE
[08May2025 23:48:21.549] [pool-4-thread-1/DEBUG] [net.minecraftforge.registries.ForgeRegistry/REGISTRIES]: Registry minecraft:worldgen/carver Sync: VANILLA -> ACTIVE
[08May2025 23:48:21.549] [pool-4-thread-1/DEBUG] [net.minecraftforge.registries.ForgeRegistry/REGISTRIES]: Registry minecraft:worldgen/feature Sync: VANILLA -> ACTIVE
[08May2025 23:48:21.550] [pool-4-thread-1/DEBUG] [net.minecraftforge.registries.ForgeRegistry/REGISTRIES]: Registry minecraft:chunk_status Sync: VANILLA -> ACTIVE
[08May2025 23:48:21.551] [pool-4-thread-1/DEBUG] [net.minecraftforge.registries.ForgeRegistry/REGISTRIES]: Registry minecraft:worldgen/block_state_provider_type Sync: VANILLA -> ACTIVE
[08May2025 23:48:21.551] [pool-4-thread-1/DEBUG] [net.minecraftforge.registries.ForgeRegistry/REGISTRIES]: Registry minecraft:worldgen/foliage_placer_type Sync: VANILLA -> ACTIVE
[08May2025 23:48:21.551] [pool-4-thread-1/DEBUG] [net.minecraftforge.registries.ForgeRegistry/REGISTRIES]: Registry minecraft:worldgen/tree_decorator_type Sync: VANILLA -> ACTIVE
[08May2025 23:48:21.552] [pool-4-thread-1/DEBUG] [net.minecraftforge.registries.ForgeRegistry/REGISTRIES]: Registry minecraft:worldgen/biome Sync: VANILLA -> ACTIVE
[08May2025 23:48:21.557] [pool-4-thread-1/DEBUG] [net.minecraftforge.registries.GameData/REGISTRIES]: Vanilla freeze snapshot created
[08May2025 23:48:21.581] [pool-4-thread-1/DEBUG] [io.netty.util.internal.PlatformDependent0/]: -Dio.netty.noUnsafe: false
[08May2025 23:48:21.581] [pool-4-thread-1/DEBUG] [io.netty.util.internal.PlatformDependent0/]: Java version: 17
[08May2025 23:48:21.582] [pool-4-thread-1/DEBUG] [io.netty.util.internal.PlatformDependent0/]: sun.misc.Unsafe.theUnsafe: available
[08May2025 23:48:21.583] [pool-4-thread-1/DEBUG] [io.netty.util.internal.PlatformDependent0/]: sun.misc.Unsafe.copyMemory: available
[08May2025 23:48:21.583] [pool-4-thread-1/DEBUG] [io.netty.util.internal.PlatformDependent0/]: sun.misc.Unsafe.storeFence: available
[08May2025 23:48:21.584] [pool-4-thread-1/DEBUG] [io.netty.util.internal.PlatformDependent0/]: java.nio.Buffer.address: available
[08May2025 23:48:21.584] [pool-4-thread-1/DEBUG] [io.netty.util.internal.PlatformDependent0/]: direct buffer constructor: unavailable
java.lang.UnsupportedOperationException: Reflective setAccessible(true) disabled
	at io.netty.util.internal.ReflectionUtil.trySetAccessible(ReflectionUtil.java:31) ~[netty-common-4.1.82.Final.jar%23151!/:4.1.82.Final]
	at io.netty.util.internal.PlatformDependent0$5.run(PlatformDependent0.java:288) ~[netty-common-4.1.82.Final.jar%23151!/:4.1.82.Final]
	at java.security.AccessController.doPrivileged(AccessController.java:318) ~[?:?]
	at io.netty.util.internal.PlatformDependent0.<clinit>(PlatformDependent0.java:282) ~[netty-common-4.1.82.Final.jar%23151!/:4.1.82.Final]
	at io.netty.util.internal.PlatformDependent.isAndroid(PlatformDependent.java:333) ~[netty-common-4.1.82.Final.jar%23151!/:4.1.82.Final]
	at io.netty.util.internal.PlatformDependent.<clinit>(PlatformDependent.java:88) ~[netty-common-4.1.82.Final.jar%23151!/:4.1.82.Final]
	at io.netty.util.ConstantPool.<init>(ConstantPool.java:34) ~[netty-common-4.1.82.Final.jar%23151!/:4.1.82.Final]
	at io.netty.util.AttributeKey$1.<init>(AttributeKey.java:27) ~[netty-common-4.1.82.Final.jar%23151!/:4.1.82.Final]
	at io.netty.util.AttributeKey.<clinit>(AttributeKey.java:27) ~[netty-common-4.1.82.Final.jar%23151!/:4.1.82.Final]
	at net.minecraftforge.network.NetworkConstants.<clinit>(NetworkConstants.java:34) ~[forge-1.20.1-47.3.33_mapped_parchment_2023.09.03-1.20.1-recomp.jar%23190%23197!/:?]
	at net.minecraftforge.network.NetworkHooks.init(NetworkHooks.java:52) ~[forge-1.20.1-47.3.33_mapped_parchment_2023.09.03-1.20.1-recomp.jar%23190%23197!/:?]
	at net.minecraft.server.Bootstrap.bootStrap(Bootstrap.java:66) ~[forge-1.20.1-47.3.33_mapped_parchment_2023.09.03-1.20.1-recomp.jar%23191!/:?]
	at net.minecraft.client.main.Main.lambda$main$0(Main.java:151) ~[forge-1.20.1-47.3.33_mapped_parchment_2023.09.03-1.20.1-recomp.jar%23191!/:?]
	at java.util.concurrent.Executors$RunnableAdapter.call(Executors.java:539) ~[?:?]
	at java.util.concurrent.FutureTask.run(FutureTask.java:264) ~[?:?]
	at java.util.concurrent.ThreadPoolExecutor.runWorker(ThreadPoolExecutor.java:1136) ~[?:?]
	at java.util.concurrent.ThreadPoolExecutor$Worker.run(ThreadPoolExecutor.java:635) ~[?:?]
	at java.lang.Thread.run(Thread.java:833) ~[?:?]
[08May2025 23:48:21.586] [pool-4-thread-1/DEBUG] [io.netty.util.internal.PlatformDependent0/]: java.nio.Bits.unaligned: available, true
[08May2025 23:48:21.588] [pool-4-thread-1/DEBUG] [io.netty.util.internal.PlatformDependent0/]: jdk.internal.misc.Unsafe.allocateUninitializedArray(int): unavailable
java.lang.IllegalAccessException: class io.netty.util.internal.PlatformDependent0$7 (in module io.netty.common) cannot access class jdk.internal.misc.Unsafe (in module java.base) because module java.base does not export jdk.internal.misc to module io.netty.common
	at jdk.internal.reflect.Reflection.newIllegalAccessException(Reflection.java:392) ~[?:?]
	at java.lang.reflect.AccessibleObject.checkAccess(AccessibleObject.java:674) ~[?:?]
	at java.lang.reflect.Method.invoke(Method.java:560) ~[?:?]
	at io.netty.util.internal.PlatformDependent0$7.run(PlatformDependent0.java:410) ~[netty-common-4.1.82.Final.jar%23151!/:4.1.82.Final]
	at java.security.AccessController.doPrivileged(AccessController.java:318) ~[?:?]
	at io.netty.util.internal.PlatformDependent0.<clinit>(PlatformDependent0.java:401) ~[netty-common-4.1.82.Final.jar%23151!/:4.1.82.Final]
	at io.netty.util.internal.PlatformDependent.isAndroid(PlatformDependent.java:333) ~[netty-common-4.1.82.Final.jar%23151!/:4.1.82.Final]
	at io.netty.util.internal.PlatformDependent.<clinit>(PlatformDependent.java:88) ~[netty-common-4.1.82.Final.jar%23151!/:4.1.82.Final]
	at io.netty.util.ConstantPool.<init>(ConstantPool.java:34) ~[netty-common-4.1.82.Final.jar%23151!/:4.1.82.Final]
	at io.netty.util.AttributeKey$1.<init>(AttributeKey.java:27) ~[netty-common-4.1.82.Final.jar%23151!/:4.1.82.Final]
	at io.netty.util.AttributeKey.<clinit>(AttributeKey.java:27) ~[netty-common-4.1.82.Final.jar%23151!/:4.1.82.Final]
	at net.minecraftforge.network.NetworkConstants.<clinit>(NetworkConstants.java:34) ~[forge-1.20.1-47.3.33_mapped_parchment_2023.09.03-1.20.1-recomp.jar%23190%23197!/:?]
	at net.minecraftforge.network.NetworkHooks.init(NetworkHooks.java:52) ~[forge-1.20.1-47.3.33_mapped_parchment_2023.09.03-1.20.1-recomp.jar%23190%23197!/:?]
	at net.minecraft.server.Bootstrap.bootStrap(Bootstrap.java:66) ~[forge-1.20.1-47.3.33_mapped_parchment_2023.09.03-1.20.1-recomp.jar%23191!/:?]
	at net.minecraft.client.main.Main.lambda$main$0(Main.java:151) ~[forge-1.20.1-47.3.33_mapped_parchment_2023.09.03-1.20.1-recomp.jar%23191!/:?]
	at java.util.concurrent.Executors$RunnableAdapter.call(Executors.java:539) ~[?:?]
	at java.util.concurrent.FutureTask.run(FutureTask.java:264) ~[?:?]
	at java.util.concurrent.ThreadPoolExecutor.runWorker(ThreadPoolExecutor.java:1136) ~[?:?]
	at java.util.concurrent.ThreadPoolExecutor$Worker.run(ThreadPoolExecutor.java:635) ~[?:?]
	at java.lang.Thread.run(Thread.java:833) ~[?:?]
[08May2025 23:48:21.589] [pool-4-thread-1/DEBUG] [io.netty.util.internal.PlatformDependent0/]: java.nio.DirectByteBuffer.<init>(long, int): unavailable
[08May2025 23:48:21.589] [pool-4-thread-1/DEBUG] [io.netty.util.internal.PlatformDependent/]: sun.misc.Unsafe: available
[08May2025 23:48:21.589] [pool-4-thread-1/DEBUG] [io.netty.util.internal.PlatformDependent/]: maxDirectMemory: 4273995776 bytes (maybe)
[08May2025 23:48:21.590] [pool-4-thread-1/DEBUG] [io.netty.util.internal.PlatformDependent/]: -Dio.netty.tmpdir: C:\Users\chris\AppData\Local\Temp (java.io.tmpdir)
[08May2025 23:48:21.590] [pool-4-thread-1/DEBUG] [io.netty.util.internal.PlatformDependent/]: -Dio.netty.bitMode: 64 (sun.arch.data.model)
[08May2025 23:48:21.590] [pool-4-thread-1/DEBUG] [io.netty.util.internal.PlatformDependent/]: Platform: Windows
[08May2025 23:48:21.591] [pool-4-thread-1/DEBUG] [io.netty.util.internal.PlatformDependent/]: -Dio.netty.maxDirectMemory: -1 bytes
[08May2025 23:48:21.591] [pool-4-thread-1/DEBUG] [io.netty.util.internal.PlatformDependent/]: -Dio.netty.uninitializedArrayAllocationThreshold: -1
[08May2025 23:48:21.593] [pool-4-thread-1/DEBUG] [io.netty.util.internal.CleanerJava9/]: java.nio.ByteBuffer.cleaner(): available
[08May2025 23:48:21.593] [pool-4-thread-1/DEBUG] [io.netty.util.internal.PlatformDependent/]: -Dio.netty.noPreferDirect: false
[08May2025 23:48:21.673] [pool-4-thread-1/DEBUG] [net.minecraftforge.network.NetworkHooks/]: Loading Network data for FML net version: FML3
[08May2025 23:48:21.792] [Render thread/DEBUG] [mixin/]: Mixing client.InGameHudInject from bettercombat.mixins.json into net.minecraft.client.gui.Gui
[08May2025 23:48:21.816] [Render thread/DEBUG] [mixin/]: Mixing client.ClientPlayerEntityMixin from bettercombat.mixins.json into net.minecraft.client.player.LocalPlayer
[08May2025 23:48:21.828] [Render thread/DEBUG] [mixin/]: Mixing client.AbstractClientPlayerEntityMixin from bettercombat.mixins.json into net.minecraft.client.player.AbstractClientPlayer
[08May2025 23:48:21.829] [Render thread/DEBUG] [mixin/]: Renaming synthetic method lambda$createPoseAdjustment$1(Lnet/minecraft/world/entity/player/Player;Ljava/lang/String;)Ljava/util/Optional; to md258a79$lambda$createPoseAdjustment$1$0 in bettercombat.mixins.json:client.AbstractClientPlayerEntityMixin
[08May2025 23:48:21.829] [Render thread/DEBUG] [mixin/]: Renaming synthetic method lambda$createAttackAdjustment$0(Lnet/minecraft/world/entity/player/Player;Ljava/lang/String;)Ljava/util/Optional; to md258a79$lambda$createAttackAdjustment$0$1 in bettercombat.mixins.json:client.AbstractClientPlayerEntityMixin
[08May2025 23:48:21.937] [Render thread/WARN] [net.minecraft.server.packs.VanillaPackResourcesBuilder/]: Assets URL 'union:/C:/Users/chris/.gradle/caches/forge_gradle/minecraft_user_repo/net/minecraftforge/forge/1.20.1-47.3.33_mapped_parchment_2023.09.03-1.20.1/forge-1.20.1-47.3.33_mapped_parchment_2023.09.03-1.20.1-recomp.jar%23191!/assets/.mcassetsroot' uses unexpected schema
[08May2025 23:48:21.937] [Render thread/WARN] [net.minecraft.server.packs.VanillaPackResourcesBuilder/]: Assets URL 'union:/C:/Users/chris/.gradle/caches/forge_gradle/minecraft_user_repo/net/minecraftforge/forge/1.20.1-47.3.33_mapped_parchment_2023.09.03-1.20.1/forge-1.20.1-47.3.33_mapped_parchment_2023.09.03-1.20.1-recomp.jar%23191!/data/.mcassetsroot' uses unexpected schema
[08May2025 23:48:21.959] [Render thread/INFO] [com.mojang.authlib.yggdrasil.YggdrasilAuthenticationService/]: Environment: authHost='https://authserver.mojang.com', accountsHost='https://api.mojang.com', sessionHost='https://sessionserver.mojang.com', servicesHost='https://api.minecraftservices.com', name='PROD'
[08May2025 23:48:21.964] [Render thread/INFO] [net.minecraft.client.Minecraft/]: Setting user: Dev
[08May2025 23:48:22.146] [Render thread/INFO] [net.minecraft.client.Minecraft/]: Backend library: LWJGL version 3.3.1 build 7
[08May2025 23:48:22.324] [Render thread/DEBUG] [net.minecraftforge.common.ForgeI18n/CORE]: Loading I18N data entries: 6434
[08May2025 23:48:22.339] [Render thread/DEBUG] [net.minecraftforge.fml.ModWorkManager/LOADING]: Using 12 threads for parallel mod-loading
[08May2025 23:48:22.347] [Render thread/DEBUG] [net.minecraftforge.fml.javafmlmod.FMLJavaModLanguageProvider/LOADING]: Loading FMLModContainer from classloader cpw.mods.modlauncher.TransformingClassLoader@4ceff87d - got cpw.mods.cl.ModuleClassLoader@795fd838
[08May2025 23:48:22.348] [Render thread/DEBUG] [net.minecraftforge.fml.javafmlmod.FMLModContainer/LOADING]: Creating FMLModContainer instance for com.llamalad7.mixinextras.platform.forge.MixinExtrasMod
[08May2025 23:48:22.349] [Render thread/DEBUG] [net.minecraftforge.fml.javafmlmod.FMLJavaModLanguageProvider/LOADING]: Loading FMLModContainer from classloader cpw.mods.modlauncher.TransformingClassLoader@4ceff87d - got cpw.mods.cl.ModuleClassLoader@795fd838
[08May2025 23:48:22.349] [Render thread/DEBUG] [net.minecraftforge.fml.javafmlmod.FMLModContainer/LOADING]: Creating FMLModContainer instance for terrablender.core.TerraBlenderForge
[08May2025 23:48:22.350] [Render thread/DEBUG] [net.minecraftforge.fml.javafmlmod.FMLJavaModLanguageProvider/LOADING]: Loading FMLModContainer from classloader cpw.mods.modlauncher.TransformingClassLoader@4ceff87d - got cpw.mods.cl.ModuleClassLoader@795fd838
[08May2025 23:48:22.350] [Render thread/DEBUG] [net.minecraftforge.fml.javafmlmod.FMLModContainer/LOADING]: Creating FMLModContainer instance for software.bernie.example.GeckoLibMod
[08May2025 23:48:22.350] [Render thread/DEBUG] [net.minecraftforge.fml.javafmlmod.FMLJavaModLanguageProvider/LOADING]: Loading FMLModContainer from classloader cpw.mods.modlauncher.TransformingClassLoader@4ceff87d - got cpw.mods.cl.ModuleClassLoader@795fd838
[08May2025 23:48:22.350] [Render thread/DEBUG] [net.minecraftforge.fml.javafmlmod.FMLModContainer/LOADING]: Creating FMLModContainer instance for dev.kosmx.playerAnim.forge.ForgeModInterface
[08May2025 23:48:22.350] [Render thread/DEBUG] [net.minecraftforge.fml.javafmlmod.FMLJavaModLanguageProvider/LOADING]: Loading FMLModContainer from classloader cpw.mods.modlauncher.TransformingClassLoader@4ceff87d - got cpw.mods.cl.ModuleClassLoader@795fd838
[08May2025 23:48:22.350] [Render thread/DEBUG] [net.minecraftforge.fml.javafmlmod.FMLModContainer/LOADING]: Creating FMLModContainer instance for net.eabky_dev.codexa.CODEXA
[08May2025 23:48:22.351] [Render thread/DEBUG] [net.minecraftforge.fml.javafmlmod.FMLJavaModLanguageProvider/LOADING]: Loading FMLModContainer from classloader cpw.mods.modlauncher.TransformingClassLoader@4ceff87d - got cpw.mods.cl.ModuleClassLoader@795fd838
[08May2025 23:48:22.351] [Render thread/DEBUG] [net.minecraftforge.fml.javafmlmod.FMLModContainer/LOADING]: Creating FMLModContainer instance for mezz.jei.forge.JustEnoughItems
[08May2025 23:48:22.352] [Render thread/DEBUG] [net.minecraftforge.fml.javafmlmod.FMLJavaModLanguageProvider/LOADING]: Loading FMLModContainer from classloader cpw.mods.modlauncher.TransformingClassLoader@4ceff87d - got cpw.mods.cl.ModuleClassLoader@795fd838
[08May2025 23:48:22.352] [Render thread/DEBUG] [net.minecraftforge.fml.javafmlmod.FMLModContainer/LOADING]: Creating FMLModContainer instance for me.shedaniel.clothconfig.ClothConfigForge
[08May2025 23:48:22.353] [Render thread/DEBUG] [net.minecraftforge.fml.javafmlmod.FMLJavaModLanguageProvider/LOADING]: Loading FMLModContainer from classloader cpw.mods.modlauncher.TransformingClassLoader@4ceff87d - got cpw.mods.cl.ModuleClassLoader@795fd838
[08May2025 23:48:22.353] [Render thread/DEBUG] [net.minecraftforge.fml.javafmlmod.FMLModContainer/LOADING]: Creating FMLModContainer instance for net.bettercombat.forge.BetterCombatForge
[08May2025 23:48:22.353] [Render thread/DEBUG] [net.minecraftforge.fml.javafmlmod.FMLJavaModLanguageProvider/LOADING]: Loading FMLModContainer from classloader cpw.mods.modlauncher.TransformingClassLoader@4ceff87d - got cpw.mods.cl.ModuleClassLoader@795fd838
[08May2025 23:48:22.353] [Render thread/DEBUG] [net.minecraftforge.fml.javafmlmod.FMLModContainer/LOADING]: Creating FMLModContainer instance for net.minecraftforge.common.ForgeMod
[08May2025 23:48:22.355] [Render thread/DEBUG] [net.minecraftforge.fml.javafmlmod.FMLJavaModLanguageProvider/LOADING]: Loading FMLModContainer from classloader cpw.mods.modlauncher.TransformingClassLoader@4ceff87d - got cpw.mods.cl.ModuleClassLoader@795fd838
[08May2025 23:48:22.355] [Render thread/DEBUG] [net.minecraftforge.fml.javafmlmod.FMLModContainer/LOADING]: Creating FMLModContainer instance for top.theillusivec4.curios.Curios
[08May2025 23:48:22.366] [modloading-worker-0/DEBUG] [net.minecraftforge.fml.javafmlmod.AutomaticEventSubscriber/LOADING]: Attempting to inject @EventBusSubscriber classes into the eventbus for mixinextras
[08May2025 23:48:22.366] [modloading-worker-0/DEBUG] [net.minecraftforge.fml.javafmlmod.AutomaticEventSubscriber/LOADING]: Attempting to inject @EventBusSubscriber classes into the eventbus for playeranimator
[08May2025 23:48:22.372] [modloading-worker-0/DEBUG] [net.minecraftforge.fml.javafmlmod.AutomaticEventSubscriber/LOADING]: Attempting to inject @EventBusSubscriber classes into the eventbus for cloth_config
[08May2025 23:48:22.376] [modloading-worker-0/DEBUG] [net.minecraftforge.fml.javafmlmod.AutomaticEventSubscriber/LOADING]: Auto-subscribing dev.kosmx.playerAnim.forge.ForgeClientEvent to MOD
[08May2025 23:48:22.394] [modloading-worker-0/DEBUG] [net.minecraftforge.fml.javafmlmod.AutomaticEventSubscriber/LOADING]: Attempting to inject @EventBusSubscriber classes into the eventbus for terrablender
[08May2025 23:48:22.394] [modloading-worker-0/DEBUG] [net.minecraftforge.fml.javafmlmod.AutomaticEventSubscriber/LOADING]: Auto-subscribing terrablender.handler.InitializationHandler to FORGE
[08May2025 23:48:22.395] [modloading-worker-0/DEBUG] [net.minecraftforge.versions.forge.ForgeVersion/CORE]: Forge Version package package net.minecraftforge.versions.forge, Forge, version 47.3 from cpw.mods.modlauncher.TransformingClassLoader@4ceff87d
[08May2025 23:48:22.396] [modloading-worker-0/DEBUG] [net.minecraftforge.versions.forge.ForgeVersion/CORE]: Found Forge version 47.3.33
[08May2025 23:48:22.396] [modloading-worker-0/DEBUG] [net.minecraftforge.versions.forge.ForgeVersion/CORE]: Found Forge spec 47.3
[08May2025 23:48:22.396] [modloading-worker-0/DEBUG] [net.minecraftforge.versions.forge.ForgeVersion/CORE]: Found Forge group net.minecraftforge
[08May2025 23:48:22.397] [modloading-worker-0/DEBUG] [net.minecraftforge.versions.mcp.MCPVersion/CORE]: MCP Version package package net.minecraftforge.versions.mcp, Minecraft, version 1.20.1 from cpw.mods.modlauncher.TransformingClassLoader@4ceff87d
[08May2025 23:48:22.397] [modloading-worker-0/DEBUG] [net.minecraftforge.versions.mcp.MCPVersion/CORE]: Found MC version information 1.20.1
[08May2025 23:48:22.397] [modloading-worker-0/DEBUG] [net.minecraftforge.versions.mcp.MCPVersion/CORE]: Found MCP version information 20230612.114412
[08May2025 23:48:22.397] [modloading-worker-0/INFO] [net.minecraftforge.common.ForgeMod/FORGEMOD]: Forge mod loading, version 47.3.33, for MC 1.20.1 with MCP 20230612.114412
[08May2025 23:48:22.397] [modloading-worker-0/DEBUG] [net.minecraftforge.fml.config.ConfigTracker/CONFIG]: Config file jei-server.toml for jei tracking
[08May2025 23:48:22.397] [modloading-worker-0/INFO] [net.minecraftforge.common.MinecraftForge/FORGE]: MinecraftForge v47.3.33 Initialized
[08May2025 23:48:22.428] [modloading-worker-0/DEBUG] [net.minecraftforge.fml.config.ConfigTracker/CONFIG]: Config file curios-client.toml for curios tracking
[08May2025 23:48:22.434] [modloading-worker-0/DEBUG] [net.minecraftforge.fml.config.ConfigTracker/CONFIG]: Config file curios-common.toml for curios tracking
[08May2025 23:48:22.434] [modloading-worker-0/DEBUG] [net.minecraftforge.fml.config.ConfigTracker/CONFIG]: Config file curios-server.toml for curios tracking
[08May2025 23:48:22.435] [modloading-worker-0/DEBUG] [net.minecraftforge.fml.javafmlmod.AutomaticEventSubscriber/LOADING]: Attempting to inject @EventBusSubscriber classes into the eventbus for curios
[08May2025 23:48:22.435] [modloading-worker-0/DEBUG] [net.minecraftforge.fml.javafmlmod.AutomaticEventSubscriber/LOADING]: Auto-subscribing top.theillusivec4.curios.Curios$ClientProxy to MOD
[08May2025 23:48:22.436] [modloading-worker-0/DEBUG] [mixin/]: Mixing client.ClientPlayerInteractionManagerMixin from bettercombat.mixins.json into net.minecraft.client.multiplayer.MultiPlayerGameMode
[08May2025 23:48:22.450] [modloading-worker-0/DEBUG] [mixin/]: Mixing firstPerson.LivingEntityRendererMixin from playerAnimator-common.mixins.json into net.minecraft.client.renderer.entity.LivingEntityRenderer
[08May2025 23:48:22.451] [modloading-worker-0/DEBUG] [mixin/]: playerAnimator-common.mixins.json:firstPerson.LivingEntityRendererMixin: Class version 61 required is higher than the class version supported by the current version of Mixin (JAVA_16 supports class version 60)
[08May2025 23:48:22.452] [modloading-worker-0/DEBUG] [mixin/]: Renaming synthetic method lambda$filterLayers$0(Ljava/lang/Object;)Z to md258a79$lambda$filterLayers$0$0 in playerAnimator-common.mixins.json:firstPerson.LivingEntityRendererMixin
[08May2025 23:48:22.466] [modloading-worker-0/DEBUG] [mixin/]: Mixing FeatureRendererMixin from playerAnimator-common.mixins.json into net.minecraft.client.renderer.entity.layers.RenderLayer
[08May2025 23:48:22.466] [modloading-worker-0/DEBUG] [mixin/]: playerAnimator-common.mixins.json:FeatureRendererMixin: Class version 61 required is higher than the class version supported by the current version of Mixin (JAVA_16 supports class version 60)
[08May2025 23:48:22.477] [modloading-worker-0/DEBUG] [net.minecraftforge.fml.javafmlmod.AutomaticEventSubscriber/LOADING]: Attempting to inject @EventBusSubscriber classes into the eventbus for geckolib
[08May2025 23:48:22.478] [modloading-worker-0/DEBUG] [net.minecraftforge.fml.javafmlmod.AutomaticEventSubscriber/LOADING]: Auto-subscribing software.bernie.example.GeckoLibMod to FORGE
[08May2025 23:48:22.478] [modloading-worker-0/DEBUG] [net.minecraftforge.fml.javafmlmod.AutomaticEventSubscriber/LOADING]: Auto-subscribing software.bernie.example.CommonListener to MOD
[08May2025 23:48:22.479] [modloading-worker-0/DEBUG] [mezz.jei.common.platform.Services/]: Loaded mezz.jei.forge.platform.PlatformHelper@70e80c7c for service interface mezz.jei.common.platform.IPlatformHelper
[08May2025 23:48:22.480] [modloading-worker-0/DEBUG] [net.minecraftforge.fml.javafmlmod.AutomaticEventSubscriber/LOADING]: Auto-subscribing software.bernie.example.ClientListener to MOD
[08May2025 23:48:22.489] [modloading-worker-0/DEBUG] [net.minecraftforge.fml.javafmlmod.AutomaticEventSubscriber/LOADING]: Attempting to inject @EventBusSubscriber classes into the eventbus for codexa
[08May2025 23:48:22.490] [modloading-worker-0/DEBUG] [net.minecraftforge.fml.javafmlmod.AutomaticEventSubscriber/LOADING]: Auto-subscribing net.eabky_dev.codexa.client.BrewingPotionsRegisterEvent to MOD
[08May2025 23:48:22.490] [modloading-worker-0/DEBUG] [net.minecraftforge.fml.javafmlmod.AutomaticEventSubscriber/LOADING]: Auto-subscribing net.eabky_dev.codexa.client.FlowerPotRegisterEvent to MOD
[08May2025 23:48:22.491] [modloading-worker-0/DEBUG] [net.minecraftforge.fml.javafmlmod.AutomaticEventSubscriber/LOADING]: Auto-subscribing net.eabky_dev.codexa.client.ParticleRegisterEvent to MOD
[08May2025 23:48:22.499] [modloading-worker-0/DEBUG] [net.minecraftforge.fml.javafmlmod.AutomaticEventSubscriber/LOADING]: Auto-subscribing net.eabky_dev.codexa.datagen.DataGenerators to MOD
[08May2025 23:48:22.501] [modloading-worker-0/DEBUG] [net.minecraftforge.fml.javafmlmod.AutomaticEventSubscriber/LOADING]: Auto-subscribing net.eabky_dev.codexa.event.ModEventBusClientEvents to MOD
[08May2025 23:48:22.502] [modloading-worker-0/DEBUG] [net.minecraftforge.fml.config.ConfigTracker/CONFIG]: Config file forge-client.toml for forge tracking
[08May2025 23:48:22.502] [modloading-worker-0/DEBUG] [net.minecraftforge.fml.config.ConfigTracker/CONFIG]: Config file forge-server.toml for forge tracking
[08May2025 23:48:22.502] [modloading-worker-0/DEBUG] [net.minecraftforge.fml.ModLoadingContext/]: Attempted to register an empty config for type COMMON on mod forge
[08May2025 23:48:22.504] [modloading-worker-0/DEBUG] [net.minecraftforge.fml.javafmlmod.AutomaticEventSubscriber/LOADING]: Auto-subscribing net.eabky_dev.codexa.event.ModEventBusEvents to MOD
[08May2025 23:48:22.505] [modloading-worker-0/DEBUG] [net.minecraftforge.fml.javafmlmod.AutomaticEventSubscriber/LOADING]: Auto-subscribing net.eabky_dev.codexa.event.ModEvents to FORGE
[08May2025 23:48:22.509] [modloading-worker-0/DEBUG] [net.minecraftforge.fml.javafmlmod.AutomaticEventSubscriber/LOADING]: Auto-subscribing net.eabky_dev.codexa.init.CodexaModEntityRenders to MOD
[08May2025 23:48:22.511] [modloading-worker-0/DEBUG] [net.minecraftforge.fml.javafmlmod.AutomaticEventSubscriber/LOADING]: Auto-subscribing net.eabky_dev.codexa.procedures.GemGolemMelleeAttackProcedure to FORGE
[08May2025 23:48:22.512] [modloading-worker-0/DEBUG] [net.minecraftforge.fml.javafmlmod.AutomaticEventSubscriber/LOADING]: Auto-subscribing net.eabky_dev.codexa.procedures.GemGolemRageProcedure to FORGE
[08May2025 23:48:22.515] [modloading-worker-0/DEBUG] [net.minecraftforge.fml.javafmlmod.AutomaticEventSubscriber/LOADING]: Auto-subscribing net.eabky_dev.codexa.procedures.GemSpikeSpawnProcedure to FORGE
[08May2025 23:48:22.516] [modloading-worker-0/DEBUG] [net.minecraftforge.fml.javafmlmod.AutomaticEventSubscriber/LOADING]: Auto-subscribing net.eabky_dev.codexa.procedures.MantleProcedure to FORGE
[08May2025 23:48:22.521] [modloading-worker-0/DEBUG] [net.minecraftforge.fml.javafmlmod.AutomaticEventSubscriber/LOADING]: Auto-subscribing net.eabky_dev.codexa.procedures.RingOfDefianceProcedure to FORGE
[08May2025 23:48:22.526] [modloading-worker-0/DEBUG] [net.minecraftforge.fml.javafmlmod.AutomaticEventSubscriber/LOADING]: Attempting to inject @EventBusSubscriber classes into the eventbus for forge
[08May2025 23:48:22.526] [modloading-worker-0/DEBUG] [net.minecraftforge.fml.javafmlmod.AutomaticEventSubscriber/LOADING]: Auto-subscribing net.eabky_dev.codexa.procedures.SpiderWebSpiderSpawnProcedure to FORGE
[08May2025 23:48:22.526] [modloading-worker-0/DEBUG] [net.minecraftforge.fml.javafmlmod.AutomaticEventSubscriber/LOADING]: Auto-subscribing net.minecraftforge.common.ForgeSpawnEggItem$CommonHandler to MOD
[08May2025 23:48:22.527] [modloading-worker-0/DEBUG] [net.minecraftforge.fml.javafmlmod.AutomaticEventSubscriber/LOADING]: Auto-subscribing net.minecraftforge.common.ForgeSpawnEggItem$ColorRegisterHandler to MOD
[08May2025 23:48:22.528] [modloading-worker-0/DEBUG] [net.minecraftforge.fml.javafmlmod.AutomaticEventSubscriber/LOADING]: Auto-subscribing net.eabky_dev.codexa.procedures.WebBreakProcedure to FORGE
[08May2025 23:48:22.534] [modloading-worker-0/DEBUG] [net.minecraftforge.fml.javafmlmod.AutomaticEventSubscriber/LOADING]: Auto-subscribing net.minecraftforge.client.model.data.ModelDataManager to FORGE
[08May2025 23:48:22.536] [modloading-worker-0/DEBUG] [net.minecraftforge.fml.javafmlmod.AutomaticEventSubscriber/LOADING]: Auto-subscribing net.minecraftforge.client.ForgeHooksClient$ClientEvents to MOD
[08May2025 23:48:22.540] [modloading-worker-0/DEBUG] [mezz.jei.common.config.file.ConfigSerializer/]: Loading config file: F:\Programming_Projects\Java\Minecraft_Mod\run\config\jei\jei-debug.ini
[08May2025 23:48:22.542] [modloading-worker-0/DEBUG] [mezz.jei.common.config.file.ConfigSerializer/]: Saving config file: F:\Programming_Projects\Java\Minecraft_Mod\run\config\jei\jei-debug.ini
[08May2025 23:48:22.543] [modloading-worker-0/DEBUG] [net.minecraftforge.fml.javafmlmod.AutomaticEventSubscriber/LOADING]: Auto-subscribing net.minecraftforge.client.ClientForgeMod to MOD
[08May2025 23:48:22.549] [modloading-worker-0/DEBUG] [mezz.jei.common.config.file.ConfigSerializer/]: Loading config file: F:\Programming_Projects\Java\Minecraft_Mod\run\config\jei\jei-mod-id-format.ini
[08May2025 23:48:22.550] [modloading-worker-0/DEBUG] [mezz.jei.common.config.file.ConfigSerializer/]: Saving config file: F:\Programming_Projects\Java\Minecraft_Mod\run\config\jei\jei-mod-id-format.ini
[08May2025 23:48:22.555] [modloading-worker-0/DEBUG] [mezz.jei.common.config.file.ConfigSerializer/]: Loading config file: F:\Programming_Projects\Java\Minecraft_Mod\run\config\jei\jei-colors.ini
[08May2025 23:48:22.556] [modloading-worker-0/DEBUG] [io.netty.buffer.AbstractByteBuf/]: -Dio.netty.buffer.checkAccessible: true
[08May2025 23:48:22.556] [modloading-worker-0/DEBUG] [io.netty.buffer.AbstractByteBuf/]: -Dio.netty.buffer.checkBounds: true
[08May2025 23:48:22.556] [modloading-worker-0/DEBUG] [mezz.jei.common.config.file.ConfigSerializer/]: Saving config file: F:\Programming_Projects\Java\Minecraft_Mod\run\config\jei\jei-colors.ini
[08May2025 23:48:22.557] [modloading-worker-0/DEBUG] [io.netty.util.ResourceLeakDetectorFactory/]: Loaded default ResourceLeakDetector: io.netty.util.ResourceLeakDetector@6aad3f58
[08May2025 23:48:22.567] [modloading-worker-0/DEBUG] [mezz.jei.common.config.file.ConfigSerializer/]: Loading config file: F:\Programming_Projects\Java\Minecraft_Mod\run\config\jei\jei-client.ini
[08May2025 23:48:22.568] [modloading-worker-0/DEBUG] [mezz.jei.common.config.file.ConfigSerializer/]: Saving config file: F:\Programming_Projects\Java\Minecraft_Mod\run\config\jei\jei-client.ini
[08May2025 23:48:22.570] [modloading-worker-0/DEBUG] [net.minecraftforge.fml.javafmlmod.AutomaticEventSubscriber/LOADING]: Attempting to inject @EventBusSubscriber classes into the eventbus for bettercombat
[08May2025 23:48:22.570] [modloading-worker-0/DEBUG] [net.minecraftforge.fml.javafmlmod.AutomaticEventSubscriber/LOADING]: Auto-subscribing net.bettercombat.forge.events.ForgeModEvents to MOD
[08May2025 23:48:22.570] [modloading-worker-0/DEBUG] [net.minecraftforge.fml.javafmlmod.AutomaticEventSubscriber/LOADING]: Auto-subscribing net.bettercombat.forge.events.ForgeEvents to FORGE
[08May2025 23:48:22.573] [modloading-worker-0/DEBUG] [net.minecraftforge.fml.javafmlmod.AutomaticEventSubscriber/LOADING]: Auto-subscribing net.bettercombat.forge.events.ForgeClientModEvents to MOD
[08May2025 23:48:22.574] [modloading-worker-0/INFO] [mezz.jei.library.load.PluginCaller/]: Sending ConfigManager...
[08May2025 23:48:22.575] [modloading-worker-0/DEBUG] [net.minecraftforge.fml.javafmlmod.AutomaticEventSubscriber/LOADING]: Auto-subscribing net.bettercombat.forge.events.ForgeClientEvents to FORGE
[08May2025 23:48:22.576] [modloading-worker-0/DEBUG] [mezz.jei.library.load.PluginCallerTimerRunnable/]: Sending ConfigManager: jei:minecraft...
[08May2025 23:48:22.576] [modloading-worker-0/DEBUG] [mezz.jei.library.load.PluginCallerTimerRunnable/]: Sending ConfigManager: jei:debug...
[08May2025 23:48:22.576] [modloading-worker-0/DEBUG] [mezz.jei.library.load.PluginCallerTimerRunnable/]: Sending ConfigManager: jei:gui...
[08May2025 23:48:22.576] [modloading-worker-0/DEBUG] [mezz.jei.library.load.PluginCallerTimerRunnable/]: Sending ConfigManager: jei:forge_gui...
[08May2025 23:48:22.576] [modloading-worker-0/DEBUG] [mezz.jei.library.load.PluginCallerTimerRunnable/]: Sending ConfigManager: curios:curios...
[08May2025 23:48:22.576] [modloading-worker-0/DEBUG] [mezz.jei.library.load.PluginCallerTimerRunnable/]: Sending ConfigManager: jei:internal...
[08May2025 23:48:22.577] [modloading-worker-0/INFO] [mezz.jei.library.load.PluginCaller/]: Sending ConfigManager took 1.932 ms
[08May2025 23:48:22.583] [modloading-worker-0/DEBUG] [net.minecraftforge.fml.javafmlmod.AutomaticEventSubscriber/LOADING]: Attempting to inject @EventBusSubscriber classes into the eventbus for jei
[08May2025 23:48:22.604] [Render thread/DEBUG] [net.minecraftforge.registries.ObjectHolderRegistry/REGISTRIES]: Processing ObjectHolder annotations
[08May2025 23:48:22.623] [Render thread/DEBUG] [net.minecraftforge.registries.ObjectHolderRegistry/REGISTRIES]: Found 4015 ObjectHolder annotations
[08May2025 23:48:22.629] [Render thread/DEBUG] [net.minecraftforge.common.capabilities.CapabilityManager/CAPABILITIES]: Attempting to automatically register: Lnet/minecraftforge/energy/IEnergyStorage;
[08May2025 23:48:22.630] [Render thread/DEBUG] [net.minecraftforge.common.capabilities.CapabilityManager/CAPABILITIES]: Attempting to automatically register: Lnet/minecraftforge/fluids/capability/IFluidHandler;
[08May2025 23:48:22.630] [Render thread/DEBUG] [net.minecraftforge.common.capabilities.CapabilityManager/CAPABILITIES]: Attempting to automatically register: Lnet/minecraftforge/fluids/capability/IFluidHandlerItem;
[08May2025 23:48:22.630] [Render thread/DEBUG] [net.minecraftforge.common.capabilities.CapabilityManager/CAPABILITIES]: Attempting to automatically register: Lnet/minecraftforge/items/IItemHandler;
[08May2025 23:48:22.632] [Render thread/DEBUG] [net.minecraftforge.registries.GameData/REGISTRIES]: Unfreezing vanilla registries
[08May2025 23:48:22.635] [Render thread/DEBUG] [net.minecraftforge.registries.GameData/REGISTRIES]: Applying holder lookups: minecraft:sound_event
[08May2025 23:48:22.638] [Render thread/DEBUG] [net.minecraftforge.registries.GameData/REGISTRIES]: Holder lookups applied: minecraft:sound_event
[08May2025 23:48:22.638] [Render thread/DEBUG] [net.minecraftforge.registries.GameData/REGISTRIES]: Applying holder lookups: minecraft:fluid
[08May2025 23:48:22.639] [Render thread/DEBUG] [net.minecraftforge.registries.GameData/REGISTRIES]: Holder lookups applied: minecraft:fluid
[08May2025 23:48:22.666] [Render thread/DEBUG] [net.minecraftforge.registries.GameData/REGISTRIES]: Applying holder lookups: minecraft:block
[08May2025 23:48:22.667] [Render thread/DEBUG] [net.minecraftforge.registries.GameData/REGISTRIES]: Holder lookups applied: minecraft:block
[08May2025 23:48:22.668] [Render thread/DEBUG] [net.minecraftforge.registries.GameData/REGISTRIES]: Applying holder lookups: minecraft:attribute
[08May2025 23:48:22.669] [Render thread/DEBUG] [net.minecraftforge.registries.GameData/REGISTRIES]: Holder lookups applied: minecraft:attribute
[08May2025 23:48:22.669] [Render thread/DEBUG] [net.minecraftforge.registries.GameData/REGISTRIES]: Applying holder lookups: minecraft:mob_effect
[08May2025 23:48:22.669] [Render thread/DEBUG] [net.minecraftforge.registries.GameData/REGISTRIES]: Holder lookups applied: minecraft:mob_effect
[08May2025 23:48:22.670] [Render thread/DEBUG] [net.minecraftforge.registries.GameData/REGISTRIES]: Applying holder lookups: minecraft:particle_type
[08May2025 23:48:22.670] [Render thread/DEBUG] [net.minecraftforge.registries.GameData/REGISTRIES]: Holder lookups applied: minecraft:particle_type
[08May2025 23:48:22.674] [Render thread/DEBUG] [mixin/]: Mixing BipedEntityModelMixin from playerAnimator-common.mixins.json into net.minecraft.client.model.HumanoidModel
[08May2025 23:48:22.675] [Render thread/DEBUG] [mixin/]: playerAnimator-common.mixins.json:BipedEntityModelMixin: Class version 61 required is higher than the class version supported by the current version of Mixin (JAVA_16 supports class version 60)
[08May2025 23:48:22.675] [Render thread/DEBUG] [mixin/]: Renaming synthetic method lambda$renderToBuffer$3(Lcom/mojang/blaze3d/vertex/PoseStack;Lcom/mojang/blaze3d/vertex/VertexConsumer;IIFFFFLnet/minecraft/client/model/geom/ModelPart;)V to md258a79$lambda$renderToBuffer$3$0 in playerAnimator-common.mixins.json:BipedEntityModelMixin
[08May2025 23:48:22.675] [Render thread/DEBUG] [mixin/]: Renaming synthetic method lambda$renderToBuffer$2(Lcom/mojang/blaze3d/vertex/PoseStack;Lcom/mojang/blaze3d/vertex/VertexConsumer;IIFFFFLnet/minecraft/client/model/geom/ModelPart;)V to md258a79$lambda$renderToBuffer$2$1 in playerAnimator-common.mixins.json:BipedEntityModelMixin
[08May2025 23:48:22.675] [Render thread/DEBUG] [mixin/]: Renaming synthetic method lambda$renderToBuffer$1(Lcom/mojang/blaze3d/vertex/PoseStack;Lcom/mojang/blaze3d/vertex/VertexConsumer;IIFFFFLnet/minecraft/client/model/geom/ModelPart;)V to md258a79$lambda$renderToBuffer$1$2 in playerAnimator-common.mixins.json:BipedEntityModelMixin
[08May2025 23:48:22.675] [Render thread/DEBUG] [mixin/]: Renaming synthetic method lambda$renderToBuffer$0(Lcom/mojang/blaze3d/vertex/PoseStack;Lcom/mojang/blaze3d/vertex/VertexConsumer;IIFFFFLnet/minecraft/client/model/geom/ModelPart;)V to md258a79$lambda$renderToBuffer$0$3 in playerAnimator-common.mixins.json:BipedEntityModelMixin
[08May2025 23:48:22.706] [Render thread/DEBUG] [software.bernie.geckolib.GeckoLib/]: Registered SyncedAnimatable for class software.bernie.example.item.JackInTheBoxItem
[08May2025 23:48:22.715] [Render thread/DEBUG] [software.bernie.geckolib.GeckoLib/]: Registered SyncedAnimatable for class net.eabky_dev.codexa.item.OtherworldlyLanternBlockItem
[08May2025 23:48:22.715] [Render thread/DEBUG] [net.minecraftforge.registries.GameData/REGISTRIES]: Applying holder lookups: minecraft:item
[08May2025 23:48:22.718] [Render thread/DEBUG] [net.minecraftforge.registries.GameData/REGISTRIES]: Holder lookups applied: minecraft:item
[08May2025 23:48:22.719] [Render thread/DEBUG] [net.minecraftforge.registries.GameData/REGISTRIES]: Applying holder lookups: minecraft:entity_type
[08May2025 23:48:22.720] [Render thread/DEBUG] [net.minecraftforge.registries.GameData/REGISTRIES]: Holder lookups applied: minecraft:entity_type
[08May2025 23:48:22.720] [Render thread/DEBUG] [net.minecraftforge.registries.GameData/REGISTRIES]: Applying holder lookups: minecraft:sensor_type
[08May2025 23:48:22.720] [Render thread/DEBUG] [net.minecraftforge.registries.GameData/REGISTRIES]: Holder lookups applied: minecraft:sensor_type
[08May2025 23:48:22.720] [Render thread/DEBUG] [net.minecraftforge.registries.GameData/REGISTRIES]: Applying holder lookups: minecraft:memory_module_type
[08May2025 23:48:22.720] [Render thread/DEBUG] [net.minecraftforge.registries.GameData/REGISTRIES]: Holder lookups applied: minecraft:memory_module_type
[08May2025 23:48:22.721] [Render thread/DEBUG] [net.minecraftforge.registries.GameData/REGISTRIES]: Applying holder lookups: minecraft:potion
[08May2025 23:48:22.721] [Render thread/DEBUG] [net.minecraftforge.registries.GameData/REGISTRIES]: Holder lookups applied: minecraft:potion
[08May2025 23:48:22.721] [Render thread/DEBUG] [net.minecraftforge.registries.GameData/REGISTRIES]: Applying holder lookups: minecraft:game_event
[08May2025 23:48:22.721] [Render thread/DEBUG] [net.minecraftforge.registries.GameData/REGISTRIES]: Holder lookups applied: minecraft:game_event
[08May2025 23:48:22.721] [Render thread/DEBUG] [net.minecraftforge.registries.GameData/REGISTRIES]: Applying holder lookups: minecraft:enchantment
[08May2025 23:48:22.722] [Render thread/DEBUG] [net.minecraftforge.registries.GameData/REGISTRIES]: Holder lookups applied: minecraft:enchantment
[08May2025 23:48:22.724] [Render thread/DEBUG] [net.minecraftforge.registries.GameData/REGISTRIES]: Applying holder lookups: minecraft:block_entity_type
[08May2025 23:48:22.724] [Render thread/DEBUG] [net.minecraftforge.registries.GameData/REGISTRIES]: Holder lookups applied: minecraft:block_entity_type
[08May2025 23:48:22.724] [Render thread/DEBUG] [net.minecraftforge.registries.GameData/REGISTRIES]: Applying holder lookups: minecraft:painting_variant
[08May2025 23:48:22.725] [Render thread/DEBUG] [net.minecraftforge.registries.GameData/REGISTRIES]: Holder lookups applied: minecraft:painting_variant
[08May2025 23:48:22.725] [Render thread/DEBUG] [net.minecraftforge.registries.GameData/REGISTRIES]: Applying holder lookups: minecraft:stat_type
[08May2025 23:48:22.725] [Render thread/DEBUG] [net.minecraftforge.registries.GameData/REGISTRIES]: Holder lookups applied: minecraft:stat_type
[08May2025 23:48:22.725] [Render thread/DEBUG] [net.minecraftforge.registries.GameData/REGISTRIES]: Applying holder lookups: minecraft:custom_stat
[08May2025 23:48:22.726] [Render thread/DEBUG] [net.minecraftforge.registries.GameData/REGISTRIES]: Holder lookups applied: minecraft:custom_stat
[08May2025 23:48:22.726] [Render thread/DEBUG] [net.minecraftforge.registries.GameData/REGISTRIES]: Applying holder lookups: minecraft:chunk_status
[08May2025 23:48:22.726] [Render thread/DEBUG] [net.minecraftforge.registries.GameData/REGISTRIES]: Holder lookups applied: minecraft:chunk_status
[08May2025 23:48:22.726] [Render thread/DEBUG] [net.minecraftforge.registries.GameData/REGISTRIES]: Applying holder lookups: minecraft:rule_test
[08May2025 23:48:22.727] [Render thread/DEBUG] [net.minecraftforge.registries.GameData/REGISTRIES]: Holder lookups applied: minecraft:rule_test
[08May2025 23:48:22.727] [Render thread/DEBUG] [net.minecraftforge.registries.GameData/REGISTRIES]: Applying holder lookups: minecraft:rule_block_entity_modifier
[08May2025 23:48:22.727] [Render thread/DEBUG] [net.minecraftforge.registries.GameData/REGISTRIES]: Holder lookups applied: minecraft:rule_block_entity_modifier
[08May2025 23:48:22.727] [Render thread/DEBUG] [net.minecraftforge.registries.GameData/REGISTRIES]: Applying holder lookups: minecraft:pos_rule_test
[08May2025 23:48:22.728] [Render thread/DEBUG] [net.minecraftforge.registries.GameData/REGISTRIES]: Holder lookups applied: minecraft:pos_rule_test
[08May2025 23:48:22.745] [Render thread/DEBUG] [net.minecraftforge.registries.GameData/REGISTRIES]: Applying holder lookups: minecraft:menu
[08May2025 23:48:22.746] [Render thread/DEBUG] [net.minecraftforge.registries.GameData/REGISTRIES]: Holder lookups applied: minecraft:menu
[08May2025 23:48:22.746] [Render thread/DEBUG] [net.minecraftforge.registries.GameData/REGISTRIES]: Applying holder lookups: minecraft:recipe_type
[08May2025 23:48:22.746] [Render thread/DEBUG] [net.minecraftforge.registries.GameData/REGISTRIES]: Holder lookups applied: minecraft:recipe_type
[08May2025 23:48:22.764] [Render thread/DEBUG] [net.minecraftforge.registries.GameData/REGISTRIES]: Applying holder lookups: minecraft:recipe_serializer
[08May2025 23:48:22.765] [Render thread/DEBUG] [net.minecraftforge.registries.GameData/REGISTRIES]: Holder lookups applied: minecraft:recipe_serializer
[08May2025 23:48:22.765] [Render thread/DEBUG] [net.minecraftforge.registries.GameData/REGISTRIES]: Applying holder lookups: minecraft:position_source_type
[08May2025 23:48:22.766] [Render thread/DEBUG] [net.minecraftforge.registries.GameData/REGISTRIES]: Holder lookups applied: minecraft:position_source_type
[08May2025 23:48:22.802] [Render thread/DEBUG] [net.minecraftforge.registries.GameData/REGISTRIES]: Applying holder lookups: minecraft:command_argument_type
[08May2025 23:48:22.803] [Render thread/DEBUG] [net.minecraftforge.registries.GameData/REGISTRIES]: Holder lookups applied: minecraft:command_argument_type
[08May2025 23:48:22.803] [Render thread/DEBUG] [net.minecraftforge.registries.GameData/REGISTRIES]: Applying holder lookups: minecraft:villager_type
[08May2025 23:48:22.804] [Render thread/DEBUG] [net.minecraftforge.registries.GameData/REGISTRIES]: Holder lookups applied: minecraft:villager_type
[08May2025 23:48:22.804] [Render thread/DEBUG] [net.minecraftforge.registries.GameData/REGISTRIES]: Applying holder lookups: minecraft:villager_profession
[08May2025 23:48:22.805] [Render thread/DEBUG] [net.minecraftforge.registries.GameData/REGISTRIES]: Holder lookups applied: minecraft:villager_profession
[08May2025 23:48:22.805] [Render thread/DEBUG] [net.minecraftforge.registries.GameData/REGISTRIES]: Applying holder lookups: minecraft:point_of_interest_type
[08May2025 23:48:22.806] [Render thread/DEBUG] [net.minecraftforge.registries.GameData/REGISTRIES]: Holder lookups applied: minecraft:point_of_interest_type
[08May2025 23:48:22.806] [Render thread/DEBUG] [net.minecraftforge.registries.GameData/REGISTRIES]: Applying holder lookups: minecraft:schedule
[08May2025 23:48:22.806] [Render thread/DEBUG] [net.minecraftforge.registries.GameData/REGISTRIES]: Holder lookups applied: minecraft:schedule
[08May2025 23:48:22.807] [Render thread/DEBUG] [net.minecraftforge.registries.GameData/REGISTRIES]: Applying holder lookups: minecraft:activity
[08May2025 23:48:22.807] [Render thread/DEBUG] [net.minecraftforge.registries.GameData/REGISTRIES]: Holder lookups applied: minecraft:activity
[08May2025 23:48:22.807] [Render thread/DEBUG] [net.minecraftforge.registries.GameData/REGISTRIES]: Applying holder lookups: minecraft:loot_pool_entry_type
[08May2025 23:48:22.808] [Render thread/DEBUG] [net.minecraftforge.registries.GameData/REGISTRIES]: Holder lookups applied: minecraft:loot_pool_entry_type
[08May2025 23:48:22.808] [Render thread/DEBUG] [net.minecraftforge.registries.GameData/REGISTRIES]: Applying holder lookups: minecraft:loot_function_type
[08May2025 23:48:22.810] [Render thread/DEBUG] [net.minecraftforge.registries.GameData/REGISTRIES]: Holder lookups applied: minecraft:loot_function_type
[08May2025 23:48:22.812] [Render thread/DEBUG] [net.minecraftforge.registries.GameData/REGISTRIES]: Applying holder lookups: minecraft:loot_condition_type
[08May2025 23:48:22.813] [Render thread/DEBUG] [net.minecraftforge.registries.GameData/REGISTRIES]: Holder lookups applied: minecraft:loot_condition_type
[08May2025 23:48:22.813] [Render thread/DEBUG] [net.minecraftforge.registries.GameData/REGISTRIES]: Applying holder lookups: minecraft:loot_number_provider_type
[08May2025 23:48:22.814] [Render thread/DEBUG] [net.minecraftforge.registries.GameData/REGISTRIES]: Holder lookups applied: minecraft:loot_number_provider_type
[08May2025 23:48:22.814] [Render thread/DEBUG] [net.minecraftforge.registries.GameData/REGISTRIES]: Applying holder lookups: minecraft:loot_nbt_provider_type
[08May2025 23:48:22.815] [Render thread/DEBUG] [net.minecraftforge.registries.GameData/REGISTRIES]: Holder lookups applied: minecraft:loot_nbt_provider_type
[08May2025 23:48:22.815] [Render thread/DEBUG] [net.minecraftforge.registries.GameData/REGISTRIES]: Applying holder lookups: minecraft:loot_score_provider_type
[08May2025 23:48:22.815] [Render thread/DEBUG] [net.minecraftforge.registries.GameData/REGISTRIES]: Holder lookups applied: minecraft:loot_score_provider_type
[08May2025 23:48:22.815] [Render thread/DEBUG] [net.minecraftforge.registries.GameData/REGISTRIES]: Applying holder lookups: minecraft:float_provider_type
[08May2025 23:48:22.815] [Render thread/DEBUG] [net.minecraftforge.registries.GameData/REGISTRIES]: Holder lookups applied: minecraft:float_provider_type
[08May2025 23:48:22.815] [Render thread/DEBUG] [net.minecraftforge.registries.GameData/REGISTRIES]: Applying holder lookups: minecraft:int_provider_type
[08May2025 23:48:22.815] [Render thread/DEBUG] [net.minecraftforge.registries.GameData/REGISTRIES]: Holder lookups applied: minecraft:int_provider_type
[08May2025 23:48:22.816] [Render thread/DEBUG] [net.minecraftforge.registries.GameData/REGISTRIES]: Applying holder lookups: minecraft:height_provider_type
[08May2025 23:48:22.816] [Render thread/DEBUG] [net.minecraftforge.registries.GameData/REGISTRIES]: Holder lookups applied: minecraft:height_provider_type
[08May2025 23:48:22.816] [Render thread/DEBUG] [net.minecraftforge.registries.GameData/REGISTRIES]: Applying holder lookups: minecraft:block_predicate_type
[08May2025 23:48:22.816] [Render thread/DEBUG] [net.minecraftforge.registries.GameData/REGISTRIES]: Holder lookups applied: minecraft:block_predicate_type
[08May2025 23:48:22.816] [Render thread/DEBUG] [net.minecraftforge.registries.GameData/REGISTRIES]: Applying holder lookups: minecraft:worldgen/carver
[08May2025 23:48:22.817] [Render thread/DEBUG] [net.minecraftforge.registries.GameData/REGISTRIES]: Holder lookups applied: minecraft:worldgen/carver
[08May2025 23:48:22.817] [Render thread/DEBUG] [net.minecraftforge.registries.GameData/REGISTRIES]: Applying holder lookups: minecraft:worldgen/feature
[08May2025 23:48:22.817] [Render thread/DEBUG] [net.minecraftforge.registries.GameData/REGISTRIES]: Holder lookups applied: minecraft:worldgen/feature
[08May2025 23:48:22.818] [Render thread/DEBUG] [net.minecraftforge.registries.GameData/REGISTRIES]: Applying holder lookups: minecraft:worldgen/structure_processor
[08May2025 23:48:22.820] [Render thread/DEBUG] [net.minecraftforge.registries.GameData/REGISTRIES]: Holder lookups applied: minecraft:worldgen/structure_processor
[08May2025 23:48:22.820] [Render thread/DEBUG] [net.minecraftforge.registries.GameData/REGISTRIES]: Applying holder lookups: minecraft:worldgen/structure_placement
[08May2025 23:48:22.821] [Render thread/DEBUG] [net.minecraftforge.registries.GameData/REGISTRIES]: Holder lookups applied: minecraft:worldgen/structure_placement
[08May2025 23:48:22.821] [Render thread/DEBUG] [net.minecraftforge.registries.GameData/REGISTRIES]: Applying holder lookups: minecraft:worldgen/structure_piece
[08May2025 23:48:22.821] [Render thread/DEBUG] [net.minecraftforge.registries.GameData/REGISTRIES]: Holder lookups applied: minecraft:worldgen/structure_piece
[08May2025 23:48:22.822] [Render thread/DEBUG] [net.minecraftforge.registries.GameData/REGISTRIES]: Applying holder lookups: minecraft:worldgen/structure_type
[08May2025 23:48:22.822] [Render thread/DEBUG] [net.minecraftforge.registries.GameData/REGISTRIES]: Holder lookups applied: minecraft:worldgen/structure_type
[08May2025 23:48:22.822] [Render thread/DEBUG] [net.minecraftforge.registries.GameData/REGISTRIES]: Applying holder lookups: minecraft:worldgen/placement_modifier_type
[08May2025 23:48:22.823] [Render thread/DEBUG] [net.minecraftforge.registries.GameData/REGISTRIES]: Holder lookups applied: minecraft:worldgen/placement_modifier_type
[08May2025 23:48:22.823] [Render thread/DEBUG] [net.minecraftforge.registries.GameData/REGISTRIES]: Applying holder lookups: minecraft:worldgen/block_state_provider_type
[08May2025 23:48:22.823] [Render thread/DEBUG] [net.minecraftforge.registries.GameData/REGISTRIES]: Holder lookups applied: minecraft:worldgen/block_state_provider_type
[08May2025 23:48:22.826] [Render thread/DEBUG] [net.minecraftforge.registries.GameData/REGISTRIES]: Applying holder lookups: minecraft:worldgen/foliage_placer_type
[08May2025 23:48:22.827] [Render thread/DEBUG] [net.minecraftforge.registries.GameData/REGISTRIES]: Holder lookups applied: minecraft:worldgen/foliage_placer_type
[08May2025 23:48:22.829] [Render thread/DEBUG] [net.minecraftforge.registries.GameData/REGISTRIES]: Applying holder lookups: minecraft:worldgen/trunk_placer_type
[08May2025 23:48:22.830] [Render thread/DEBUG] [net.minecraftforge.registries.GameData/REGISTRIES]: Holder lookups applied: minecraft:worldgen/trunk_placer_type
[08May2025 23:48:22.830] [Render thread/DEBUG] [net.minecraftforge.registries.GameData/REGISTRIES]: Applying holder lookups: minecraft:worldgen/root_placer_type
[08May2025 23:48:22.831] [Render thread/DEBUG] [net.minecraftforge.registries.GameData/REGISTRIES]: Holder lookups applied: minecraft:worldgen/root_placer_type
[08May2025 23:48:22.831] [Render thread/DEBUG] [net.minecraftforge.registries.GameData/REGISTRIES]: Applying holder lookups: minecraft:worldgen/tree_decorator_type
[08May2025 23:48:22.831] [Render thread/DEBUG] [net.minecraftforge.registries.GameData/REGISTRIES]: Holder lookups applied: minecraft:worldgen/tree_decorator_type
[08May2025 23:48:22.832] [Render thread/DEBUG] [net.minecraftforge.registries.GameData/REGISTRIES]: Applying holder lookups: minecraft:worldgen/feature_size_type
[08May2025 23:48:22.832] [Render thread/DEBUG] [net.minecraftforge.registries.GameData/REGISTRIES]: Holder lookups applied: minecraft:worldgen/feature_size_type
[08May2025 23:48:22.832] [Render thread/DEBUG] [net.minecraftforge.registries.GameData/REGISTRIES]: Applying holder lookups: minecraft:worldgen/biome_source
[08May2025 23:48:22.833] [Render thread/DEBUG] [net.minecraftforge.registries.GameData/REGISTRIES]: Holder lookups applied: minecraft:worldgen/biome_source
[08May2025 23:48:22.833] [Render thread/DEBUG] [net.minecraftforge.registries.GameData/REGISTRIES]: Applying holder lookups: minecraft:worldgen/chunk_generator
[08May2025 23:48:22.833] [Render thread/DEBUG] [net.minecraftforge.registries.GameData/REGISTRIES]: Holder lookups applied: minecraft:worldgen/chunk_generator
[08May2025 23:48:22.834] [Render thread/DEBUG] [net.minecraftforge.registries.GameData/REGISTRIES]: Applying holder lookups: minecraft:worldgen/material_condition
[08May2025 23:48:22.834] [Render thread/DEBUG] [net.minecraftforge.registries.GameData/REGISTRIES]: Holder lookups applied: minecraft:worldgen/material_condition
[08May2025 23:48:22.834] [Render thread/DEBUG] [net.minecraftforge.registries.GameData/REGISTRIES]: Applying holder lookups: minecraft:worldgen/material_rule
[08May2025 23:48:22.835] [Render thread/DEBUG] [net.minecraftforge.registries.GameData/REGISTRIES]: Holder lookups applied: minecraft:worldgen/material_rule
[08May2025 23:48:22.835] [Render thread/DEBUG] [net.minecraftforge.registries.GameData/REGISTRIES]: Applying holder lookups: minecraft:worldgen/density_function_type
[08May2025 23:48:22.835] [Render thread/DEBUG] [net.minecraftforge.registries.GameData/REGISTRIES]: Holder lookups applied: minecraft:worldgen/density_function_type
[08May2025 23:48:22.836] [Render thread/DEBUG] [net.minecraftforge.registries.GameData/REGISTRIES]: Applying holder lookups: minecraft:worldgen/structure_pool_element
[08May2025 23:48:22.836] [Render thread/DEBUG] [net.minecraftforge.registries.GameData/REGISTRIES]: Holder lookups applied: minecraft:worldgen/structure_pool_element
[08May2025 23:48:22.836] [Render thread/DEBUG] [net.minecraftforge.registries.GameData/REGISTRIES]: Applying holder lookups: minecraft:cat_variant
[08May2025 23:48:22.837] [Render thread/DEBUG] [net.minecraftforge.registries.GameData/REGISTRIES]: Holder lookups applied: minecraft:cat_variant
[08May2025 23:48:22.837] [Render thread/DEBUG] [net.minecraftforge.registries.GameData/REGISTRIES]: Applying holder lookups: minecraft:frog_variant
[08May2025 23:48:22.837] [Render thread/DEBUG] [net.minecraftforge.registries.GameData/REGISTRIES]: Holder lookups applied: minecraft:frog_variant
[08May2025 23:48:22.837] [Render thread/DEBUG] [net.minecraftforge.registries.GameData/REGISTRIES]: Applying holder lookups: minecraft:banner_pattern
[08May2025 23:48:22.838] [Render thread/DEBUG] [net.minecraftforge.registries.GameData/REGISTRIES]: Holder lookups applied: minecraft:banner_pattern
[08May2025 23:48:22.838] [Render thread/DEBUG] [net.minecraftforge.registries.GameData/REGISTRIES]: Applying holder lookups: minecraft:instrument
[08May2025 23:48:22.838] [Render thread/DEBUG] [net.minecraftforge.registries.GameData/REGISTRIES]: Holder lookups applied: minecraft:instrument
[08May2025 23:48:22.838] [Render thread/DEBUG] [net.minecraftforge.registries.GameData/REGISTRIES]: Applying holder lookups: minecraft:decorated_pot_patterns
[08May2025 23:48:22.839] [Render thread/DEBUG] [net.minecraftforge.registries.GameData/REGISTRIES]: Holder lookups applied: minecraft:decorated_pot_patterns
[08May2025 23:48:22.843] [Render thread/DEBUG] [net.minecraftforge.registries.GameData/REGISTRIES]: Applying holder lookups: minecraft:creative_mode_tab
[08May2025 23:48:22.844] [Render thread/DEBUG] [net.minecraftforge.registries.GameData/REGISTRIES]: Holder lookups applied: minecraft:creative_mode_tab
[08May2025 23:48:22.856] [Render thread/DEBUG] [net.minecraftforge.registries.GameData/REGISTRIES]: Applying holder lookups: forge:biome_modifier_serializers
[08May2025 23:48:22.857] [Render thread/DEBUG] [net.minecraftforge.registries.GameData/REGISTRIES]: Holder lookups applied: forge:biome_modifier_serializers
[08May2025 23:48:22.857] [Render thread/DEBUG] [net.minecraftforge.registries.GameData/REGISTRIES]: Applying holder lookups: forge:display_contexts
[08May2025 23:48:22.858] [Render thread/DEBUG] [net.minecraftforge.registries.GameData/REGISTRIES]: Holder lookups applied: forge:display_contexts
[08May2025 23:48:22.858] [Render thread/DEBUG] [net.minecraftforge.registries.GameData/REGISTRIES]: Applying holder lookups: forge:entity_data_serializers
[08May2025 23:48:22.858] [Render thread/DEBUG] [net.minecraftforge.registries.GameData/REGISTRIES]: Holder lookups applied: forge:entity_data_serializers
[08May2025 23:48:22.863] [Render thread/DEBUG] [net.minecraftforge.registries.GameData/REGISTRIES]: Applying holder lookups: forge:fluid_type
[08May2025 23:48:22.867] [Render thread/DEBUG] [net.minecraftforge.registries.GameData/REGISTRIES]: Holder lookups applied: forge:fluid_type
[08May2025 23:48:22.869] [Render thread/DEBUG] [net.minecraftforge.registries.GameData/REGISTRIES]: Applying holder lookups: forge:global_loot_modifier_serializers
[08May2025 23:48:22.869] [Render thread/DEBUG] [net.minecraftforge.registries.GameData/REGISTRIES]: Holder lookups applied: forge:global_loot_modifier_serializers
[08May2025 23:48:22.873] [Render thread/DEBUG] [net.minecraftforge.registries.GameData/REGISTRIES]: Applying holder lookups: forge:holder_set_type
[08May2025 23:48:22.874] [Render thread/DEBUG] [net.minecraftforge.registries.GameData/REGISTRIES]: Holder lookups applied: forge:holder_set_type
[08May2025 23:48:22.874] [Render thread/DEBUG] [net.minecraftforge.registries.GameData/REGISTRIES]: Applying holder lookups: forge:structure_modifier_serializers
[08May2025 23:48:22.875] [Render thread/DEBUG] [net.minecraftforge.registries.GameData/REGISTRIES]: Holder lookups applied: forge:structure_modifier_serializers
[08May2025 23:48:22.875] [Render thread/DEBUG] [net.minecraftforge.registries.GameData/REGISTRIES]: Applying holder lookups: minecraft:worldgen/biome
[08May2025 23:48:22.875] [Render thread/DEBUG] [net.minecraftforge.registries.GameData/REGISTRIES]: Holder lookups applied: minecraft:worldgen/biome
[08May2025 23:48:23.030] [Render thread/DEBUG] [net.minecraftforge.client.loading.ClientModLoader/CORE]: Generating PackInfo named mod:mixinextras for mod file C:\Users\chris\.gradle\caches\modules-2\files-2.1\io.github.llamalad7\mixinextras-forge\0.4.1\5c35573a7b76103724799ca1174a69699b8a9aec\mixinextras-forge-0.4.1.jar
[08May2025 23:48:23.030] [Render thread/DEBUG] [net.minecraftforge.client.loading.ClientModLoader/CORE]: Generating PackInfo named mod:terrablender for mod file C:\Users\chris\.gradle\caches\forge_gradle\deobf_dependencies\com\github\glitchfiend\TerraBlender-forge\1.20.1-3.0.0.169_mapped_parchment_2023.09.03-1.20.1\TerraBlender-forge-1.20.1-3.0.0.169_mapped_parchment_2023.09.03-1.20.1.jar
[08May2025 23:48:23.030] [Render thread/DEBUG] [net.minecraftforge.client.loading.ClientModLoader/CORE]: Generating PackInfo named mod:geckolib for mod file C:\Users\chris\.gradle\caches\forge_gradle\deobf_dependencies\software\bernie\geckolib\geckolib-forge-1.20.1\4.4.9_mapped_parchment_2023.09.03-1.20.1\geckolib-forge-1.20.1-4.4.9_mapped_parchment_2023.09.03-1.20.1.jar
[08May2025 23:48:23.031] [Render thread/DEBUG] [net.minecraftforge.client.loading.ClientModLoader/CORE]: Generating PackInfo named mod:playeranimator for mod file C:\Users\chris\.gradle\caches\forge_gradle\deobf_dependencies\dev\kosmx\player-anim\player-animation-lib-forge\1.0.2-rc1+1.20_mapped_parchment_2023.09.03-1.20.1\player-animation-lib-forge-1.0.2-rc1+1.20_mapped_parchment_2023.09.03-1.20.1.jar
[08May2025 23:48:23.041] [Render thread/DEBUG] [net.minecraftforge.client.loading.ClientModLoader/CORE]: Generating PackInfo named mod:codexa for mod file F:\Programming_Projects\Java\Minecraft_Mod\build\resources\main
[08May2025 23:48:23.041] [Render thread/DEBUG] [net.minecraftforge.client.loading.ClientModLoader/CORE]: Generating PackInfo named mod:jei for mod file C:\Users\chris\.gradle\caches\forge_gradle\deobf_dependencies\mezz\jei\jei-1.20.1-forge\15.8.2.26_mapped_parchment_2023.09.03-1.20.1\jei-1.20.1-forge-15.8.2.26_mapped_parchment_2023.09.03-1.20.1.jar
[08May2025 23:48:23.042] [Render thread/DEBUG] [net.minecraftforge.client.loading.ClientModLoader/CORE]: Generating PackInfo named mod:cloth_config for mod file C:\Users\chris\.gradle\caches\forge_gradle\deobf_dependencies\me\shedaniel\cloth\cloth-config-forge\11.1.136_mapped_parchment_2023.09.03-1.20.1\cloth-config-forge-11.1.136_mapped_parchment_2023.09.03-1.20.1.jar
[08May2025 23:48:23.042] [Render thread/DEBUG] [net.minecraftforge.client.loading.ClientModLoader/CORE]: Generating PackInfo named mod:bettercombat for mod file C:\Users\chris\.gradle\caches\forge_gradle\deobf_dependencies\maven\modrinth\better-combat\1.8.6+1.20.1-forge_mapped_parchment_2023.09.03-1.20.1\better-combat-1.8.6+1.20.1-forge_mapped_parchment_2023.09.03-1.20.1.jar
[08May2025 23:48:23.042] [Render thread/DEBUG] [net.minecraftforge.client.loading.ClientModLoader/CORE]: Generating PackInfo named mod:forge for mod file /
[08May2025 23:48:23.042] [Render thread/DEBUG] [net.minecraftforge.client.loading.ClientModLoader/CORE]: Generating PackInfo named mod:curios for mod file C:\Users\chris\.gradle\caches\forge_gradle\deobf_dependencies\top\theillusivec4\curios\curios-forge\5.12.1+1.20.1_mapped_parchment_2023.09.03-1.20.1\curios-forge-5.12.1+1.20.1_mapped_parchment_2023.09.03-1.20.1.jar
[08May2025 23:48:23.056] [Render thread/DEBUG] [mixin/]: Mixing client.TextureManagerMixin from geckolib.mixins.json into net.minecraft.client.renderer.texture.TextureManager
[08May2025 23:48:23.341] [Render thread/DEBUG] [mixin/]: Mixing firstPerson.EntityRenderDispatcherMixin from playerAnimator-common.mixins.json into net.minecraft.client.renderer.entity.EntityRenderDispatcher
[08May2025 23:48:23.341] [Render thread/DEBUG] [mixin/]: playerAnimator-common.mixins.json:firstPerson.EntityRenderDispatcherMixin: Class version 61 required is higher than the class version supported by the current version of Mixin (JAVA_16 supports class version 60)
[08May2025 23:48:23.412] [Render thread/DEBUG] [mixin/]: Mixing firstPerson.ItemInHandRendererMixin from playerAnimator-common.mixins.json into net.minecraft.client.renderer.ItemInHandRenderer
[08May2025 23:48:23.412] [Render thread/DEBUG] [mixin/]: playerAnimator-common.mixins.json:firstPerson.ItemInHandRendererMixin: Class version 61 required is higher than the class version supported by the current version of Mixin (JAVA_16 supports class version 60)
[08May2025 23:48:23.436] [Render thread/DEBUG] [mixin/]: Mixing firstPerson.CameraAccessor from playerAnimator-common.mixins.json into net.minecraft.client.Camera
[08May2025 23:48:23.436] [Render thread/DEBUG] [mixin/]: playerAnimator-common.mixins.json:firstPerson.CameraAccessor: Class version 61 required is higher than the class version supported by the current version of Mixin (JAVA_16 supports class version 60)
[08May2025 23:48:23.444] [Render thread/DEBUG] [mixin/]: Mixing firstPerson.LevelRendererMixin from playerAnimator-common.mixins.json into net.minecraft.client.renderer.LevelRenderer
[08May2025 23:48:23.444] [Render thread/DEBUG] [mixin/]: playerAnimator-common.mixins.json:firstPerson.LevelRendererMixin: Class version 61 required is higher than the class version supported by the current version of Mixin (JAVA_16 supports class version 60)
[08May2025 23:48:23.555] [Render thread/DEBUG] [mixin/]: Mixing client.ColliderDebugRenderer from bettercombat.mixins.json into net.minecraft.client.renderer.debug.DebugRenderer
[08May2025 23:48:23.556] [Render thread/DEBUG] [mixin/]: Renaming synthetic method lambda$renderColliderDebug$0(Lnet/minecraft/world/phys/Vec3;Lnet/minecraft/world/entity/Entity;)Lnet/bettercombat/client/collision/OrientedBoundingBox; to md258a79$lambda$renderColliderDebug$0$0 in bettercombat.mixins.json:client.ColliderDebugRenderer
[08May2025 23:48:23.600] [Render thread/INFO] [net.minecraftforge.gametest.ForgeGameTestHooks/]: Enabled Gametest Namespaces: [codexa]
[08May2025 23:48:23.614] [Render thread/DEBUG] [mixin/]: Mixing PlayerRendererMixin from playerAnimator-common.mixins.json into net.minecraft.client.renderer.entity.player.PlayerRenderer
[08May2025 23:48:23.615] [Render thread/DEBUG] [mixin/]: playerAnimator-common.mixins.json:PlayerRendererMixin: Class version 61 required is higher than the class version supported by the current version of Mixin (JAVA_16 supports class version 60)
[08May2025 23:48:23.651] [Render thread/DEBUG] [mixin/]: Mixing HeldItemMixin from playerAnimator-common.mixins.json into net.minecraft.client.renderer.entity.layers.ItemInHandLayer
[08May2025 23:48:23.651] [Render thread/DEBUG] [mixin/]: playerAnimator-common.mixins.json:HeldItemMixin: Class version 61 required is higher than the class version supported by the current version of Mixin (JAVA_16 supports class version 60)
[08May2025 23:48:23.671] [Render thread/DEBUG] [mixin/]: Mixing ArmorFeatureRendererMixin from playerAnimator-common.mixins.json into net.minecraft.client.renderer.entity.layers.HumanoidArmorLayer
[08May2025 23:48:23.671] [Render thread/DEBUG] [mixin/]: playerAnimator-common.mixins.json:ArmorFeatureRendererMixin: Class version 61 required is higher than the class version supported by the current version of Mixin (JAVA_16 supports class version 60)
[08May2025 23:48:23.846] [Render thread/INFO] [net.minecraft.server.packs.resources.ReloadableResourceManager/]: Reloading ResourceManager: vanilla, mod_resources
[08May2025 23:48:23.860] [modloading-worker-0/DEBUG] [net.minecraftforge.fml.config.ConfigTracker/CONFIG]: Loading configs type CLIENT
[08May2025 23:48:23.860] [modloading-worker-0/DEBUG] [net.minecraftforge.fml.config.ConfigFileTypeHandler/CONFIG]: Built TOML config for F:\Programming_Projects\Java\Minecraft_Mod\run\config\curios-client.toml
[08May2025 23:48:23.867] [modloading-worker-0/DEBUG] [net.minecraftforge.fml.config.ConfigFileTypeHandler/CONFIG]: Loaded TOML config file F:\Programming_Projects\Java\Minecraft_Mod\run\config\curios-client.toml
[08May2025 23:48:23.871] [modloading-worker-0/DEBUG] [net.minecraftforge.fml.config.ConfigFileTypeHandler/CONFIG]: Watching TOML config file F:\Programming_Projects\Java\Minecraft_Mod\run\config\curios-client.toml for changes
[08May2025 23:48:23.873] [modloading-worker-0/DEBUG] [net.minecraftforge.fml.config.ConfigFileTypeHandler/CONFIG]: Built TOML config for F:\Programming_Projects\Java\Minecraft_Mod\run\config\forge-client.toml
[08May2025 23:48:23.873] [Thread-3/DEBUG] [net.minecraftforge.fml.config.ConfigFileTypeHandler/CONFIG]: Config file curios-client.toml changed, sending notifies
[08May2025 23:48:23.874] [Thread-3/DEBUG] [net.minecraftforge.fml.config.ConfigFileTypeHandler/CONFIG]: Config file curios-client.toml changed, sending notifies
[08May2025 23:48:23.882] [modloading-worker-0/DEBUG] [net.minecraftforge.fml.config.ConfigFileTypeHandler/CONFIG]: Loaded TOML config file F:\Programming_Projects\Java\Minecraft_Mod\run\config\forge-client.toml
[08May2025 23:48:23.882] [modloading-worker-0/DEBUG] [net.minecraftforge.fml.config.ConfigFileTypeHandler/CONFIG]: Watching TOML config file F:\Programming_Projects\Java\Minecraft_Mod\run\config\forge-client.toml for changes
[08May2025 23:48:23.882] [modloading-worker-0/DEBUG] [net.minecraftforge.common.ForgeConfig/FORGEMOD]: Loaded forge config file forge-client.toml
[08May2025 23:48:23.883] [modloading-worker-0/DEBUG] [net.minecraftforge.fml.config.ConfigTracker/CONFIG]: Loading configs type COMMON
[08May2025 23:48:23.883] [modloading-worker-0/DEBUG] [net.minecraftforge.fml.config.ConfigFileTypeHandler/CONFIG]: Built TOML config for F:\Programming_Projects\Java\Minecraft_Mod\run\config\curios-common.toml
[08May2025 23:48:23.890] [modloading-worker-0/DEBUG] [net.minecraftforge.fml.config.ConfigFileTypeHandler/CONFIG]: Loaded TOML config file F:\Programming_Projects\Java\Minecraft_Mod\run\config\curios-common.toml
[08May2025 23:48:23.890] [modloading-worker-0/DEBUG] [net.minecraftforge.fml.config.ConfigFileTypeHandler/CONFIG]: Watching TOML config file F:\Programming_Projects\Java\Minecraft_Mod\run\config\curios-common.toml for changes
[08May2025 23:48:23.943] [Worker-Main-6/DEBUG] [mixin/]: Mixing MixinSlotAttribute from curios.mixins.json into top.theillusivec4.curios.api.SlotAttribute
[08May2025 23:48:23.957] [Worker-Main-6/DEBUG] [mixin/]: Mixing MixinCuriosApi from curios.mixins.json into top.theillusivec4.curios.api.CuriosApi
[08May2025 23:48:23.962] [Worker-Main-6/DEBUG] [net.minecraftforge.coremod.transformer.CoreModBaseTransformer/COREMOD]: Transforming net/minecraft/world/entity/EntityType
[08May2025 23:48:24.012] [Forge Version Check/INFO] [net.minecraftforge.fml.VersionChecker/]: [forge] Starting version check at https://files.minecraftforge.net/net/minecraftforge/forge/promotions_slim.json
[08May2025 23:48:24.177] [Worker-Main-11/INFO] [net.minecraft.client.gui.font.providers.UnihexProvider/]: Found unifont_all_no_pua-15.0.06.hex, loading
[08May2025 23:48:24.272] [Render thread/DEBUG] [net.minecraftforge.fml.DeferredWorkQueue/LOADING]: Dispatching synchronous work for work queue COMMON_SETUP: 5 jobs
[08May2025 23:48:24.319] [Render thread/DEBUG] [net.minecraftforge.fml.DeferredWorkQueue/LOADING]: Synchronous work queue completed in 46.19 ms
[08May2025 23:48:24.519] [Worker-Main-10/DEBUG] [mixin/]: Mixing client.ClientPlayNetworkHandlerMixin from bettercombat.mixins.json into net.minecraft.client.multiplayer.ClientPacketListener
[08May2025 23:48:24.702] [Forge Version Check/DEBUG] [net.minecraftforge.fml.VersionChecker/]: [forge] Received version check data:
{
  "homepage": "https://files.minecraftforge.net/net/minecraftforge/forge/",
  "promos": {
    "1.1-latest": "1.3.4.29",
    "1.2.3-latest": "1.4.1.64",
    "1.2.4-latest": "2.0.0.68",
    "1.2.5-latest": "3.4.9.171",
    "1.3.2-latest": "4.3.5.318",
    "1.4.0-latest": "5.0.0.326",
    "1.4.1-latest": "6.0.0.329",
    "1.4.2-latest": "6.0.1.355",
    "1.4.3-latest": "6.2.1.358",
    "1.4.4-latest": "6.3.0.378",
    "1.4.5-latest": "6.4.2.448",
    "1.4.6-latest": "6.5.0.489",
    "1.4.7-latest": "6.6.2.534",
    "1.5-latest": "7.7.0.598",
    "1.5.1-latest": "7.7.2.682",
    "1.5.2-latest": "7.8.1.738",
    "1.5.2-recommended": "7.8.1.738",
    "1.6.1-latest": "8.9.0.775",
    "1.6.2-latest": "9.10.1.871",
    "1.6.2-recommended": "9.10.1.871",
    "1.6.3-latest": "9.11.0.878",
    "1.6.4-latest": "9.11.1.1345",
    "1.6.4-recommended": "9.11.1.1345",
    "1.7.2-latest": "10.12.2.1161",
    "1.7.2-recommended": "10.12.2.1161",
    "1.7.10_pre4-latest": "10.12.2.1149",
    "1.7.10-latest": "10.13.4.1614",
    "1.7.10-recommended": "10.13.4.1614",
    "1.8-latest": "11.14.4.1577",
    "1.8-recommended": "11.14.4.1563",
    "1.8.8-latest": "11.15.0.1655",
    "1.8.9-latest": "11.15.1.2318",
    "1.8.9-recommended": "11.15.1.2318",
    "1.9-latest": "12.16.1.1938",
    "1.9-recommended": "12.16.1.1887",
    "1.9.4-latest": "12.17.0.2317",
    "1.9.4-recommended": "12.17.0.2317",
    "1.10-latest": "12.18.0.2000",
    "1.10.2-latest": "12.18.3.2511",
    "1.10.2-recommended": "12.18.3.2511",
    "1.11-latest": "13.19.1.2199",
    "1.11-recommended": "13.19.1.2189",
    "1.11.2-latest": "13.20.1.2588",
    "1.11.2-recommended": "13.20.1.2588",
    "1.12-latest": "14.21.1.2443",
    "1.12-recommended": "14.21.1.2387",
    "1.12.1-latest": "14.22.1.2485",
    "1.12.1-recommended": "14.22.1.2478",
    "1.12.2-latest": "14.23.5.2860",
    "1.12.2-recommended": "14.23.5.2859",
    "1.13.2-latest": "25.0.223",
    "1.14.2-latest": "26.0.63",
    "1.14.3-latest": "27.0.60",
    "1.14.4-latest": "28.2.26",
    "1.14.4-recommended": "28.2.26",
    "1.15-latest": "29.0.4",
    "1.15.1-latest": "30.0.51",
    "1.15.2-latest": "31.2.57",
    "1.15.2-recommended": "31.2.57",
    "1.16.1-latest": "32.0.108",
    "1.16.2-latest": "33.0.61",
    "1.16.3-latest": "34.1.42",
    "1.16.3-recommended": "34.1.0",
    "1.16.4-latest": "35.1.37",
    "1.16.4-recommended": "35.1.4",
    "1.16.5-latest": "36.2.42",
    "1.16.5-recommended": "36.2.34",
    "1.17.1-latest": "37.1.1",
    "1.17.1-recommended": "37.1.1",
    "1.18-latest": "38.0.17",
    "1.18.1-latest": "39.1.2",
    "1.18.1-recommended": "39.1.0",
    "1.18.2-recommended": "40.3.0",
    "1.18.2-latest": "40.3.10",
    "1.19-latest": "41.1.0",
    "1.19-recommended": "41.1.0",
    "1.19.1-latest": "42.0.9",
    "1.19.2-recommended": "43.5.0",
    "1.19.2-latest": "43.5.0",
    "1.19.3-latest": "44.1.23",
    "1.19.3-recommended": "44.1.0",
    "1.19.4-recommended": "45.4.0",
    "1.19.4-latest": "45.4.0",
    "1.20-latest": "46.0.14",
    "1.20.1-recommended": "47.4.0",
    "1.20.1-latest": "47.4.0",
    "1.20.2-latest": "48.1.0",
    "1.20.2-recommended": "48.1.0",
    "1.20.3-latest": "49.0.2",
    "1.20.4-latest": "49.2.0",
    "1.20.4-recommended": "49.2.0",
    "1.20.6-latest": "50.2.0",
    "1.20.6-recommended": "50.2.0",
    "1.21-latest": "51.0.33",
    "1.21.1-latest": "52.1.1",
    "1.21.1-recommended": "52.1.0",
    "1.21.3-latest": "53.1.1",
    "1.21.3-recommended": "53.1.0",
    "1.21.4-latest": "54.1.3",
    "1.21.4-recommended": "54.1.0",
    "1.21.5-latest": "55.0.12"
  }
}
[08May2025 23:48:24.703] [Forge Version Check/INFO] [net.minecraftforge.fml.VersionChecker/]: [forge] Found status: OUTDATED Current: 47.3.33 Target: 47.4.0
[08May2025 23:48:25.899] [modloading-worker-0/DEBUG] [net.minecraftforge.registries.GameData/REGISTRIES]: Freezing registries
[08May2025 23:48:25.901] [modloading-worker-0/DEBUG] [net.minecraftforge.registries.ForgeRegistry/REGISTRIES]: Registry minecraft:block Sync: FROZEN -> ACTIVE
[08May2025 23:48:25.908] [modloading-worker-0/DEBUG] [net.minecraftforge.registries.ForgeRegistry/REGISTRIES]: Registry minecraft:fluid Sync: FROZEN -> ACTIVE
[08May2025 23:48:25.908] [modloading-worker-0/DEBUG] [net.minecraftforge.registries.ForgeRegistry/REGISTRIES]: Registry minecraft:item Sync: FROZEN -> ACTIVE
[08May2025 23:48:25.915] [modloading-worker-0/DEBUG] [net.minecraftforge.registries.ForgeRegistry/REGISTRIES]: Registry minecraft:mob_effect Sync: FROZEN -> ACTIVE
[08May2025 23:48:25.915] [modloading-worker-0/DEBUG] [net.minecraftforge.registries.ForgeRegistry/REGISTRIES]: Registry minecraft:sound_event Sync: FROZEN -> ACTIVE
[08May2025 23:48:25.922] [modloading-worker-0/DEBUG] [net.minecraftforge.registries.ForgeRegistry/REGISTRIES]: Registry minecraft:potion Sync: FROZEN -> ACTIVE
[08May2025 23:48:25.922] [modloading-worker-0/DEBUG] [net.minecraftforge.registries.ForgeRegistry/REGISTRIES]: Registry minecraft:enchantment Sync: FROZEN -> ACTIVE
[08May2025 23:48:25.923] [modloading-worker-0/DEBUG] [net.minecraftforge.registries.ForgeRegistry/REGISTRIES]: Registry minecraft:entity_type Sync: FROZEN -> ACTIVE
[08May2025 23:48:25.923] [modloading-worker-0/DEBUG] [net.minecraftforge.registries.ForgeRegistry/REGISTRIES]: Registry minecraft:block_entity_type Sync: FROZEN -> ACTIVE
[08May2025 23:48:25.924] [modloading-worker-0/DEBUG] [net.minecraftforge.registries.ForgeRegistry/REGISTRIES]: Registry minecraft:particle_type Sync: FROZEN -> ACTIVE
[08May2025 23:48:25.925] [modloading-worker-0/DEBUG] [net.minecraftforge.registries.ForgeRegistry/REGISTRIES]: Registry minecraft:menu Sync: FROZEN -> ACTIVE
[08May2025 23:48:25.925] [modloading-worker-0/DEBUG] [net.minecraftforge.registries.ForgeRegistry/REGISTRIES]: Registry minecraft:painting_variant Sync: FROZEN -> ACTIVE
[08May2025 23:48:25.925] [modloading-worker-0/DEBUG] [net.minecraftforge.registries.ForgeRegistry/REGISTRIES]: Registry minecraft:recipe_type Sync: FROZEN -> ACTIVE
[08May2025 23:48:25.925] [modloading-worker-0/DEBUG] [net.minecraftforge.registries.ForgeRegistry/REGISTRIES]: Registry minecraft:recipe_serializer Sync: FROZEN -> ACTIVE
[08May2025 23:48:25.925] [modloading-worker-0/DEBUG] [net.minecraftforge.registries.ForgeRegistry/REGISTRIES]: Registry minecraft:attribute Sync: FROZEN -> ACTIVE
[08May2025 23:48:25.926] [modloading-worker-0/DEBUG] [net.minecraftforge.registries.ForgeRegistry/REGISTRIES]: Registry minecraft:stat_type Sync: FROZEN -> ACTIVE
[08May2025 23:48:25.926] [modloading-worker-0/DEBUG] [net.minecraftforge.registries.ForgeRegistry/REGISTRIES]: Registry minecraft:command_argument_type Sync: FROZEN -> ACTIVE
[08May2025 23:48:25.926] [modloading-worker-0/DEBUG] [net.minecraftforge.registries.ForgeRegistry/REGISTRIES]: Registry minecraft:villager_profession Sync: FROZEN -> ACTIVE
[08May2025 23:48:25.926] [modloading-worker-0/DEBUG] [net.minecraftforge.registries.ForgeRegistry/REGISTRIES]: Registry minecraft:point_of_interest_type Sync: FROZEN -> ACTIVE
[08May2025 23:48:25.928] [modloading-worker-0/DEBUG] [net.minecraftforge.registries.ForgeRegistry/REGISTRIES]: Registry minecraft:memory_module_type Sync: FROZEN -> ACTIVE
[08May2025 23:48:25.929] [modloading-worker-0/DEBUG] [net.minecraftforge.registries.ForgeRegistry/REGISTRIES]: Registry minecraft:sensor_type Sync: FROZEN -> ACTIVE
[08May2025 23:48:25.929] [modloading-worker-0/DEBUG] [net.minecraftforge.registries.ForgeRegistry/REGISTRIES]: Registry minecraft:schedule Sync: FROZEN -> ACTIVE
[08May2025 23:48:25.929] [modloading-worker-0/DEBUG] [net.minecraftforge.registries.ForgeRegistry/REGISTRIES]: Registry minecraft:activity Sync: FROZEN -> ACTIVE
[08May2025 23:48:25.929] [modloading-worker-0/DEBUG] [net.minecraftforge.registries.ForgeRegistry/REGISTRIES]: Registry minecraft:worldgen/carver Sync: FROZEN -> ACTIVE
[08May2025 23:48:25.929] [modloading-worker-0/DEBUG] [net.minecraftforge.registries.ForgeRegistry/REGISTRIES]: Registry minecraft:worldgen/feature Sync: FROZEN -> ACTIVE
[08May2025 23:48:25.930] [modloading-worker-0/DEBUG] [net.minecraftforge.registries.ForgeRegistry/REGISTRIES]: Registry minecraft:chunk_status Sync: FROZEN -> ACTIVE
[08May2025 23:48:25.930] [modloading-worker-0/DEBUG] [net.minecraftforge.registries.ForgeRegistry/REGISTRIES]: Registry minecraft:worldgen/block_state_provider_type Sync: FROZEN -> ACTIVE
[08May2025 23:48:25.930] [modloading-worker-0/DEBUG] [net.minecraftforge.registries.ForgeRegistry/REGISTRIES]: Registry minecraft:worldgen/foliage_placer_type Sync: FROZEN -> ACTIVE
[08May2025 23:48:25.930] [modloading-worker-0/DEBUG] [net.minecraftforge.registries.ForgeRegistry/REGISTRIES]: Registry minecraft:worldgen/tree_decorator_type Sync: FROZEN -> ACTIVE
[08May2025 23:48:25.930] [modloading-worker-0/DEBUG] [net.minecraftforge.registries.ForgeRegistry/REGISTRIES]: Registry minecraft:worldgen/biome Sync: FROZEN -> ACTIVE
[08May2025 23:48:25.930] [modloading-worker-0/DEBUG] [net.minecraftforge.registries.ForgeRegistry/REGISTRIES]: Registry forge:entity_data_serializers Sync: FROZEN -> ACTIVE
[08May2025 23:48:25.930] [modloading-worker-0/DEBUG] [net.minecraftforge.registries.ForgeRegistry/REGISTRIES]: Registry forge:global_loot_modifier_serializers Sync: FROZEN -> ACTIVE
[08May2025 23:48:25.931] [modloading-worker-0/DEBUG] [net.minecraftforge.registries.ForgeRegistry/REGISTRIES]: Registry forge:biome_modifier_serializers Sync: FROZEN -> ACTIVE
[08May2025 23:48:25.931] [modloading-worker-0/DEBUG] [net.minecraftforge.registries.ForgeRegistry/REGISTRIES]: Registry forge:fluid_type Sync: FROZEN -> ACTIVE
[08May2025 23:48:25.931] [modloading-worker-0/DEBUG] [net.minecraftforge.registries.ForgeRegistry/REGISTRIES]: Registry forge:structure_modifier_serializers Sync: FROZEN -> ACTIVE
[08May2025 23:48:25.931] [modloading-worker-0/DEBUG] [net.minecraftforge.registries.ForgeRegistry/REGISTRIES]: Registry forge:holder_set_type Sync: FROZEN -> ACTIVE
[08May2025 23:48:25.931] [modloading-worker-0/DEBUG] [net.minecraftforge.registries.ForgeRegistry/REGISTRIES]: Registry forge:display_contexts Sync: FROZEN -> ACTIVE
[08May2025 23:48:25.935] [modloading-worker-0/ERROR] [net.minecraft.Util/]: Entity codexa:spider_web_spider has no attributes
[08May2025 23:48:25.935] [modloading-worker-0/ERROR] [net.minecraft.Util/]: Entity codexa:spider_web_spider has no attributes
[08May2025 23:48:25.935] [modloading-worker-0/ERROR] [net.minecraft.Util/]: Entity codexa:spider_web_spider has no attributes
[08May2025 23:48:25.935] [modloading-worker-0/ERROR] [net.minecraft.Util/]: Entity codexa:spider_web_spider has no attributes
[08May2025 23:48:25.935] [modloading-worker-0/ERROR] [net.minecraft.Util/]: Entity codexa:spider_web_spider has no attributes
[08May2025 23:48:25.935] [modloading-worker-0/ERROR] [net.minecraft.Util/]: Entity codexa:spider_web_spider has no attributes
[08May2025 23:48:25.935] [modloading-worker-0/ERROR] [net.minecraft.Util/]: Entity codexa:spider_web_spider has no attributes
[08May2025 23:48:25.936] [modloading-worker-0/ERROR] [net.minecraft.Util/]: Entity codexa:spider_web_spider has no attributes
[08May2025 23:48:25.936] [modloading-worker-0/ERROR] [net.minecraft.Util/]: Entity codexa:spider_web_spider has no attributes
[08May2025 23:48:25.936] [modloading-worker-0/ERROR] [net.minecraft.Util/]: Entity codexa:spider_web_spider has no attributes
[08May2025 23:48:25.936] [modloading-worker-0/ERROR] [net.minecraft.Util/]: Entity codexa:spider_web_spider has no attributes
[08May2025 23:48:25.936] [modloading-worker-0/ERROR] [net.minecraft.Util/]: Entity codexa:spider_web_spider has no attributes
[08May2025 23:48:25.936] [modloading-worker-0/ERROR] [net.minecraft.Util/]: Entity codexa:spider_web_spider has no attributes
[08May2025 23:48:25.936] [modloading-worker-0/ERROR] [net.minecraft.Util/]: Entity codexa:spider_web_spider has no attributes
[08May2025 23:48:25.936] [modloading-worker-0/ERROR] [net.minecraft.Util/]: Entity codexa:spider_web_spider has no attributes
[08May2025 23:48:25.936] [modloading-worker-0/ERROR] [net.minecraft.Util/]: Entity codexa:spider_web_spider has no attributes
[08May2025 23:48:25.936] [modloading-worker-0/ERROR] [net.minecraft.Util/]: Entity codexa:spider_web_spider has no attributes
[08May2025 23:48:25.936] [modloading-worker-0/ERROR] [net.minecraft.Util/]: Entity codexa:spider_web_spider has no attributes
[08May2025 23:48:25.936] [modloading-worker-0/ERROR] [net.minecraft.Util/]: Entity codexa:spider_web_spider has no attributes
[08May2025 23:48:26.741] [modloading-worker-0/DEBUG] [net.minecraftforge.registries.GameData/REGISTRIES]: All registries frozen
[08May2025 23:48:26.777] [Render thread/DEBUG] [net.minecraftforge.common.ForgeI18n/CORE]: Loading I18N data entries: 6843
[08May2025 23:48:26.812] [Render thread/WARN] [net.minecraft.client.sounds.SoundEngine/]: Missing sound for event: minecraft:item.goat_horn.play
[08May2025 23:48:26.812] [Render thread/WARN] [net.minecraft.client.sounds.SoundEngine/]: Missing sound for event: minecraft:entity.goat.screaming.horn_break
[08May2025 23:48:26.855] [Render thread/INFO] [com.mojang.blaze3d.audio.Library/]: OpenAL initialized on device OpenAL Soft on Ηχεία (Realtek(R) Audio)
[08May2025 23:48:26.856] [Render thread/INFO] [net.minecraft.client.sounds.SoundEngine/SOUNDS]: Sound engine started
[08May2025 23:48:27.014] [Render thread/INFO] [net.minecraft.client.renderer.texture.TextureAtlas/]: Created: 1024x1024x4 minecraft:textures/atlas/blocks.png-atlas
[08May2025 23:48:27.025] [Render thread/INFO] [net.minecraft.client.renderer.texture.TextureAtlas/]: Created: 256x256x4 minecraft:textures/atlas/signs.png-atlas
[08May2025 23:48:27.026] [Render thread/INFO] [net.minecraft.client.renderer.texture.TextureAtlas/]: Created: 512x512x4 minecraft:textures/atlas/shield_patterns.png-atlas
[08May2025 23:48:27.027] [Render thread/INFO] [net.minecraft.client.renderer.texture.TextureAtlas/]: Created: 512x512x4 minecraft:textures/atlas/banner_patterns.png-atlas
[08May2025 23:48:27.029] [Render thread/INFO] [net.minecraft.client.renderer.texture.TextureAtlas/]: Created: 1024x1024x4 minecraft:textures/atlas/armor_trims.png-atlas
[08May2025 23:48:27.033] [Render thread/INFO] [net.minecraft.client.renderer.texture.TextureAtlas/]: Created: 256x256x4 minecraft:textures/atlas/chest.png-atlas
[08May2025 23:48:27.034] [Render thread/INFO] [net.minecraft.client.renderer.texture.TextureAtlas/]: Created: 128x64x4 minecraft:textures/atlas/decorated_pot.png-atlas
[08May2025 23:48:27.034] [Render thread/INFO] [net.minecraft.client.renderer.texture.TextureAtlas/]: Created: 512x256x4 minecraft:textures/atlas/shulker_boxes.png-atlas
[08May2025 23:48:27.034] [Render thread/INFO] [net.minecraft.client.renderer.texture.TextureAtlas/]: Created: 512x256x4 minecraft:textures/atlas/beds.png-atlas
[08May2025 23:48:27.051] [Render thread/DEBUG] [mixin/]: Mixing PlayerModelMixin from playerAnimator-common.mixins.json into net.minecraft.client.model.PlayerModel
[08May2025 23:48:27.052] [Render thread/DEBUG] [mixin/]: playerAnimator-common.mixins.json:PlayerModelMixin: Class version 61 required is higher than the class version supported by the current version of Mixin (JAVA_16 supports class version 60)
[08May2025 23:48:27.101] [Render thread/DEBUG] [mixin/]: Mixing ModelPartMixin from playerAnimator-common.mixins.json into net.minecraft.client.model.geom.ModelPart
[08May2025 23:48:27.101] [Render thread/DEBUG] [mixin/]: playerAnimator-common.mixins.json:ModelPartMixin: Class version 61 required is higher than the class version supported by the current version of Mixin (JAVA_16 supports class version 60)
[08May2025 23:48:27.176] [Render thread/WARN] [net.minecraft.client.renderer.ShaderInstance/]: Shader rendertype_entity_translucent_emissive could not find sampler named Sampler2 in the specified shader program.
[08May2025 23:48:27.248] [Render thread/INFO] [net.minecraft.client.renderer.texture.TextureAtlas/]: Created: 256x256x0 minecraft:textures/atlas/particles.png-atlas
[08May2025 23:48:27.250] [Render thread/INFO] [net.minecraft.client.renderer.texture.TextureAtlas/]: Created: 256x256x0 minecraft:textures/atlas/paintings.png-atlas
[08May2025 23:48:27.250] [Render thread/INFO] [net.minecraft.client.renderer.texture.TextureAtlas/]: Created: 128x128x0 minecraft:textures/atlas/mob_effects.png-atlas
[08May2025 23:48:27.254] [Render thread/INFO] [net.minecraft.client.renderer.texture.TextureAtlas/]: Created: 256x256x0 jei:textures/atlas/gui.png-atlas
[08May2025 23:48:27.849] [Realms Notification Availability checker #1/INFO] [com.mojang.realmsclient.client.RealmsClient/]: Could not authorize you against Realms server: Invalid session id
[08May2025 23:49:34.319] [Render thread/DEBUG] [mixin/]: Mixing MixinWorldOpenFlows from terrablender.mixins.json into net.minecraft.client.gui.screens.worldselection.WorldOpenFlows
[08May2025 23:49:34.360] [Render thread/INFO] [net.minecraftforge.registries.GameData/REGISTRIES]: Injecting existing registry data into this CLIENT instance
[08May2025 23:49:34.362] [Render thread/ERROR] [net.minecraft.Util/]: Entity codexa:spider_web_spider has no attributes
[08May2025 23:49:34.363] [Render thread/ERROR] [net.minecraft.Util/]: Entity codexa:spider_web_spider has no attributes
[08May2025 23:49:34.363] [Render thread/ERROR] [net.minecraft.Util/]: Entity codexa:spider_web_spider has no attributes
[08May2025 23:49:34.363] [Render thread/ERROR] [net.minecraft.Util/]: Entity codexa:spider_web_spider has no attributes
[08May2025 23:49:34.363] [Render thread/ERROR] [net.minecraft.Util/]: Entity codexa:spider_web_spider has no attributes
[08May2025 23:49:34.363] [Render thread/ERROR] [net.minecraft.Util/]: Entity codexa:spider_web_spider has no attributes
[08May2025 23:49:34.363] [Render thread/ERROR] [net.minecraft.Util/]: Entity codexa:spider_web_spider has no attributes
[08May2025 23:49:34.363] [Render thread/ERROR] [net.minecraft.Util/]: Entity codexa:spider_web_spider has no attributes
[08May2025 23:49:34.363] [Render thread/ERROR] [net.minecraft.Util/]: Entity codexa:spider_web_spider has no attributes
[08May2025 23:49:34.363] [Render thread/ERROR] [net.minecraft.Util/]: Entity codexa:spider_web_spider has no attributes
[08May2025 23:49:34.363] [Render thread/ERROR] [net.minecraft.Util/]: Entity codexa:spider_web_spider has no attributes
[08May2025 23:49:34.363] [Render thread/ERROR] [net.minecraft.Util/]: Entity codexa:spider_web_spider has no attributes
[08May2025 23:49:34.363] [Render thread/ERROR] [net.minecraft.Util/]: Entity codexa:spider_web_spider has no attributes
[08May2025 23:49:34.363] [Render thread/ERROR] [net.minecraft.Util/]: Entity codexa:spider_web_spider has no attributes
[08May2025 23:49:34.363] [Render thread/ERROR] [net.minecraft.Util/]: Entity codexa:spider_web_spider has no attributes
[08May2025 23:49:34.363] [Render thread/ERROR] [net.minecraft.Util/]: Entity codexa:spider_web_spider has no attributes
[08May2025 23:49:34.363] [Render thread/ERROR] [net.minecraft.Util/]: Entity codexa:spider_web_spider has no attributes
[08May2025 23:49:34.363] [Render thread/ERROR] [net.minecraft.Util/]: Entity codexa:spider_web_spider has no attributes
[08May2025 23:49:34.363] [Render thread/ERROR] [net.minecraft.Util/]: Entity codexa:spider_web_spider has no attributes
[08May2025 23:49:34.371] [Render thread/DEBUG] [net.minecraftforge.registries.ForgeRegistry/REGISTRIES]: Registry minecraft:block: Fixed minecraft:block id mismatch codexa:alabaster: 1019 (init) -> 1029 (map).
[08May2025 23:49:34.372] [Render thread/DEBUG] [net.minecraftforge.registries.ForgeRegistry/REGISTRIES]: Registry minecraft:block: Fixed minecraft:block id mismatch codexa:alabaster_brick_slab: 1033 (init) -> 1035 (map).
[08May2025 23:49:34.372] [Render thread/DEBUG] [net.minecraftforge.registries.ForgeRegistry/REGISTRIES]: Registry minecraft:block: Fixed minecraft:block id mismatch codexa:alabaster_brick_stairs: 1032 (init) -> 1034 (map).
[08May2025 23:49:34.372] [Render thread/DEBUG] [net.minecraftforge.registries.ForgeRegistry/REGISTRIES]: Registry minecraft:block: Fixed minecraft:block id mismatch codexa:alabaster_brick_wall: 1034 (init) -> 1036 (map).
[08May2025 23:49:34.372] [Render thread/DEBUG] [net.minecraftforge.registries.ForgeRegistry/REGISTRIES]: Registry minecraft:block: Fixed minecraft:block id mismatch codexa:alabaster_bricks: 1028 (init) -> 1030 (map).
[08May2025 23:49:34.372] [Render thread/DEBUG] [net.minecraftforge.registries.ForgeRegistry/REGISTRIES]: Registry minecraft:block: Fixed minecraft:block id mismatch codexa:alabaster_pillar: 1035 (init) -> 1037 (map).
[08May2025 23:49:34.372] [Render thread/DEBUG] [net.minecraftforge.registries.ForgeRegistry/REGISTRIES]: Registry minecraft:block: Fixed minecraft:block id mismatch codexa:alabaster_slab: 1030 (init) -> 1032 (map).
[08May2025 23:49:34.372] [Render thread/DEBUG] [net.minecraftforge.registries.ForgeRegistry/REGISTRIES]: Registry minecraft:block: Fixed minecraft:block id mismatch codexa:alabaster_stairs: 1029 (init) -> 1031 (map).
[08May2025 23:49:34.372] [Render thread/DEBUG] [net.minecraftforge.registries.ForgeRegistry/REGISTRIES]: Registry minecraft:block: Fixed minecraft:block id mismatch codexa:alabaster_wall: 1031 (init) -> 1033 (map).
[08May2025 23:49:34.372] [Render thread/DEBUG] [net.minecraftforge.registries.ForgeRegistry/REGISTRIES]: Registry minecraft:block: Fixed minecraft:block id mismatch codexa:black_hole: 1038 (init) -> 1028 (map).
[08May2025 23:49:34.373] [Render thread/DEBUG] [net.minecraftforge.registries.ForgeRegistry/REGISTRIES]: Registry minecraft:block: Fixed minecraft:block id mismatch codexa:carved_alabaster: 1036 (init) -> 1038 (map).
[08May2025 23:49:34.373] [Render thread/DEBUG] [net.minecraftforge.registries.ForgeRegistry/REGISTRIES]: Registry minecraft:block: Fixed minecraft:block id mismatch codexa:concrete: 1020 (init) -> 1007 (map).
[08May2025 23:49:34.373] [Render thread/DEBUG] [net.minecraftforge.registries.ForgeRegistry/REGISTRIES]: Registry minecraft:block: Fixed minecraft:block id mismatch codexa:concrete_slab: 1022 (init) -> 1009 (map).
[08May2025 23:49:34.373] [Render thread/DEBUG] [net.minecraftforge.registries.ForgeRegistry/REGISTRIES]: Registry minecraft:block: Fixed minecraft:block id mismatch codexa:concrete_stairs: 1021 (init) -> 1008 (map).
[08May2025 23:49:34.373] [Render thread/DEBUG] [net.minecraftforge.registries.ForgeRegistry/REGISTRIES]: Registry minecraft:block: Fixed minecraft:block id mismatch codexa:concrete_wall: 1023 (init) -> 1010 (map).
[08May2025 23:49:34.373] [Render thread/DEBUG] [net.minecraftforge.registries.ForgeRegistry/REGISTRIES]: Registry minecraft:block: Fixed minecraft:block id mismatch codexa:midnight_dirt: 1016 (init) -> 1024 (map).
[08May2025 23:49:34.373] [Render thread/DEBUG] [net.minecraftforge.registries.ForgeRegistry/REGISTRIES]: Registry minecraft:block: Fixed minecraft:block id mismatch codexa:midnight_grass: 1018 (init) -> 1026 (map).
[08May2025 23:49:34.373] [Render thread/DEBUG] [net.minecraftforge.registries.ForgeRegistry/REGISTRIES]: Registry minecraft:block: Fixed minecraft:block id mismatch codexa:midnight_grass_block: 1015 (init) -> 1023 (map).
[08May2025 23:49:34.373] [Render thread/DEBUG] [net.minecraftforge.registries.ForgeRegistry/REGISTRIES]: Registry minecraft:block: Fixed minecraft:block id mismatch codexa:midnight_stone: 1017 (init) -> 1025 (map).
[08May2025 23:49:34.373] [Render thread/DEBUG] [net.minecraftforge.registries.ForgeRegistry/REGISTRIES]: Registry minecraft:block: Fixed minecraft:block id mismatch codexa:otherworldly_lantern: 1037 (init) -> 1027 (map).
[08May2025 23:49:34.373] [Render thread/DEBUG] [net.minecraftforge.registries.ForgeRegistry/REGISTRIES]: Registry minecraft:block: Fixed minecraft:block id mismatch codexa:pale_fortune: 1007 (init) -> 1015 (map).
[08May2025 23:49:34.373] [Render thread/DEBUG] [net.minecraftforge.registries.ForgeRegistry/REGISTRIES]: Registry minecraft:block: Fixed minecraft:block id mismatch codexa:polished_concrete: 1024 (init) -> 1011 (map).
[08May2025 23:49:34.373] [Render thread/DEBUG] [net.minecraftforge.registries.ForgeRegistry/REGISTRIES]: Registry minecraft:block: Fixed minecraft:block id mismatch codexa:polished_concrete_slab: 1026 (init) -> 1013 (map).
[08May2025 23:49:34.373] [Render thread/DEBUG] [net.minecraftforge.registries.ForgeRegistry/REGISTRIES]: Registry minecraft:block: Fixed minecraft:block id mismatch codexa:polished_concrete_stairs: 1025 (init) -> 1012 (map).
[08May2025 23:49:34.373] [Render thread/DEBUG] [net.minecraftforge.registries.ForgeRegistry/REGISTRIES]: Registry minecraft:block: Fixed minecraft:block id mismatch codexa:potted_pale_fortune: 1008 (init) -> 1016 (map).
[08May2025 23:49:34.373] [Render thread/DEBUG] [net.minecraftforge.registries.ForgeRegistry/REGISTRIES]: Registry minecraft:block: Fixed minecraft:block id mismatch codexa:stripped_sunelm_log: 1011 (init) -> 1019 (map).
[08May2025 23:49:34.373] [Render thread/DEBUG] [net.minecraftforge.registries.ForgeRegistry/REGISTRIES]: Registry minecraft:block: Fixed minecraft:block id mismatch codexa:stripped_sunelm_wood: 1012 (init) -> 1020 (map).
[08May2025 23:49:34.373] [Render thread/DEBUG] [net.minecraftforge.registries.ForgeRegistry/REGISTRIES]: Registry minecraft:block: Fixed minecraft:block id mismatch codexa:sunelm_leaves: 1013 (init) -> 1021 (map).
[08May2025 23:49:34.373] [Render thread/DEBUG] [net.minecraftforge.registries.ForgeRegistry/REGISTRIES]: Registry minecraft:block: Fixed minecraft:block id mismatch codexa:sunelm_log: 1009 (init) -> 1017 (map).
[08May2025 23:49:34.373] [Render thread/DEBUG] [net.minecraftforge.registries.ForgeRegistry/REGISTRIES]: Registry minecraft:block: Fixed minecraft:block id mismatch codexa:sunelm_planks: 1027 (init) -> 1014 (map).
[08May2025 23:49:34.373] [Render thread/DEBUG] [net.minecraftforge.registries.ForgeRegistry/REGISTRIES]: Registry minecraft:block: Fixed minecraft:block id mismatch codexa:sunelm_sapling: 1014 (init) -> 1022 (map).
[08May2025 23:49:34.373] [Render thread/DEBUG] [net.minecraftforge.registries.ForgeRegistry/REGISTRIES]: Registry minecraft:block: Fixed minecraft:block id mismatch codexa:sunelm_wood: 1010 (init) -> 1018 (map).
[08May2025 23:49:34.379] [Render thread/DEBUG] [net.minecraftforge.registries.ForgeRegistry/REGISTRIES]: Registry minecraft:item: Fixed minecraft:item id mismatch codexa:alabaster: 1310 (init) -> 1318 (map).
[08May2025 23:49:34.379] [Render thread/DEBUG] [net.minecraftforge.registries.ForgeRegistry/REGISTRIES]: Registry minecraft:item: Fixed minecraft:item id mismatch codexa:bamboo_charcoal: 1293 (init) -> 1292 (map).
[08May2025 23:49:34.379] [Render thread/DEBUG] [net.minecraftforge.registries.ForgeRegistry/REGISTRIES]: Registry minecraft:item: Fixed minecraft:item id mismatch codexa:black_hole: 1328 (init) -> 1317 (map).
[08May2025 23:49:34.379] [Render thread/DEBUG] [net.minecraftforge.registries.ForgeRegistry/REGISTRIES]: Registry minecraft:item: Fixed minecraft:item id mismatch codexa:concrete: 1311 (init) -> 1298 (map).
[08May2025 23:49:34.379] [Render thread/DEBUG] [net.minecraftforge.registries.ForgeRegistry/REGISTRIES]: Registry minecraft:item: Fixed minecraft:item id mismatch codexa:concrete_slab: 1313 (init) -> 1300 (map).
[08May2025 23:49:34.379] [Render thread/DEBUG] [net.minecraftforge.registries.ForgeRegistry/REGISTRIES]: Registry minecraft:item: Fixed minecraft:item id mismatch codexa:concrete_stairs: 1312 (init) -> 1299 (map).
[08May2025 23:49:34.379] [Render thread/DEBUG] [net.minecraftforge.registries.ForgeRegistry/REGISTRIES]: Registry minecraft:item: Fixed minecraft:item id mismatch codexa:concrete_wall: 1314 (init) -> 1301 (map).
[08May2025 23:49:34.379] [Render thread/DEBUG] [net.minecraftforge.registries.ForgeRegistry/REGISTRIES]: Registry minecraft:item: Fixed minecraft:item id mismatch codexa:deepslate_platinum_ore: 1298 (init) -> 1297 (map).
[08May2025 23:49:34.379] [Render thread/DEBUG] [net.minecraftforge.registries.ForgeRegistry/REGISTRIES]: Registry minecraft:item: Fixed minecraft:item id mismatch codexa:gem_golem_spawn_egg: 1295 (init) -> 1294 (map).
[08May2025 23:49:34.379] [Render thread/DEBUG] [net.minecraftforge.registries.ForgeRegistry/REGISTRIES]: Registry minecraft:item: Fixed minecraft:item id mismatch codexa:gemite_spawn_egg: 1296 (init) -> 1295 (map).
[08May2025 23:49:34.379] [Render thread/DEBUG] [net.minecraftforge.registries.ForgeRegistry/REGISTRIES]: Registry minecraft:item: Fixed minecraft:item id mismatch codexa:midnight_dirt: 1307 (init) -> 1314 (map).
[08May2025 23:49:34.380] [Render thread/DEBUG] [net.minecraftforge.registries.ForgeRegistry/REGISTRIES]: Registry minecraft:item: Fixed minecraft:item id mismatch codexa:midnight_grass: 1309 (init) -> 1316 (map).
[08May2025 23:49:34.380] [Render thread/DEBUG] [net.minecraftforge.registries.ForgeRegistry/REGISTRIES]: Registry minecraft:item: Fixed minecraft:item id mismatch codexa:midnight_grass_block: 1306 (init) -> 1313 (map).
[08May2025 23:49:34.380] [Render thread/DEBUG] [net.minecraftforge.registries.ForgeRegistry/REGISTRIES]: Registry minecraft:item: Fixed minecraft:item id mismatch codexa:midnight_stone: 1308 (init) -> 1315 (map).
[08May2025 23:49:34.380] [Render thread/DEBUG] [net.minecraftforge.registries.ForgeRegistry/REGISTRIES]: Registry minecraft:item: Fixed minecraft:item id mismatch codexa:otherworldly_lantern: 1294 (init) -> 1293 (map).
[08May2025 23:49:34.380] [Render thread/DEBUG] [net.minecraftforge.registries.ForgeRegistry/REGISTRIES]: Registry minecraft:item: Fixed minecraft:item id mismatch codexa:pale_fortune: 1299 (init) -> 1306 (map).
[08May2025 23:49:34.380] [Render thread/DEBUG] [net.minecraftforge.registries.ForgeRegistry/REGISTRIES]: Registry minecraft:item: Fixed minecraft:item id mismatch codexa:platinum_block: 1297 (init) -> 1296 (map).
[08May2025 23:49:34.380] [Render thread/DEBUG] [net.minecraftforge.registries.ForgeRegistry/REGISTRIES]: Registry minecraft:item: Fixed minecraft:item id mismatch codexa:polished_concrete: 1315 (init) -> 1302 (map).
[08May2025 23:49:34.380] [Render thread/DEBUG] [net.minecraftforge.registries.ForgeRegistry/REGISTRIES]: Registry minecraft:item: Fixed minecraft:item id mismatch codexa:polished_concrete_slab: 1317 (init) -> 1304 (map).
[08May2025 23:49:34.380] [Render thread/DEBUG] [net.minecraftforge.registries.ForgeRegistry/REGISTRIES]: Registry minecraft:item: Fixed minecraft:item id mismatch codexa:polished_concrete_stairs: 1316 (init) -> 1303 (map).
[08May2025 23:49:34.380] [Render thread/DEBUG] [net.minecraftforge.registries.ForgeRegistry/REGISTRIES]: Registry minecraft:item: Fixed minecraft:item id mismatch codexa:star_forger: 1291 (init) -> 1328 (map).
[08May2025 23:49:34.380] [Render thread/DEBUG] [net.minecraftforge.registries.ForgeRegistry/REGISTRIES]: Registry minecraft:item: Fixed minecraft:item id mismatch codexa:stripped_sunelm_log: 1302 (init) -> 1309 (map).
[08May2025 23:49:34.380] [Render thread/DEBUG] [net.minecraftforge.registries.ForgeRegistry/REGISTRIES]: Registry minecraft:item: Fixed minecraft:item id mismatch codexa:stripped_sunelm_wood: 1303 (init) -> 1310 (map).
[08May2025 23:49:34.380] [Render thread/DEBUG] [net.minecraftforge.registries.ForgeRegistry/REGISTRIES]: Registry minecraft:item: Fixed minecraft:item id mismatch codexa:sunelm_leaves: 1304 (init) -> 1311 (map).
[08May2025 23:49:34.380] [Render thread/DEBUG] [net.minecraftforge.registries.ForgeRegistry/REGISTRIES]: Registry minecraft:item: Fixed minecraft:item id mismatch codexa:sunelm_log: 1300 (init) -> 1307 (map).
[08May2025 23:49:34.380] [Render thread/DEBUG] [net.minecraftforge.registries.ForgeRegistry/REGISTRIES]: Registry minecraft:item: Fixed minecraft:item id mismatch codexa:sunelm_planks: 1318 (init) -> 1305 (map).
[08May2025 23:49:34.380] [Render thread/DEBUG] [net.minecraftforge.registries.ForgeRegistry/REGISTRIES]: Registry minecraft:item: Fixed minecraft:item id mismatch codexa:sunelm_sapling: 1305 (init) -> 1312 (map).
[08May2025 23:49:34.380] [Render thread/DEBUG] [net.minecraftforge.registries.ForgeRegistry/REGISTRIES]: Registry minecraft:item: Fixed minecraft:item id mismatch codexa:sunelm_wood: 1301 (init) -> 1308 (map).
[08May2025 23:49:34.381] [Render thread/DEBUG] [net.minecraftforge.registries.ForgeRegistry/REGISTRIES]: Registry minecraft:item: Fixed minecraft:item id mismatch codexa:wisdom_fruit: 1292 (init) -> 1291 (map).
[08May2025 23:49:34.403] [Render thread/ERROR] [net.minecraft.Util/]: Entity codexa:spider_web_spider has no attributes
[08May2025 23:49:34.403] [Render thread/ERROR] [net.minecraft.Util/]: Entity codexa:spider_web_spider has no attributes
[08May2025 23:49:34.403] [Render thread/ERROR] [net.minecraft.Util/]: Entity codexa:spider_web_spider has no attributes
[08May2025 23:49:34.403] [Render thread/ERROR] [net.minecraft.Util/]: Entity codexa:spider_web_spider has no attributes
[08May2025 23:49:34.403] [Render thread/ERROR] [net.minecraft.Util/]: Entity codexa:spider_web_spider has no attributes
[08May2025 23:49:34.404] [Render thread/ERROR] [net.minecraft.Util/]: Entity codexa:spider_web_spider has no attributes
[08May2025 23:49:34.404] [Render thread/ERROR] [net.minecraft.Util/]: Entity codexa:spider_web_spider has no attributes
[08May2025 23:49:34.404] [Render thread/ERROR] [net.minecraft.Util/]: Entity codexa:spider_web_spider has no attributes
[08May2025 23:49:34.404] [Render thread/ERROR] [net.minecraft.Util/]: Entity codexa:spider_web_spider has no attributes
[08May2025 23:49:34.404] [Render thread/ERROR] [net.minecraft.Util/]: Entity codexa:spider_web_spider has no attributes
[08May2025 23:49:34.404] [Render thread/ERROR] [net.minecraft.Util/]: Entity codexa:spider_web_spider has no attributes
[08May2025 23:49:34.404] [Render thread/ERROR] [net.minecraft.Util/]: Entity codexa:spider_web_spider has no attributes
[08May2025 23:49:34.404] [Render thread/ERROR] [net.minecraft.Util/]: Entity codexa:spider_web_spider has no attributes
[08May2025 23:49:34.404] [Render thread/ERROR] [net.minecraft.Util/]: Entity codexa:spider_web_spider has no attributes
[08May2025 23:49:34.404] [Render thread/ERROR] [net.minecraft.Util/]: Entity codexa:spider_web_spider has no attributes
[08May2025 23:49:34.404] [Render thread/ERROR] [net.minecraft.Util/]: Entity codexa:spider_web_spider has no attributes
[08May2025 23:49:34.404] [Render thread/ERROR] [net.minecraft.Util/]: Entity codexa:spider_web_spider has no attributes
[08May2025 23:49:34.404] [Render thread/ERROR] [net.minecraft.Util/]: Entity codexa:spider_web_spider has no attributes
[08May2025 23:49:34.404] [Render thread/ERROR] [net.minecraft.Util/]: Entity codexa:spider_web_spider has no attributes
[08May2025 23:49:34.405] [Render thread/DEBUG] [net.minecraftforge.registries.ForgeRegistry/REGISTRIES]: Registry minecraft:block Sync: ACTIVE -> STAGING
[08May2025 23:49:34.408] [Render thread/DEBUG] [net.minecraftforge.registries.ForgeRegistry/REGISTRIES]: Registry minecraft:fluid Sync: ACTIVE -> STAGING
[08May2025 23:49:34.408] [Render thread/DEBUG] [net.minecraftforge.registries.ForgeRegistry/REGISTRIES]: Registry minecraft:item Sync: ACTIVE -> STAGING
[08May2025 23:49:34.413] [Render thread/DEBUG] [net.minecraftforge.registries.ForgeRegistry/REGISTRIES]: Registry minecraft:mob_effect Sync: ACTIVE -> STAGING
[08May2025 23:49:34.413] [Render thread/DEBUG] [net.minecraftforge.registries.ForgeRegistry/REGISTRIES]: Registry minecraft:sound_event Sync: ACTIVE -> STAGING
[08May2025 23:49:34.417] [Render thread/DEBUG] [net.minecraftforge.registries.ForgeRegistry/REGISTRIES]: Registry minecraft:potion Sync: ACTIVE -> STAGING
[08May2025 23:49:34.417] [Render thread/DEBUG] [net.minecraftforge.registries.ForgeRegistry/REGISTRIES]: Registry minecraft:enchantment Sync: ACTIVE -> STAGING
[08May2025 23:49:34.418] [Render thread/DEBUG] [net.minecraftforge.registries.ForgeRegistry/REGISTRIES]: Registry minecraft:entity_type Sync: ACTIVE -> STAGING
[08May2025 23:49:34.418] [Render thread/DEBUG] [net.minecraftforge.registries.ForgeRegistry/REGISTRIES]: Registry minecraft:block_entity_type Sync: ACTIVE -> STAGING
[08May2025 23:49:34.418] [Render thread/DEBUG] [net.minecraftforge.registries.ForgeRegistry/REGISTRIES]: Registry minecraft:particle_type Sync: ACTIVE -> STAGING
[08May2025 23:49:34.418] [Render thread/DEBUG] [net.minecraftforge.registries.ForgeRegistry/REGISTRIES]: Registry minecraft:menu Sync: ACTIVE -> STAGING
[08May2025 23:49:34.419] [Render thread/DEBUG] [net.minecraftforge.registries.ForgeRegistry/REGISTRIES]: Registry minecraft:painting_variant Sync: ACTIVE -> STAGING
[08May2025 23:49:34.419] [Render thread/DEBUG] [net.minecraftforge.registries.ForgeRegistry/REGISTRIES]: Registry minecraft:recipe_type Sync: ACTIVE -> STAGING
[08May2025 23:49:34.419] [Render thread/DEBUG] [net.minecraftforge.registries.ForgeRegistry/REGISTRIES]: Registry minecraft:recipe_serializer Sync: ACTIVE -> STAGING
[08May2025 23:49:34.419] [Render thread/DEBUG] [net.minecraftforge.registries.ForgeRegistry/REGISTRIES]: Registry minecraft:attribute Sync: ACTIVE -> STAGING
[08May2025 23:49:34.419] [Render thread/DEBUG] [net.minecraftforge.registries.ForgeRegistry/REGISTRIES]: Registry minecraft:stat_type Sync: ACTIVE -> STAGING
[08May2025 23:49:34.419] [Render thread/DEBUG] [net.minecraftforge.registries.ForgeRegistry/REGISTRIES]: Registry minecraft:command_argument_type Sync: ACTIVE -> STAGING
[08May2025 23:49:34.419] [Render thread/DEBUG] [net.minecraftforge.registries.ForgeRegistry/REGISTRIES]: Registry minecraft:villager_profession Sync: ACTIVE -> STAGING
[08May2025 23:49:34.419] [Render thread/DEBUG] [net.minecraftforge.registries.ForgeRegistry/REGISTRIES]: Registry minecraft:point_of_interest_type Sync: ACTIVE -> STAGING
[08May2025 23:49:34.420] [Render thread/DEBUG] [net.minecraftforge.registries.ForgeRegistry/REGISTRIES]: Registry minecraft:memory_module_type Sync: ACTIVE -> STAGING
[08May2025 23:49:34.420] [Render thread/DEBUG] [net.minecraftforge.registries.ForgeRegistry/REGISTRIES]: Registry minecraft:sensor_type Sync: ACTIVE -> STAGING
[08May2025 23:49:34.420] [Render thread/DEBUG] [net.minecraftforge.registries.ForgeRegistry/REGISTRIES]: Registry minecraft:schedule Sync: ACTIVE -> STAGING
[08May2025 23:49:34.420] [Render thread/DEBUG] [net.minecraftforge.registries.ForgeRegistry/REGISTRIES]: Registry minecraft:activity Sync: ACTIVE -> STAGING
[08May2025 23:49:34.421] [Render thread/DEBUG] [net.minecraftforge.registries.ForgeRegistry/REGISTRIES]: Registry minecraft:worldgen/carver Sync: ACTIVE -> STAGING
[08May2025 23:49:34.421] [Render thread/DEBUG] [net.minecraftforge.registries.ForgeRegistry/REGISTRIES]: Registry minecraft:worldgen/feature Sync: ACTIVE -> STAGING
[08May2025 23:49:34.421] [Render thread/DEBUG] [net.minecraftforge.registries.ForgeRegistry/REGISTRIES]: Registry minecraft:chunk_status Sync: ACTIVE -> STAGING
[08May2025 23:49:34.421] [Render thread/DEBUG] [net.minecraftforge.registries.ForgeRegistry/REGISTRIES]: Registry minecraft:worldgen/block_state_provider_type Sync: ACTIVE -> STAGING
[08May2025 23:49:34.421] [Render thread/DEBUG] [net.minecraftforge.registries.ForgeRegistry/REGISTRIES]: Registry minecraft:worldgen/foliage_placer_type Sync: ACTIVE -> STAGING
[08May2025 23:49:34.421] [Render thread/DEBUG] [net.minecraftforge.registries.ForgeRegistry/REGISTRIES]: Registry minecraft:worldgen/tree_decorator_type Sync: ACTIVE -> STAGING
[08May2025 23:49:34.421] [Render thread/DEBUG] [net.minecraftforge.registries.ForgeRegistry/REGISTRIES]: Registry minecraft:worldgen/biome Sync: ACTIVE -> STAGING
[08May2025 23:49:34.421] [Render thread/DEBUG] [net.minecraftforge.registries.ForgeRegistry/REGISTRIES]: Registry forge:entity_data_serializers Sync: ACTIVE -> STAGING
[08May2025 23:49:34.421] [Render thread/DEBUG] [net.minecraftforge.registries.ForgeRegistry/REGISTRIES]: Registry forge:global_loot_modifier_serializers Sync: ACTIVE -> STAGING
[08May2025 23:49:34.421] [Render thread/DEBUG] [net.minecraftforge.registries.ForgeRegistry/REGISTRIES]: Registry forge:biome_modifier_serializers Sync: ACTIVE -> STAGING
[08May2025 23:49:34.421] [Render thread/DEBUG] [net.minecraftforge.registries.ForgeRegistry/REGISTRIES]: Registry forge:fluid_type Sync: ACTIVE -> STAGING
[08May2025 23:49:34.421] [Render thread/DEBUG] [net.minecraftforge.registries.ForgeRegistry/REGISTRIES]: Registry forge:structure_modifier_serializers Sync: ACTIVE -> STAGING
[08May2025 23:49:34.421] [Render thread/DEBUG] [net.minecraftforge.registries.ForgeRegistry/REGISTRIES]: Registry forge:holder_set_type Sync: ACTIVE -> STAGING
[08May2025 23:49:34.421] [Render thread/DEBUG] [net.minecraftforge.registries.ForgeRegistry/REGISTRIES]: Registry forge:display_contexts Sync: ACTIVE -> STAGING
[08May2025 23:49:34.730] [Render thread/DEBUG] [net.minecraftforge.registries.ObjectHolderRegistry/REGISTRIES]: Applying holder lookups
[08May2025 23:49:34.733] [Render thread/DEBUG] [net.minecraftforge.registries.ObjectHolderRegistry/REGISTRIES]: Holder lookups applied
[08May2025 23:49:34.751] [Render thread/DEBUG] [net.minecraftforge.server.ServerLifecycleHooks/CORE]: Generating PackInfo named mod:mixinextras for mod file C:\Users\chris\.gradle\caches\modules-2\files-2.1\io.github.llamalad7\mixinextras-forge\0.4.1\5c35573a7b76103724799ca1174a69699b8a9aec\mixinextras-forge-0.4.1.jar
[08May2025 23:49:34.752] [Render thread/DEBUG] [net.minecraftforge.server.ServerLifecycleHooks/CORE]: Generating PackInfo named mod:terrablender for mod file C:\Users\chris\.gradle\caches\forge_gradle\deobf_dependencies\com\github\glitchfiend\TerraBlender-forge\1.20.1-3.0.0.169_mapped_parchment_2023.09.03-1.20.1\TerraBlender-forge-1.20.1-3.0.0.169_mapped_parchment_2023.09.03-1.20.1.jar
[08May2025 23:49:34.752] [Render thread/DEBUG] [net.minecraftforge.server.ServerLifecycleHooks/CORE]: Generating PackInfo named mod:geckolib for mod file C:\Users\chris\.gradle\caches\forge_gradle\deobf_dependencies\software\bernie\geckolib\geckolib-forge-1.20.1\4.4.9_mapped_parchment_2023.09.03-1.20.1\geckolib-forge-1.20.1-4.4.9_mapped_parchment_2023.09.03-1.20.1.jar
[08May2025 23:49:34.753] [Render thread/DEBUG] [net.minecraftforge.server.ServerLifecycleHooks/CORE]: Generating PackInfo named mod:playeranimator for mod file C:\Users\chris\.gradle\caches\forge_gradle\deobf_dependencies\dev\kosmx\player-anim\player-animation-lib-forge\1.0.2-rc1+1.20_mapped_parchment_2023.09.03-1.20.1\player-animation-lib-forge-1.0.2-rc1+1.20_mapped_parchment_2023.09.03-1.20.1.jar
[08May2025 23:49:34.753] [Render thread/DEBUG] [net.minecraftforge.server.ServerLifecycleHooks/CORE]: Generating PackInfo named mod:codexa for mod file F:\Programming_Projects\Java\Minecraft_Mod\build\resources\main
[08May2025 23:49:34.753] [Render thread/DEBUG] [net.minecraftforge.server.ServerLifecycleHooks/CORE]: Generating PackInfo named mod:jei for mod file C:\Users\chris\.gradle\caches\forge_gradle\deobf_dependencies\mezz\jei\jei-1.20.1-forge\15.8.2.26_mapped_parchment_2023.09.03-1.20.1\jei-1.20.1-forge-15.8.2.26_mapped_parchment_2023.09.03-1.20.1.jar
[08May2025 23:49:34.754] [Render thread/DEBUG] [net.minecraftforge.server.ServerLifecycleHooks/CORE]: Generating PackInfo named mod:cloth_config for mod file C:\Users\chris\.gradle\caches\forge_gradle\deobf_dependencies\me\shedaniel\cloth\cloth-config-forge\11.1.136_mapped_parchment_2023.09.03-1.20.1\cloth-config-forge-11.1.136_mapped_parchment_2023.09.03-1.20.1.jar
[08May2025 23:49:34.754] [Render thread/DEBUG] [net.minecraftforge.server.ServerLifecycleHooks/CORE]: Generating PackInfo named mod:bettercombat for mod file C:\Users\chris\.gradle\caches\forge_gradle\deobf_dependencies\maven\modrinth\better-combat\1.8.6+1.20.1-forge_mapped_parchment_2023.09.03-1.20.1\better-combat-1.8.6+1.20.1-forge_mapped_parchment_2023.09.03-1.20.1.jar
[08May2025 23:49:34.754] [Render thread/DEBUG] [net.minecraftforge.server.ServerLifecycleHooks/CORE]: Generating PackInfo named mod:forge for mod file /
[08May2025 23:49:34.754] [Render thread/DEBUG] [net.minecraftforge.server.ServerLifecycleHooks/CORE]: Generating PackInfo named mod:curios for mod file C:\Users\chris\.gradle\caches\forge_gradle\deobf_dependencies\top\theillusivec4\curios\curios-forge\5.12.1+1.20.1_mapped_parchment_2023.09.03-1.20.1\curios-forge-5.12.1+1.20.1_mapped_parchment_2023.09.03-1.20.1.jar
[08May2025 23:49:35.219] [Render thread/DEBUG] [mixin/]: Mixing MixinPrimaryLevelData from terrablender.mixins.json into net.minecraft.world.level.storage.PrimaryLevelData
[08May2025 23:49:35.367] [Render thread/DEBUG] [net.minecraftforge.coremod.transformer.CoreModBaseTransformer/COREMOD]: Transforming net/minecraft/server/commands/SummonCommand
[08May2025 23:49:35.679] [Worker-Main-9/DEBUG] [mixin/]: Mixing MixinNbtPredicate from curios.mixins.json into net.minecraft.advancements.critereon.NbtPredicate
[08May2025 23:49:35.710] [Worker-Main-9/DEBUG] [net.minecraftforge.coremod.transformer.CoreModBaseTransformer/COREMOD]: Transforming net/minecraft/world/entity/raid/Raid
[08May2025 23:49:35.946] [Render thread/INFO] [net.minecraft.world.item.crafting.RecipeManager/]: Loaded 7 recipes
[08May2025 23:49:36.003] [Render thread/INFO] [net.minecraft.advancements.AdvancementList/]: Loaded 1282 advancements
[08May2025 23:49:36.008] [Render thread/INFO] [top.theillusivec4.curios.Curios/]: Loaded 10 curio slots
[08May2025 23:49:36.011] [Render thread/ERROR] [top.theillusivec4.curios.Curios/]: feet is not a registered slot type!
[08May2025 23:49:36.011] [Render thread/ERROR] [top.theillusivec4.curios.Curios/]: glove is not a registered slot type!
[08May2025 23:49:36.011] [Render thread/INFO] [top.theillusivec4.curios.Curios/]: Loaded 1 curio entities
[08May2025 23:49:36.342] [Render thread/DEBUG] [net.minecraftforge.common.ForgeHooks/WP]: Gathering id map for writing to world save New World
[08May2025 23:49:36.360] [Render thread/DEBUG] [net.minecraftforge.common.ForgeHooks/WP]: ID Map collection complete New World
[08May2025 23:49:36.410] [Server thread/INFO] [net.minecraft.client.server.IntegratedServer/]: Starting integrated minecraft server version 1.20.1
[08May2025 23:49:36.410] [Server thread/INFO] [net.minecraft.server.MinecraftServer/]: Generating keypair
[08May2025 23:49:36.450] [Server thread/DEBUG] [net.minecraftforge.fml.config.ConfigTracker/CONFIG]: Loading configs type SERVER
[08May2025 23:49:36.451] [Server thread/DEBUG] [net.minecraftforge.fml.config.ConfigFileTypeHandler/CONFIG]: Built TOML config for .\saves\New World\serverconfig\jei-server.toml
[08May2025 23:49:36.460] [Server thread/DEBUG] [net.minecraftforge.fml.config.ConfigFileTypeHandler/CONFIG]: Loaded TOML config file .\saves\New World\serverconfig\jei-server.toml
[08May2025 23:49:36.461] [Server thread/DEBUG] [net.minecraftforge.fml.config.ConfigFileTypeHandler/CONFIG]: Watching TOML config file .\saves\New World\serverconfig\jei-server.toml for changes
[08May2025 23:49:36.461] [Server thread/DEBUG] [net.minecraftforge.fml.config.ConfigFileTypeHandler/CONFIG]: Built TOML config for .\saves\New World\serverconfig\curios-server.toml
[08May2025 23:49:36.467] [Server thread/DEBUG] [net.minecraftforge.fml.config.ConfigFileTypeHandler/CONFIG]: Loaded TOML config file .\saves\New World\serverconfig\curios-server.toml
[08May2025 23:49:36.468] [Server thread/DEBUG] [net.minecraftforge.fml.config.ConfigFileTypeHandler/CONFIG]: Watching TOML config file .\saves\New World\serverconfig\curios-server.toml for changes
[08May2025 23:49:36.468] [Thread-3/DEBUG] [net.minecraftforge.fml.config.ConfigFileTypeHandler/CONFIG]: Config file curios-server.toml changed, sending notifies
[08May2025 23:49:36.468] [Server thread/DEBUG] [net.minecraftforge.fml.config.ConfigFileTypeHandler/CONFIG]: Built TOML config for .\saves\New World\serverconfig\forge-server.toml
[08May2025 23:49:36.469] [Thread-3/DEBUG] [net.minecraftforge.fml.config.ConfigFileTypeHandler/CONFIG]: Config file curios-server.toml changed, sending notifies
[08May2025 23:49:36.475] [Server thread/DEBUG] [net.minecraftforge.fml.config.ConfigFileTypeHandler/CONFIG]: Loaded TOML config file .\saves\New World\serverconfig\forge-server.toml
[08May2025 23:49:36.475] [Server thread/DEBUG] [net.minecraftforge.fml.config.ConfigFileTypeHandler/CONFIG]: Watching TOML config file .\saves\New World\serverconfig\forge-server.toml for changes
[08May2025 23:49:36.475] [Server thread/DEBUG] [net.minecraftforge.common.ForgeConfig/FORGEMOD]: Loaded forge config file forge-server.toml
[08May2025 23:49:36.476] [Thread-3/DEBUG] [net.minecraftforge.fml.config.ConfigFileTypeHandler/CONFIG]: Config file forge-server.toml changed, sending notifies
[08May2025 23:49:36.476] [Thread-3/DEBUG] [net.minecraftforge.common.ForgeConfig/FORGEMOD]: Forge config just got changed on the file system!
[08May2025 23:49:36.504] [Server thread/INFO] [terrablender/]: Registered region minecraft:overworld to index 0 for type OVERWORLD
[08May2025 23:49:36.504] [Server thread/INFO] [terrablender/]: Registered region minecraft:nether to index 0 for type NETHER
[08May2025 23:49:36.629] [Server thread/INFO] [terrablender/]: Initialized TerraBlender biomes for level stem minecraft:overworld
[08May2025 23:49:36.629] [Server thread/INFO] [terrablender/]: Initialized TerraBlender biomes for level stem minecraft:the_nether
[08May2025 23:49:36.636] [Server thread/DEBUG] [net.minecraftforge.coremod.transformer.CoreModBaseTransformer/COREMOD]: Transforming net/minecraft/world/level/levelgen/PhantomSpawner
[08May2025 23:49:36.645] [Server thread/DEBUG] [net.minecraftforge.coremod.transformer.CoreModBaseTransformer/COREMOD]: Transforming net/minecraft/world/level/levelgen/PatrolSpawner
[08May2025 23:49:36.648] [Server thread/DEBUG] [net.minecraftforge.coremod.transformer.CoreModBaseTransformer/COREMOD]: Transforming net/minecraft/world/entity/npc/CatSpawner
[08May2025 23:49:36.651] [Server thread/DEBUG] [net.minecraftforge.coremod.transformer.CoreModBaseTransformer/COREMOD]: Transforming net/minecraft/world/entity/ai/village/VillageSiege
[08May2025 23:49:37.875] [Server thread/INFO] [net.minecraft.server.MinecraftServer/]: Preparing start region for dimension minecraft:overworld
[08May2025 23:49:39.838] [Server thread/DEBUG] [net.minecraftforge.coremod.transformer.CoreModBaseTransformer/COREMOD]: Transforming net/minecraft/world/level/levelgen/structure/templatesystem/StructureTemplate
[08May2025 23:49:40.746] [Render thread/INFO] [net.minecraft.server.level.progress.LoggerChunkProgressListener/]: Preparing spawn area: 0%
[08May2025 23:49:40.783] [Render thread/INFO] [net.minecraft.server.level.progress.LoggerChunkProgressListener/]: Preparing spawn area: 0%
[08May2025 23:49:40.783] [Render thread/INFO] [net.minecraft.server.level.progress.LoggerChunkProgressListener/]: Preparing spawn area: 0%
[08May2025 23:49:40.802] [Render thread/INFO] [net.minecraft.server.level.progress.LoggerChunkProgressListener/]: Preparing spawn area: 0%
[08May2025 23:49:40.802] [Render thread/INFO] [net.minecraft.server.level.progress.LoggerChunkProgressListener/]: Preparing spawn area: 0%
[08May2025 23:49:40.802] [Render thread/INFO] [net.minecraft.server.level.progress.LoggerChunkProgressListener/]: Preparing spawn area: 0%
[08May2025 23:49:40.894] [Render thread/INFO] [net.minecraft.server.level.progress.LoggerChunkProgressListener/]: Preparing spawn area: 0%
[08May2025 23:49:41.388] [Render thread/INFO] [net.minecraft.server.level.progress.LoggerChunkProgressListener/]: Preparing spawn area: 0%
[08May2025 23:49:41.892] [Render thread/INFO] [net.minecraft.server.level.progress.LoggerChunkProgressListener/]: Preparing spawn area: 77%
[08May2025 23:49:42.010] [Server thread/INFO] [net.minecraftforge.server.permission.PermissionAPI/]: Successfully initialized permission handler forge:default_handler
[08May2025 23:49:42.012] [Render thread/INFO] [net.minecraft.server.level.progress.LoggerChunkProgressListener/]: Time elapsed: 4132 ms
[08May2025 23:49:42.040] [Server thread/INFO] [net.bettercombat.logic.WeaponRegistry/]: Encoded Weapon Attribute registry size (with package overhead): 9821 bytes (in 1 string chunks with the size of 10000)
[08May2025 23:49:42.130] [Server thread/DEBUG] [net.minecraftforge.coremod.transformer.CoreModBaseTransformer/COREMOD]: Transforming net/minecraft/world/level/NaturalSpawner
[08May2025 23:49:42.167] [Server thread/INFO] [net.minecraft.client.server.IntegratedServer/]: Changing view distance to 16, from 10
[08May2025 23:49:42.168] [Server thread/INFO] [net.minecraft.client.server.IntegratedServer/]: Changing simulation distance to 12, from 0
[08May2025 23:49:42.183] [Render thread/DEBUG] [io.netty.channel.MultithreadEventLoopGroup/]: -Dio.netty.eventLoopThreads: 24
[08May2025 23:49:42.198] [Render thread/DEBUG] [io.netty.util.internal.InternalThreadLocalMap/]: -Dio.netty.threadLocalMap.stringBuilder.initialSize: 1024
[08May2025 23:49:42.198] [Render thread/DEBUG] [io.netty.util.internal.InternalThreadLocalMap/]: -Dio.netty.threadLocalMap.stringBuilder.maxSize: 4096
[08May2025 23:49:42.204] [Render thread/DEBUG] [io.netty.channel.nio.NioEventLoop/]: -Dio.netty.noKeySetOptimization: false
[08May2025 23:49:42.204] [Render thread/DEBUG] [io.netty.channel.nio.NioEventLoop/]: -Dio.netty.selectorAutoRebuildThreshold: 512
[08May2025 23:49:42.208] [Render thread/DEBUG] [io.netty.util.internal.PlatformDependent/]: org.jctools-core.MpscChunkedArrayQueue: available
[08May2025 23:49:42.243] [Render thread/DEBUG] [io.netty.channel.DefaultChannelId/]: -Dio.netty.processId: 28648 (auto-detected)
[08May2025 23:49:42.247] [Render thread/WARN] [io.netty.util.internal.SystemPropertyUtil/]: Unable to parse the boolean system property 'java.net.preferIPv6Addresses':system - using the default value: false
[08May2025 23:49:42.247] [Render thread/DEBUG] [io.netty.util.NetUtil/]: -Djava.net.preferIPv4Stack: false
[08May2025 23:49:42.247] [Render thread/DEBUG] [io.netty.util.NetUtil/]: -Djava.net.preferIPv6Addresses: false
[08May2025 23:49:42.255] [Render thread/DEBUG] [io.netty.util.NetUtilInitializations/]: Loopback interface: lo (Software Loopback Interface 1, 127.0.0.1)
[08May2025 23:49:42.258] [Render thread/DEBUG] [io.netty.util.NetUtil/]: Failed to get SOMAXCONN from sysctl and file \proc\sys\net\core\somaxconn. Default: 200
[08May2025 23:49:42.267] [Render thread/DEBUG] [io.netty.channel.DefaultChannelId/]: -Dio.netty.machineId: 74:56:3c:ff:fe:65:82:93 (auto-detected)
[08May2025 23:49:42.300] [Render thread/DEBUG] [io.netty.buffer.PooledByteBufAllocator/]: -Dio.netty.allocator.numHeapArenas: 24
[08May2025 23:49:42.300] [Render thread/DEBUG] [io.netty.buffer.PooledByteBufAllocator/]: -Dio.netty.allocator.numDirectArenas: 24
[08May2025 23:49:42.300] [Render thread/DEBUG] [io.netty.buffer.PooledByteBufAllocator/]: -Dio.netty.allocator.pageSize: 8192
[08May2025 23:49:42.300] [Render thread/DEBUG] [io.netty.buffer.PooledByteBufAllocator/]: -Dio.netty.allocator.maxOrder: 9
[08May2025 23:49:42.300] [Render thread/DEBUG] [io.netty.buffer.PooledByteBufAllocator/]: -Dio.netty.allocator.chunkSize: 4194304
[08May2025 23:49:42.300] [Render thread/DEBUG] [io.netty.buffer.PooledByteBufAllocator/]: -Dio.netty.allocator.smallCacheSize: 256
[08May2025 23:49:42.300] [Render thread/DEBUG] [io.netty.buffer.PooledByteBufAllocator/]: -Dio.netty.allocator.normalCacheSize: 64
[08May2025 23:49:42.300] [Render thread/DEBUG] [io.netty.buffer.PooledByteBufAllocator/]: -Dio.netty.allocator.maxCachedBufferCapacity: 32768
[08May2025 23:49:42.300] [Render thread/DEBUG] [io.netty.buffer.PooledByteBufAllocator/]: -Dio.netty.allocator.cacheTrimInterval: 8192
[08May2025 23:49:42.300] [Render thread/DEBUG] [io.netty.buffer.PooledByteBufAllocator/]: -Dio.netty.allocator.cacheTrimIntervalMillis: 0
[08May2025 23:49:42.300] [Render thread/DEBUG] [io.netty.buffer.PooledByteBufAllocator/]: -Dio.netty.allocator.useCacheForAllThreads: false
[08May2025 23:49:42.300] [Render thread/DEBUG] [io.netty.buffer.PooledByteBufAllocator/]: -Dio.netty.allocator.maxCachedByteBuffersPerChunk: 1023
[08May2025 23:49:42.315] [Render thread/DEBUG] [io.netty.buffer.ByteBufUtil/]: -Dio.netty.allocator.type: pooled
[08May2025 23:49:42.315] [Render thread/DEBUG] [io.netty.buffer.ByteBufUtil/]: -Dio.netty.threadLocalDirectBufferSize: 0
[08May2025 23:49:42.315] [Render thread/DEBUG] [io.netty.buffer.ByteBufUtil/]: -Dio.netty.maxThreadLocalCharBufferSize: 16384
[08May2025 23:49:42.351] [Netty Local Client IO #0/DEBUG] [net.minecraftforge.network.HandshakeHandler/FMLHANDSHAKE]: Starting local connection.
[08May2025 23:49:42.473] [Netty Local Client IO #0/DEBUG] [io.netty.util.Recycler/]: -Dio.netty.recycler.maxCapacityPerThread: 4096
[08May2025 23:49:42.473] [Netty Local Client IO #0/DEBUG] [io.netty.util.Recycler/]: -Dio.netty.recycler.ratio: 8
[08May2025 23:49:42.473] [Netty Local Client IO #0/DEBUG] [io.netty.util.Recycler/]: -Dio.netty.recycler.chunkSize: 32
[08May2025 23:49:42.473] [Netty Local Client IO #0/DEBUG] [io.netty.util.Recycler/]: -Dio.netty.recycler.blocking: false
[08May2025 23:49:42.481] [Netty Server IO #1/DEBUG] [net.minecraftforge.network.HandshakeHandler/FMLHANDSHAKE]: Starting local connection.
[08May2025 23:49:42.518] [Server thread/DEBUG] [net.minecraftforge.network.HandshakeHandler/FMLHANDSHAKE]: Sending ticking packet info 'net.minecraftforge.network.HandshakeMessages$S2CModData' to 'fml:handshake' sequence 0
[08May2025 23:49:42.524] [Netty Local Client IO #0/DEBUG] [net.minecraftforge.network.LoginWrapper/FMLHANDSHAKE]: Recieved login wrapper packet event for channel fml:handshake with index 0
[08May2025 23:49:42.564] [Server thread/DEBUG] [net.minecraftforge.network.HandshakeHandler/FMLHANDSHAKE]: Sending ticking packet info 'net.minecraftforge.network.HandshakeMessages$S2CModList' to 'fml:handshake' sequence 1
[08May2025 23:49:42.565] [Netty Local Client IO #0/DEBUG] [net.minecraftforge.network.LoginWrapper/FMLHANDSHAKE]: Recieved login wrapper packet event for channel fml:handshake with index 1
[08May2025 23:49:42.566] [Netty Local Client IO #0/DEBUG] [net.minecraftforge.network.HandshakeHandler/FMLHANDSHAKE]: Logging into server with mod list [minecraft, mixinextras, terrablender, geckolib, playeranimator, codexa, jei, cloth_config, bettercombat, forge, curios]
[08May2025 23:49:42.567] [Netty Local Client IO #0/DEBUG] [net.minecraftforge.network.NetworkRegistry/NETREGISTRY]: Channel 'fml:loginwrapper' : Version test of 'FML3' from server : ACCEPTED
[08May2025 23:49:42.568] [Netty Local Client IO #0/DEBUG] [net.minecraftforge.network.NetworkRegistry/NETREGISTRY]: Channel 'forge:tier_sorting' : Version test of '1.0' from server : ACCEPTED
[08May2025 23:49:42.568] [Netty Local Client IO #0/DEBUG] [net.minecraftforge.network.NetworkRegistry/NETREGISTRY]: Channel 'fml:handshake' : Version test of 'FML3' from server : ACCEPTED
[08May2025 23:49:42.568] [Netty Local Client IO #0/DEBUG] [net.minecraftforge.network.NetworkRegistry/NETREGISTRY]: Channel 'bettercombat:network' : Version test of '1.0' from server : ACCEPTED
[08May2025 23:49:42.568] [Netty Local Client IO #0/DEBUG] [net.minecraftforge.network.NetworkRegistry/NETREGISTRY]: Channel 'curios:main' : Version test of '1' from server : ACCEPTED
[08May2025 23:49:42.568] [Netty Local Client IO #0/DEBUG] [net.minecraftforge.network.NetworkRegistry/NETREGISTRY]: Channel 'jei:channel' : Version test of '1.0.0' from server : ACCEPTED
[08May2025 23:49:42.568] [Netty Local Client IO #0/DEBUG] [net.minecraftforge.network.NetworkRegistry/NETREGISTRY]: Channel 'minecraft:unregister' : Version test of 'FML3' from server : ACCEPTED
[08May2025 23:49:42.568] [Netty Local Client IO #0/DEBUG] [net.minecraftforge.network.NetworkRegistry/NETREGISTRY]: Channel 'fml:play' : Version test of 'FML3' from server : ACCEPTED
[08May2025 23:49:42.568] [Netty Local Client IO #0/DEBUG] [net.minecraftforge.network.NetworkRegistry/NETREGISTRY]: Channel 'minecraft:register' : Version test of 'FML3' from server : ACCEPTED
[08May2025 23:49:42.568] [Netty Local Client IO #0/DEBUG] [net.minecraftforge.network.NetworkRegistry/NETREGISTRY]: Channel 'forge:split' : Version test of '1.1' from server : ACCEPTED
[08May2025 23:49:42.568] [Netty Local Client IO #0/DEBUG] [net.minecraftforge.network.NetworkRegistry/NETREGISTRY]: Channel 'geckolib:main' : Version test of '1' from server : ACCEPTED
[08May2025 23:49:42.568] [Netty Local Client IO #0/DEBUG] [net.minecraftforge.network.NetworkRegistry/NETREGISTRY]: Accepting channel list from server
[08May2025 23:49:42.570] [Netty Local Client IO #0/DEBUG] [net.minecraftforge.network.LoginWrapper/FMLHANDSHAKE]: Dispatching wrapped packet reply for channel fml:handshake with index 1
[08May2025 23:49:42.570] [Netty Local Client IO #0/DEBUG] [net.minecraftforge.network.HandshakeHandler/FMLHANDSHAKE]: Accepted server connection
[08May2025 23:49:42.570] [Netty Server IO #1/DEBUG] [net.minecraftforge.network.LoginWrapper/FMLHANDSHAKE]: Recieved login wrapper packet event for channel fml:handshake with index 1
[08May2025 23:49:42.570] [Netty Server IO #1/DEBUG] [net.minecraftforge.network.HandshakeHandler/FMLHANDSHAKE]: Received client indexed reply 1 of type net.minecraftforge.network.HandshakeMessages$C2SModListReply
[08May2025 23:49:42.571] [Netty Server IO #1/DEBUG] [net.minecraftforge.network.HandshakeHandler/FMLHANDSHAKE]: Received client connection with modlist [minecraft, mixinextras, terrablender, geckolib, playeranimator, codexa, jei, cloth_config, bettercombat, forge, curios]
[08May2025 23:49:42.571] [Netty Local Client IO #0/DEBUG] [net.minecraftforge.network.HandshakeHandler/REGISTRIES]: Expecting 19 registries: [minecraft:command_argument_type, minecraft:recipe_serializer, minecraft:sound_event, minecraft:particle_type, minecraft:villager_profession, minecraft:item, minecraft:potion, minecraft:painting_variant, forge:fluid_type, minecraft:block_entity_type, forge:display_contexts, minecraft:block, forge:entity_data_serializers, minecraft:mob_effect, minecraft:stat_type, minecraft:menu, minecraft:enchantment, minecraft:fluid, minecraft:entity_type]
[08May2025 23:49:42.571] [Netty Server IO #1/DEBUG] [net.minecraftforge.network.NetworkRegistry/NETREGISTRY]: Channel 'fml:loginwrapper' : Version test of 'FML3' from client : ACCEPTED
[08May2025 23:49:42.571] [Netty Server IO #1/DEBUG] [net.minecraftforge.network.NetworkRegistry/NETREGISTRY]: Channel 'forge:tier_sorting' : Version test of '1.0' from client : ACCEPTED
[08May2025 23:49:42.571] [Netty Server IO #1/DEBUG] [net.minecraftforge.network.NetworkRegistry/NETREGISTRY]: Channel 'fml:handshake' : Version test of 'FML3' from client : ACCEPTED
[08May2025 23:49:42.571] [Netty Server IO #1/DEBUG] [net.minecraftforge.network.NetworkRegistry/NETREGISTRY]: Channel 'bettercombat:network' : Version test of '1.0' from client : ACCEPTED
[08May2025 23:49:42.571] [Netty Server IO #1/DEBUG] [net.minecraftforge.network.NetworkRegistry/NETREGISTRY]: Channel 'curios:main' : Version test of '1' from client : ACCEPTED
[08May2025 23:49:42.571] [Netty Server IO #1/DEBUG] [net.minecraftforge.network.NetworkRegistry/NETREGISTRY]: Channel 'jei:channel' : Version test of '1.0.0' from client : ACCEPTED
[08May2025 23:49:42.571] [Netty Server IO #1/DEBUG] [net.minecraftforge.network.NetworkRegistry/NETREGISTRY]: Channel 'minecraft:unregister' : Version test of 'FML3' from client : ACCEPTED
[08May2025 23:49:42.571] [Netty Server IO #1/DEBUG] [net.minecraftforge.network.NetworkRegistry/NETREGISTRY]: Channel 'fml:play' : Version test of 'FML3' from client : ACCEPTED
[08May2025 23:49:42.571] [Netty Server IO #1/DEBUG] [net.minecraftforge.network.NetworkRegistry/NETREGISTRY]: Channel 'minecraft:register' : Version test of 'FML3' from client : ACCEPTED
[08May2025 23:49:42.571] [Netty Server IO #1/DEBUG] [net.minecraftforge.network.NetworkRegistry/NETREGISTRY]: Channel 'forge:split' : Version test of '1.1' from client : ACCEPTED
[08May2025 23:49:42.571] [Netty Server IO #1/DEBUG] [net.minecraftforge.network.NetworkRegistry/NETREGISTRY]: Channel 'geckolib:main' : Version test of '1' from client : ACCEPTED
[08May2025 23:49:42.571] [Netty Server IO #1/DEBUG] [net.minecraftforge.network.NetworkRegistry/NETREGISTRY]: Accepting channel list from client
[08May2025 23:49:42.572] [Netty Server IO #1/DEBUG] [net.minecraftforge.network.HandshakeHandler/FMLHANDSHAKE]: Accepted client connection mod list
[08May2025 23:49:42.609] [Server thread/DEBUG] [net.minecraftforge.network.HandshakeHandler/FMLHANDSHAKE]: Sending ticking packet info 'Config curios-server.toml' to 'fml:handshake' sequence 2
[08May2025 23:49:42.610] [Netty Local Client IO #0/DEBUG] [net.minecraftforge.network.LoginWrapper/FMLHANDSHAKE]: Recieved login wrapper packet event for channel fml:handshake with index 2
[08May2025 23:49:42.610] [Netty Local Client IO #0/DEBUG] [net.minecraftforge.network.HandshakeHandler/FMLHANDSHAKE]: Received config sync from server
[08May2025 23:49:42.610] [Netty Local Client IO #0/DEBUG] [net.minecraftforge.network.LoginWrapper/FMLHANDSHAKE]: Dispatching wrapped packet reply for channel fml:handshake with index 2
[08May2025 23:49:42.610] [Netty Server IO #1/DEBUG] [net.minecraftforge.network.LoginWrapper/FMLHANDSHAKE]: Recieved login wrapper packet event for channel fml:handshake with index 2
[08May2025 23:49:42.610] [Netty Server IO #1/DEBUG] [net.minecraftforge.network.HandshakeHandler/FMLHANDSHAKE]: Received client indexed reply 2 of type net.minecraftforge.network.HandshakeMessages$C2SAcknowledge
[08May2025 23:49:42.610] [Netty Server IO #1/DEBUG] [net.minecraftforge.network.HandshakeHandler/FMLHANDSHAKE]: Received acknowledgement from client
[08May2025 23:49:42.658] [Server thread/DEBUG] [net.minecraftforge.network.HandshakeHandler/FMLHANDSHAKE]: Sending ticking packet info 'Config jei-server.toml' to 'fml:handshake' sequence 3
[08May2025 23:49:42.658] [Netty Local Client IO #0/DEBUG] [net.minecraftforge.network.LoginWrapper/FMLHANDSHAKE]: Recieved login wrapper packet event for channel fml:handshake with index 3
[08May2025 23:49:42.658] [Netty Local Client IO #0/DEBUG] [net.minecraftforge.network.HandshakeHandler/FMLHANDSHAKE]: Received config sync from server
[08May2025 23:49:42.658] [Netty Local Client IO #0/DEBUG] [net.minecraftforge.network.LoginWrapper/FMLHANDSHAKE]: Dispatching wrapped packet reply for channel fml:handshake with index 3
[08May2025 23:49:42.658] [Netty Server IO #1/DEBUG] [net.minecraftforge.network.LoginWrapper/FMLHANDSHAKE]: Recieved login wrapper packet event for channel fml:handshake with index 3
[08May2025 23:49:42.658] [Netty Server IO #1/DEBUG] [net.minecraftforge.network.HandshakeHandler/FMLHANDSHAKE]: Received client indexed reply 3 of type net.minecraftforge.network.HandshakeMessages$C2SAcknowledge
[08May2025 23:49:42.658] [Netty Server IO #1/DEBUG] [net.minecraftforge.network.HandshakeHandler/FMLHANDSHAKE]: Received acknowledgement from client
[08May2025 23:49:42.712] [Server thread/DEBUG] [net.minecraftforge.network.HandshakeHandler/FMLHANDSHAKE]: Sending ticking packet info 'Config forge-server.toml' to 'fml:handshake' sequence 4
[08May2025 23:49:42.712] [Netty Local Client IO #0/DEBUG] [net.minecraftforge.network.LoginWrapper/FMLHANDSHAKE]: Recieved login wrapper packet event for channel fml:handshake with index 4
[08May2025 23:49:42.712] [Netty Local Client IO #0/DEBUG] [net.minecraftforge.network.HandshakeHandler/FMLHANDSHAKE]: Received config sync from server
[08May2025 23:49:42.712] [Netty Local Client IO #0/DEBUG] [net.minecraftforge.network.LoginWrapper/FMLHANDSHAKE]: Dispatching wrapped packet reply for channel fml:handshake with index 4
[08May2025 23:49:42.713] [Netty Server IO #1/DEBUG] [net.minecraftforge.network.LoginWrapper/FMLHANDSHAKE]: Recieved login wrapper packet event for channel fml:handshake with index 4
[08May2025 23:49:42.713] [Netty Server IO #1/DEBUG] [net.minecraftforge.network.HandshakeHandler/FMLHANDSHAKE]: Received client indexed reply 4 of type net.minecraftforge.network.HandshakeMessages$C2SAcknowledge
[08May2025 23:49:42.713] [Netty Server IO #1/DEBUG] [net.minecraftforge.network.HandshakeHandler/FMLHANDSHAKE]: Received acknowledgement from client
[08May2025 23:49:42.763] [Server thread/DEBUG] [net.minecraftforge.network.HandshakeHandler/FMLHANDSHAKE]: Handshake complete!
[08May2025 23:49:42.806] [Netty Local Client IO #0/INFO] [net.minecraftforge.network.NetworkHooks/]: Connected to a modded server.
[08May2025 23:49:42.872] [Server thread/INFO] [net.minecraft.server.players.PlayerList/]: Dev[local:E:e9b42e67] logged in with entity id 116 at (476.41517316019144, 64.0, 455.54743980009096)
[08May2025 23:49:42.924] [Server thread/INFO] [net.minecraft.server.MinecraftServer/]: Dev joined the game
[08May2025 23:49:42.948] [Netty Local Client IO #0/INFO] [net.bettercombat.logic.WeaponRegistry/]: Decoded Weapon Attribute registry in 1 string chunks
[08May2025 23:49:44.128] [Render thread/INFO] [mezz.jei.forge.startup.StartEventObserver/]: JEI StartEventObserver received class net.minecraftforge.client.event.ClientPlayerNetworkEvent$LoggingIn
[08May2025 23:49:44.128] [Render thread/INFO] [mezz.jei.forge.startup.StartEventObserver/]: JEI StartEventObserver transitioning state from DISABLED to ENABLED
[08May2025 23:49:44.317] [Render thread/INFO] [mezz.jei.forge.startup.StartEventObserver/]: JEI StartEventObserver received class net.minecraftforge.client.event.RecipesUpdatedEvent
[08May2025 23:49:44.334] [Render thread/INFO] [mezz.jei.forge.startup.StartEventObserver/]: JEI StartEventObserver received class net.minecraftforge.event.TagsUpdatedEvent
[08May2025 23:49:44.334] [Render thread/INFO] [mezz.jei.forge.startup.StartEventObserver/]: JEI StartEventObserver transitioning state from ENABLED to JEI_STARTED
[08May2025 23:49:44.336] [Render thread/INFO] [mezz.jei.core.util.LoggedTimer/]: Starting JEI...
[08May2025 23:49:44.348] [Render thread/INFO] [mezz.jei.library.load.PluginCaller/]: Registering item subtypes...
[08May2025 23:49:44.350] [Render thread/DEBUG] [mezz.jei.library.load.PluginCallerTimerRunnable/]: Registering item subtypes: jei:minecraft...
[08May2025 23:49:44.356] [Render thread/DEBUG] [mezz.jei.library.load.PluginCallerTimerRunnable/]: Registering item subtypes: jei:debug...
[08May2025 23:49:44.357] [Render thread/DEBUG] [mezz.jei.library.load.PluginCallerTimerRunnable/]: Registering item subtypes: jei:gui...
[08May2025 23:49:44.357] [Render thread/DEBUG] [mezz.jei.library.load.PluginCallerTimerRunnable/]: Registering item subtypes: jei:forge_gui...
[08May2025 23:49:44.357] [Render thread/DEBUG] [mezz.jei.library.load.PluginCallerTimerRunnable/]: Registering item subtypes: curios:curios...
[08May2025 23:49:44.357] [Render thread/DEBUG] [mezz.jei.library.load.PluginCallerTimerRunnable/]: Registering item subtypes: jei:internal...
[08May2025 23:49:44.359] [Render thread/INFO] [mezz.jei.library.load.PluginCaller/]: Registering item subtypes took 8.518 ms
[08May2025 23:49:44.359] [Render thread/INFO] [mezz.jei.library.load.PluginCaller/]: Registering fluid subtypes...
[08May2025 23:49:44.360] [Render thread/DEBUG] [mezz.jei.library.load.PluginCallerTimerRunnable/]: Registering fluid subtypes: jei:minecraft...
[08May2025 23:49:44.360] [Render thread/DEBUG] [mezz.jei.library.load.PluginCallerTimerRunnable/]: Registering fluid subtypes: jei:debug...
[08May2025 23:49:44.361] [Render thread/DEBUG] [mezz.jei.library.load.PluginCallerTimerRunnable/]: Registering fluid subtypes: jei:gui...
[08May2025 23:49:44.361] [Render thread/DEBUG] [mezz.jei.library.load.PluginCallerTimerRunnable/]: Registering fluid subtypes: jei:forge_gui...
[08May2025 23:49:44.361] [Render thread/DEBUG] [mezz.jei.library.load.PluginCallerTimerRunnable/]: Registering fluid subtypes: curios:curios...
[08May2025 23:49:44.361] [Render thread/DEBUG] [mezz.jei.library.load.PluginCallerTimerRunnable/]: Registering fluid subtypes: jei:internal...
[08May2025 23:49:44.362] [Render thread/INFO] [mezz.jei.library.load.PluginCaller/]: Registering fluid subtypes took 1.799 ms
[08May2025 23:49:44.365] [Render thread/INFO] [mezz.jei.library.load.PluginCaller/]: Registering ingredients...
[08May2025 23:49:44.365] [Render thread/DEBUG] [mezz.jei.library.load.PluginCallerTimerRunnable/]: Registering ingredients: jei:minecraft...
[08May2025 23:49:44.383] [Render thread/DEBUG] [mezz.jei.library.plugins.vanilla.ingredients.ItemStackListFactory/]: Added 348/348 new items from creative tab: Building Blocks
[08May2025 23:49:44.384] [Render thread/DEBUG] [mezz.jei.library.plugins.vanilla.ingredients.ItemStackListFactory/]: Added 198/198 new items from creative tab: Colored Blocks
[08May2025 23:49:44.386] [Render thread/DEBUG] [mezz.jei.library.plugins.vanilla.ingredients.ItemStackListFactory/]: Added 202/226 new items from creative tab: Natural Blocks
[08May2025 23:49:44.393] [Render thread/DEBUG] [mezz.jei.library.plugins.vanilla.ingredients.ItemStackListFactory/]: Added 117/196 new items from creative tab: Functional Blocks
[08May2025 23:49:44.393] [Render thread/DEBUG] [mezz.jei.library.plugins.vanilla.ingredients.ItemStackListFactory/]: Added 28/62 new items from creative tab: Redstone Blocks
[08May2025 23:49:44.393] [Render thread/DEBUG] [mezz.jei.library.plugins.vanilla.ingredients.ItemStackListFactory/]: Skipping creative tab: 'Saved Hotbars' because it is type: HOTBAR
[08May2025 23:49:44.393] [Render thread/DEBUG] [mezz.jei.library.plugins.vanilla.ingredients.ItemStackListFactory/]: Skipping creative tab: 'Search Items' because it is type: SEARCH
[08May2025 23:49:44.397] [Render thread/DEBUG] [mezz.jei.library.plugins.vanilla.ingredients.ItemStackListFactory/]: Added 97/109 new items from creative tab: Tools & Utilities
[08May2025 23:49:44.402] [Render thread/DEBUG] [mezz.jei.library.plugins.vanilla.ingredients.ItemStackListFactory/]: Added 87/98 new items from creative tab: Combat
[08May2025 23:49:44.407] [Render thread/DEBUG] [mezz.jei.library.plugins.vanilla.ingredients.ItemStackListFactory/]: Added 177/180 new items from creative tab: Food & Drinks
[08May2025 23:49:44.419] [Render thread/DEBUG] [mezz.jei.library.plugins.vanilla.ingredients.ItemStackListFactory/]: Added 233/247 new items from creative tab: Ingredients
[08May2025 23:49:44.419] [Render thread/DEBUG] [mezz.jei.library.plugins.vanilla.ingredients.ItemStackListFactory/]: Added 76/76 new items from creative tab: Spawn Eggs
[08May2025 23:49:44.419] [Render thread/WARN] [mezz.jei.library.plugins.vanilla.ingredients.ItemStackListFactory/]: Item Group has no display items and no search tab display items. Items from this group will be missing from the JEI ingredient list. Operator Utilities
[08May2025 23:49:44.420] [Render thread/DEBUG] [mezz.jei.library.plugins.vanilla.ingredients.ItemStackListFactory/]: Skipping creative tab: 'Survival Inventory' because it is type: INVENTORY
[08May2025 23:49:44.420] [Render thread/DEBUG] [mezz.jei.library.plugins.vanilla.ingredients.ItemStackListFactory/]: Added 19/19 new items from creative tab: Geckolib Examples
[08May2025 23:49:44.420] [Render thread/DEBUG] [mezz.jei.library.plugins.vanilla.ingredients.ItemStackListFactory/]: Added 32/32 new items from creative tab: Codex Arcanum Blocks
[08May2025 23:49:44.421] [Render thread/DEBUG] [mezz.jei.library.plugins.vanilla.ingredients.ItemStackListFactory/]: Added 6/6 new items from creative tab: Codex Arcanum Materials
[08May2025 23:49:44.421] [Render thread/DEBUG] [mezz.jei.library.plugins.vanilla.ingredients.ItemStackListFactory/]: Added 1/1 new items from creative tab: Codex Arcanum Food
[08May2025 23:49:44.421] [Render thread/DEBUG] [mezz.jei.library.plugins.vanilla.ingredients.ItemStackListFactory/]: Added 12/12 new items from creative tab: Codex Arcanum Equipment
[08May2025 23:49:44.421] [Render thread/DEBUG] [mezz.jei.library.plugins.vanilla.ingredients.ItemStackListFactory/]: Added 2/2 new items from creative tab: Codexa Arcanum Creatures
[08May2025 23:49:44.421] [Render thread/DEBUG] [mezz.jei.library.plugins.vanilla.ingredients.ItemStackListFactory/]: Added 1/1 new items from creative tab: Codexa Arcanum Miscellaneous
[08May2025 23:49:44.439] [Render thread/INFO] [mezz.jei.library.load.PluginCallerTimerRunnable/]: Registering ingredients: jei:minecraft took 73.23 milliseconds
[08May2025 23:49:44.439] [Render thread/DEBUG] [mezz.jei.library.load.PluginCallerTimerRunnable/]: Registering ingredients: jei:debug...
[08May2025 23:49:44.439] [Render thread/DEBUG] [mezz.jei.library.load.PluginCallerTimerRunnable/]: Registering ingredients: jei:gui...
[08May2025 23:49:44.439] [Render thread/DEBUG] [mezz.jei.library.load.PluginCallerTimerRunnable/]: Registering ingredients: jei:forge_gui...
[08May2025 23:49:44.439] [Render thread/DEBUG] [mezz.jei.library.load.PluginCallerTimerRunnable/]: Registering ingredients: curios:curios...
[08May2025 23:49:44.439] [Render thread/DEBUG] [mezz.jei.library.load.PluginCallerTimerRunnable/]: Registering ingredients: jei:internal...
[08May2025 23:49:44.439] [Render thread/INFO] [mezz.jei.library.load.PluginCaller/]: Registering ingredients took 74.00 ms
[08May2025 23:49:44.450] [Render thread/INFO] [mezz.jei.library.load.PluginCaller/]: Registering categories...
[08May2025 23:49:44.450] [Render thread/DEBUG] [mezz.jei.library.load.PluginCallerTimerRunnable/]: Registering categories: jei:minecraft...
[08May2025 23:49:44.470] [Render thread/INFO] [mezz.jei.library.load.PluginCallerTimerRunnable/]: Registering categories: jei:minecraft took 19.65 milliseconds
[08May2025 23:49:44.470] [Render thread/DEBUG] [mezz.jei.library.load.PluginCallerTimerRunnable/]: Registering categories: jei:debug...
[08May2025 23:49:44.470] [Render thread/DEBUG] [mezz.jei.library.load.PluginCallerTimerRunnable/]: Registering categories: jei:gui...
[08May2025 23:49:44.470] [Render thread/DEBUG] [mezz.jei.library.load.PluginCallerTimerRunnable/]: Registering categories: jei:forge_gui...
[08May2025 23:49:44.471] [Render thread/DEBUG] [mezz.jei.library.load.PluginCallerTimerRunnable/]: Registering categories: curios:curios...
[08May2025 23:49:44.471] [Render thread/DEBUG] [mezz.jei.library.load.PluginCallerTimerRunnable/]: Registering categories: jei:internal...
[08May2025 23:49:44.472] [Render thread/INFO] [mezz.jei.library.load.PluginCaller/]: Registering categories took 21.27 ms
[08May2025 23:49:44.472] [Render thread/INFO] [mezz.jei.library.load.PluginCaller/]: Registering vanilla category extensions...
[08May2025 23:49:44.473] [Render thread/DEBUG] [mezz.jei.library.load.PluginCallerTimerRunnable/]: Registering vanilla category extensions: jei:minecraft...
[08May2025 23:49:44.474] [Render thread/DEBUG] [mezz.jei.library.load.PluginCallerTimerRunnable/]: Registering vanilla category extensions: jei:debug...
[08May2025 23:49:44.475] [Render thread/DEBUG] [mezz.jei.library.load.PluginCallerTimerRunnable/]: Registering vanilla category extensions: jei:gui...
[08May2025 23:49:44.475] [Render thread/DEBUG] [mezz.jei.library.load.PluginCallerTimerRunnable/]: Registering vanilla category extensions: jei:forge_gui...
[08May2025 23:49:44.475] [Render thread/DEBUG] [mezz.jei.library.load.PluginCallerTimerRunnable/]: Registering vanilla category extensions: curios:curios...
[08May2025 23:49:44.475] [Render thread/DEBUG] [mezz.jei.library.load.PluginCallerTimerRunnable/]: Registering vanilla category extensions: jei:internal...
[08May2025 23:49:44.475] [Render thread/INFO] [mezz.jei.library.load.PluginCaller/]: Registering vanilla category extensions took 2.250 ms
[08May2025 23:49:44.477] [Render thread/INFO] [mezz.jei.library.load.PluginCaller/]: Registering recipe catalysts...
[08May2025 23:49:44.478] [Render thread/DEBUG] [mezz.jei.library.load.PluginCallerTimerRunnable/]: Registering recipe catalysts: jei:minecraft...
[08May2025 23:49:44.479] [Render thread/DEBUG] [mezz.jei.library.load.PluginCallerTimerRunnable/]: Registering recipe catalysts: jei:debug...
[08May2025 23:49:44.479] [Render thread/DEBUG] [mezz.jei.library.load.PluginCallerTimerRunnable/]: Registering recipe catalysts: jei:gui...
[08May2025 23:49:44.479] [Render thread/DEBUG] [mezz.jei.library.load.PluginCallerTimerRunnable/]: Registering recipe catalysts: jei:forge_gui...
[08May2025 23:49:44.479] [Render thread/DEBUG] [mezz.jei.library.load.PluginCallerTimerRunnable/]: Registering recipe catalysts: curios:curios...
[08May2025 23:49:44.479] [Render thread/DEBUG] [mezz.jei.library.load.PluginCallerTimerRunnable/]: Registering recipe catalysts: jei:internal...
[08May2025 23:49:44.479] [Render thread/INFO] [mezz.jei.library.load.PluginCaller/]: Registering recipe catalysts took 1.523 ms
[08May2025 23:49:44.480] [Render thread/INFO] [mezz.jei.library.load.PluginCaller/]: Registering advanced plugins...
[08May2025 23:49:44.481] [Render thread/DEBUG] [mezz.jei.library.load.PluginCallerTimerRunnable/]: Registering advanced plugins: jei:minecraft...
[08May2025 23:49:44.481] [Render thread/DEBUG] [mezz.jei.library.load.PluginCallerTimerRunnable/]: Registering advanced plugins: jei:debug...
[08May2025 23:49:44.481] [Render thread/DEBUG] [mezz.jei.library.load.PluginCallerTimerRunnable/]: Registering advanced plugins: jei:gui...
[08May2025 23:49:44.481] [Render thread/DEBUG] [mezz.jei.library.load.PluginCallerTimerRunnable/]: Registering advanced plugins: jei:forge_gui...
[08May2025 23:49:44.481] [Render thread/DEBUG] [mezz.jei.library.load.PluginCallerTimerRunnable/]: Registering advanced plugins: curios:curios...
[08May2025 23:49:44.481] [Render thread/DEBUG] [mezz.jei.library.load.PluginCallerTimerRunnable/]: Registering advanced plugins: jei:internal...
[08May2025 23:49:44.481] [Render thread/INFO] [mezz.jei.library.load.PluginCaller/]: Registering advanced plugins took 433.7 μs
[08May2025 23:49:44.481] [Render thread/INFO] [mezz.jei.core.util.LoggedTimer/]: Building recipe registry...
[08May2025 23:49:44.502] [Render thread/INFO] [mezz.jei.core.util.LoggedTimer/]: Building recipe registry took 20.77 ms
[08May2025 23:49:44.505] [Render thread/INFO] [mezz.jei.library.load.PluginCaller/]: Registering recipes...
[08May2025 23:49:44.506] [Render thread/DEBUG] [mezz.jei.library.load.PluginCallerTimerRunnable/]: Registering recipes: jei:minecraft...
[08May2025 23:49:44.525] [Render thread/DEBUG] [mezz.jei.library.recipes.RecipeManagerInternal/]: Adding recipes: minecraft:crafting
[08May2025 23:49:44.559] [Render thread/DEBUG] [mezz.jei.library.recipes.RecipeManagerInternal/]: Adding recipes: minecraft:crafting
[08May2025 23:49:44.564] [Render thread/DEBUG] [mezz.jei.library.recipes.RecipeManagerInternal/]: Adding recipes: minecraft:stonecutting
[08May2025 23:49:44.566] [Render thread/DEBUG] [mezz.jei.library.recipes.RecipeManagerInternal/]: Adding recipes: minecraft:furnace
[08May2025 23:49:44.567] [Render thread/DEBUG] [mezz.jei.library.recipes.RecipeManagerInternal/]: Adding recipes: minecraft:smoking
[08May2025 23:49:44.568] [Render thread/DEBUG] [mezz.jei.library.recipes.RecipeManagerInternal/]: Adding recipes: minecraft:blasting
[08May2025 23:49:44.568] [Render thread/DEBUG] [mezz.jei.library.recipes.RecipeManagerInternal/]: Adding recipes: minecraft:campfire
[08May2025 23:49:44.573] [Render thread/DEBUG] [mezz.jei.library.recipes.RecipeManagerInternal/]: Adding recipes: minecraft:fuel
[08May2025 23:49:44.599] [Render thread/DEBUG] [mezz.jei.library.recipes.RecipeManagerInternal/]: Adding recipes: minecraft:anvil
[08May2025 23:49:44.649] [Render thread/DEBUG] [mezz.jei.library.recipes.RecipeManagerInternal/]: Adding recipes: minecraft:smithing
[08May2025 23:49:44.654] [Render thread/DEBUG] [mezz.jei.library.recipes.RecipeManagerInternal/]: Adding recipes: minecraft:compostable
[08May2025 23:49:44.704] [Render thread/DEBUG] [mezz.jei.forge.platform.BrewingRecipeMaker/]: Can't handle brewing recipe class: class net.eabky_dev.codexa.util.CodexaBrewingRecipe
[08May2025 23:49:44.713] [Render thread/DEBUG] [mezz.jei.library.recipes.RecipeManagerInternal/]: Adding recipes: minecraft:brewing
[08May2025 23:49:44.719] [Render thread/INFO] [mezz.jei.library.load.PluginCallerTimerRunnable/]: Registering recipes: jei:minecraft took 213.1 milliseconds
[08May2025 23:49:44.719] [Render thread/DEBUG] [mezz.jei.library.load.PluginCallerTimerRunnable/]: Registering recipes: jei:debug...
[08May2025 23:49:44.719] [Render thread/DEBUG] [mezz.jei.library.load.PluginCallerTimerRunnable/]: Registering recipes: jei:gui...
[08May2025 23:49:44.719] [Render thread/DEBUG] [mezz.jei.library.load.PluginCallerTimerRunnable/]: Registering recipes: jei:forge_gui...
[08May2025 23:49:44.719] [Render thread/DEBUG] [mezz.jei.library.load.PluginCallerTimerRunnable/]: Registering recipes: curios:curios...
[08May2025 23:49:44.719] [Render thread/DEBUG] [mezz.jei.library.load.PluginCallerTimerRunnable/]: Registering recipes: jei:internal...
[08May2025 23:49:44.719] [Render thread/INFO] [mezz.jei.library.load.PluginCaller/]: Registering recipes took 214.0 ms
[08May2025 23:49:44.723] [Render thread/INFO] [mezz.jei.library.load.PluginCaller/]: Registering recipes transfer handlers...
[08May2025 23:49:44.724] [Render thread/DEBUG] [mezz.jei.library.load.PluginCallerTimerRunnable/]: Registering recipes transfer handlers: jei:minecraft...
[08May2025 23:49:44.726] [Render thread/DEBUG] [mezz.jei.library.load.PluginCallerTimerRunnable/]: Registering recipes transfer handlers: jei:debug...
[08May2025 23:49:44.726] [Render thread/DEBUG] [mezz.jei.library.load.PluginCallerTimerRunnable/]: Registering recipes transfer handlers: jei:gui...
[08May2025 23:49:44.726] [Render thread/DEBUG] [mezz.jei.library.load.PluginCallerTimerRunnable/]: Registering recipes transfer handlers: jei:forge_gui...
[08May2025 23:49:44.726] [Render thread/DEBUG] [mezz.jei.library.load.PluginCallerTimerRunnable/]: Registering recipes transfer handlers: curios:curios...
[08May2025 23:49:44.726] [Render thread/DEBUG] [mezz.jei.library.load.PluginCallerTimerRunnable/]: Registering recipes transfer handlers: jei:internal...
[08May2025 23:49:44.726] [Render thread/INFO] [mezz.jei.library.load.PluginCaller/]: Registering recipes transfer handlers took 2.635 ms
[08May2025 23:49:44.736] [Render thread/INFO] [mezz.jei.core.util.LoggedTimer/]: Building runtime...
[08May2025 23:49:44.738] [Render thread/INFO] [mezz.jei.library.load.PluginCaller/]: Registering gui handlers...
[08May2025 23:49:44.738] [Render thread/DEBUG] [mezz.jei.library.load.PluginCallerTimerRunnable/]: Registering gui handlers: jei:minecraft...
[08May2025 23:49:44.740] [Render thread/DEBUG] [mezz.jei.library.load.PluginCallerTimerRunnable/]: Registering gui handlers: jei:debug...
[08May2025 23:49:44.740] [Render thread/DEBUG] [mezz.jei.library.load.PluginCallerTimerRunnable/]: Registering gui handlers: jei:gui...
[08May2025 23:49:44.744] [Render thread/DEBUG] [mezz.jei.library.load.PluginCallerTimerRunnable/]: Registering gui handlers: jei:forge_gui...
[08May2025 23:49:44.744] [Render thread/DEBUG] [mezz.jei.library.load.PluginCallerTimerRunnable/]: Registering gui handlers: curios:curios...
[08May2025 23:49:44.747] [Render thread/DEBUG] [mezz.jei.library.load.PluginCallerTimerRunnable/]: Registering gui handlers: jei:internal...
[08May2025 23:49:44.747] [Render thread/INFO] [mezz.jei.library.load.PluginCaller/]: Registering gui handlers took 9.352 ms
[08May2025 23:49:44.751] [Render thread/INFO] [mezz.jei.library.load.PluginCaller/]: Registering Runtime...
[08May2025 23:49:44.751] [Render thread/DEBUG] [mezz.jei.library.load.PluginCallerTimerRunnable/]: Registering Runtime: jei:minecraft...
[08May2025 23:49:44.751] [Render thread/DEBUG] [mezz.jei.library.load.PluginCallerTimerRunnable/]: Registering Runtime: jei:debug...
[08May2025 23:49:44.751] [Render thread/DEBUG] [mezz.jei.library.load.PluginCallerTimerRunnable/]: Registering Runtime: jei:gui...
[08May2025 23:49:44.751] [Render thread/DEBUG] [mezz.jei.library.load.PluginCallerTimerRunnable/]: Registering Runtime: jei:forge_gui...
[08May2025 23:49:44.753] [Render thread/INFO] [mezz.jei.gui.startup.JeiGuiStarter/]: Starting JEI GUI
[08May2025 23:49:44.753] [Render thread/INFO] [mezz.jei.core.util.LoggedTimer/]: Building ingredient list...
[08May2025 23:49:44.754] [Render thread/DEBUG] [mezz.jei.gui.ingredients.IngredientListElementFactory/]: Registering ingredients: ItemStack
[08May2025 23:49:44.756] [Render thread/DEBUG] [mezz.jei.gui.ingredients.IngredientListElementFactory/]: Registering ingredients: FluidStack
[08May2025 23:49:44.756] [Render thread/INFO] [mezz.jei.core.util.LoggedTimer/]: Building ingredient list took 2.962 ms
[08May2025 23:49:44.756] [Render thread/INFO] [mezz.jei.core.util.LoggedTimer/]: Building ingredient filter...
[08May2025 23:49:44.784] [Render thread/INFO] [mezz.jei.gui.ingredients.IngredientFilter/]: Adding 1638 ingredients
[08May2025 23:49:44.921] [Render thread/DEBUG] [io.netty.util.internal.ThreadLocalRandom/]: -Dio.netty.initialSeedUniquifier: 0x18d3a42582d74338
[08May2025 23:49:44.988] [Render thread/INFO] [mezz.jei.gui.ingredients.IngredientFilter/]: Added 1638/1638 ingredients
[08May2025 23:49:44.989] [Render thread/INFO] [mezz.jei.core.util.LoggedTimer/]: Building ingredient filter took 232.2 ms
[08May2025 23:49:45.160] [Render thread/INFO] [mezz.jei.library.load.PluginCallerTimerRunnable/]: Registering Runtime: jei:forge_gui took 408.2 milliseconds
[08May2025 23:49:45.160] [Render thread/DEBUG] [mezz.jei.library.load.PluginCallerTimerRunnable/]: Registering Runtime: curios:curios...
[08May2025 23:49:45.160] [Render thread/DEBUG] [mezz.jei.library.load.PluginCallerTimerRunnable/]: Registering Runtime: jei:internal...
[08May2025 23:49:45.160] [Render thread/INFO] [mezz.jei.library.load.PluginCaller/]: Registering Runtime took 409.0 ms
[08May2025 23:49:45.162] [Render thread/INFO] [mezz.jei.core.util.LoggedTimer/]: Building runtime took 425.9 ms
[08May2025 23:49:45.162] [Render thread/INFO] [mezz.jei.library.load.PluginCaller/]: Sending Runtime...
[08May2025 23:49:45.163] [Render thread/DEBUG] [mezz.jei.library.load.PluginCallerTimerRunnable/]: Sending Runtime: jei:minecraft...
[08May2025 23:49:45.163] [Render thread/DEBUG] [mezz.jei.library.load.PluginCallerTimerRunnable/]: Sending Runtime: jei:debug...
[08May2025 23:49:45.163] [Render thread/DEBUG] [mezz.jei.library.load.PluginCallerTimerRunnable/]: Sending Runtime: jei:gui...
[08May2025 23:49:45.163] [Render thread/DEBUG] [mezz.jei.library.load.PluginCallerTimerRunnable/]: Sending Runtime: jei:forge_gui...
[08May2025 23:49:45.163] [Render thread/DEBUG] [mezz.jei.library.load.PluginCallerTimerRunnable/]: Sending Runtime: curios:curios...
[08May2025 23:49:45.163] [Render thread/DEBUG] [mezz.jei.library.load.PluginCallerTimerRunnable/]: Sending Runtime: jei:internal...
[08May2025 23:49:45.163] [Render thread/INFO] [mezz.jei.library.load.PluginCaller/]: Sending Runtime took 486.7 μs
[08May2025 23:49:45.163] [Render thread/INFO] [mezz.jei.core.util.LoggedTimer/]: Starting JEI took 827.4 ms
[08May2025 23:49:45.184] [Render thread/INFO] [net.minecraft.advancements.AdvancementList/]: Loaded 62 advancements
[08May2025 23:49:48.374] [Server thread/WARN] [net.minecraft.server.MinecraftServer/]: Can't keep up! Is the server overloaded? Running 2584ms or 51 ticks behind
[08May2025 23:49:48.374] [Server thread/INFO] [net.minecraft.client.server.IntegratedServer/]: Saving and pausing game...
[08May2025 23:49:48.396] [Server thread/INFO] [net.minecraft.server.MinecraftServer/]: Saving chunks for level 'ServerLevel[New World]'/minecraft:overworld
[08May2025 23:49:48.909] [Server thread/INFO] [net.minecraft.server.MinecraftServer/]: Saving chunks for level 'ServerLevel[New World]'/minecraft:the_end
[08May2025 23:49:48.910] [Server thread/INFO] [net.minecraft.server.MinecraftServer/]: Saving chunks for level 'ServerLevel[New World]'/codexa:midnight_sea
[08May2025 23:49:48.911] [Server thread/INFO] [net.minecraft.server.MinecraftServer/]: Saving chunks for level 'ServerLevel[New World]'/minecraft:the_nether
[08May2025 23:49:48.916] [Server thread/DEBUG] [net.minecraftforge.common.ForgeHooks/WP]: Gathering id map for writing to world save New World
[08May2025 23:49:48.933] [Server thread/DEBUG] [net.minecraftforge.common.ForgeHooks/WP]: ID Map collection complete New World
[08May2025 23:50:44.259] [Render thread/INFO] [net.minecraft.advancements.AdvancementList/]: Loaded 62 advancements
[08May2025 23:50:58.617] [Server thread/INFO] [net.minecraft.server.MinecraftServer/]: [Dev: Set the time to 1000]
[08May2025 23:50:58.627] [Render thread/INFO] [net.minecraft.client.gui.components.ChatComponent/]: [System] [CHAT] Set the time to 1000
[08May2025 23:51:02.610] [Render thread/INFO] [net.minecraft.advancements.AdvancementList/]: Loaded 80 advancements
[08May2025 23:51:13.250] [Server thread/INFO] [net.minecraft.server.MinecraftServer/]: [Dev: Set own game mode to Survival Mode]
[08May2025 23:51:13.266] [Render thread/INFO] [net.minecraft.client.gui.components.ChatComponent/]: [System] [CHAT] Set own game mode to Survival Mode
[08May2025 23:51:18.402] [Render thread/INFO] [net.minecraft.advancements.AdvancementList/]: Loaded 89 advancements
[08May2025 23:51:41.207] [Server thread/INFO] [net.minecraft.server.MinecraftServer/]: [Dev: Set own game mode to Creative Mode]
[08May2025 23:51:41.208] [Render thread/INFO] [net.minecraft.client.gui.components.ChatComponent/]: [System] [CHAT] Set own game mode to Creative Mode
[08May2025 23:52:18.840] [Server thread/INFO] [net.minecraft.client.server.IntegratedServer/]: Saving and pausing game...
[08May2025 23:52:18.855] [Server thread/INFO] [net.minecraft.server.MinecraftServer/]: Saving chunks for level 'ServerLevel[New World]'/minecraft:overworld
[08May2025 23:52:18.868] [Server thread/INFO] [net.minecraft.server.MinecraftServer/]: Saving chunks for level 'ServerLevel[New World]'/minecraft:the_end
[08May2025 23:52:18.869] [Server thread/INFO] [net.minecraft.server.MinecraftServer/]: Saving chunks for level 'ServerLevel[New World]'/codexa:midnight_sea
[08May2025 23:52:18.869] [Server thread/INFO] [net.minecraft.server.MinecraftServer/]: Saving chunks for level 'ServerLevel[New World]'/minecraft:the_nether
[08May2025 23:52:18.871] [Server thread/DEBUG] [net.minecraftforge.common.ForgeHooks/WP]: Gathering id map for writing to world save New World
[08May2025 23:52:18.876] [Server thread/DEBUG] [net.minecraftforge.common.ForgeHooks/WP]: ID Map collection complete New World
[08May2025 23:52:19.576] [Render thread/INFO] [net.minecraft.client.Minecraft/]: Stopping!
[08May2025 23:52:19.583] [Render thread/INFO] [mezz.jei.forge.startup.StartEventObserver/]: JEI StartEventObserver received class net.minecraftforge.client.event.ClientPlayerNetworkEvent$LoggingOut
[08May2025 23:52:19.584] [Render thread/INFO] [mezz.jei.forge.startup.StartEventObserver/]: JEI StartEventObserver transitioning state from JEI_STARTED to DISABLED
[08May2025 23:52:19.584] [Render thread/INFO] [mezz.jei.library.startup.JeiStarter/]: Stopping JEI
[08May2025 23:52:19.584] [Render thread/INFO] [mezz.jei.library.load.PluginCaller/]: Sending Runtime Unavailable...
[08May2025 23:52:19.584] [Render thread/DEBUG] [mezz.jei.library.load.PluginCallerTimerRunnable/]: Sending Runtime Unavailable: jei:minecraft...
[08May2025 23:52:19.584] [Render thread/DEBUG] [mezz.jei.library.load.PluginCallerTimerRunnable/]: Sending Runtime Unavailable: jei:debug...
[08May2025 23:52:19.584] [Render thread/DEBUG] [mezz.jei.library.load.PluginCallerTimerRunnable/]: Sending Runtime Unavailable: jei:gui...
[08May2025 23:52:19.584] [Render thread/DEBUG] [mezz.jei.library.load.PluginCallerTimerRunnable/]: Sending Runtime Unavailable: jei:forge_gui...
[08May2025 23:52:19.584] [Render thread/INFO] [mezz.jei.forge.plugins.forge.ForgeGuiPlugin/]: Stopping JEI GUI
[08May2025 23:52:19.587] [Render thread/DEBUG] [mezz.jei.library.load.PluginCallerTimerRunnable/]: Sending Runtime Unavailable: curios:curios...
[08May2025 23:52:19.588] [Render thread/DEBUG] [mezz.jei.library.load.PluginCallerTimerRunnable/]: Sending Runtime Unavailable: jei:internal...
[08May2025 23:52:19.588] [Render thread/INFO] [mezz.jei.library.load.PluginCaller/]: Sending Runtime Unavailable took 3.772 ms
[08May2025 23:52:19.601] [Server thread/INFO] [net.minecraft.server.network.ServerGamePacketListenerImpl/]: Dev lost connection: Disconnected
[08May2025 23:52:19.601] [Server thread/INFO] [net.minecraft.server.MinecraftServer/]: Dev left the game
[08May2025 23:52:19.617] [Server thread/INFO] [net.minecraft.server.network.ServerGamePacketListenerImpl/]: Stopping singleplayer server as player logged out
[08May2025 23:52:19.667] [Server thread/INFO] [net.minecraft.server.MinecraftServer/]: Stopping server
[08May2025 23:52:19.668] [Server thread/INFO] [net.minecraft.server.MinecraftServer/]: Saving players
[08May2025 23:52:19.668] [Server thread/INFO] [net.minecraft.server.MinecraftServer/]: Saving worlds
[08May2025 23:52:20.261] [Server thread/INFO] [net.minecraft.server.MinecraftServer/]: Saving chunks for level 'ServerLevel[New World]'/minecraft:overworld
[08May2025 23:52:20.646] [Server thread/INFO] [net.minecraft.server.MinecraftServer/]: Saving chunks for level 'ServerLevel[New World]'/minecraft:the_end
[08May2025 23:52:20.647] [Server thread/INFO] [net.minecraft.server.MinecraftServer/]: Saving chunks for level 'ServerLevel[New World]'/codexa:midnight_sea
[08May2025 23:52:20.647] [Server thread/INFO] [net.minecraft.server.MinecraftServer/]: Saving chunks for level 'ServerLevel[New World]'/minecraft:the_nether
[08May2025 23:52:20.648] [Server thread/DEBUG] [net.minecraftforge.common.ForgeHooks/WP]: Gathering id map for writing to world save New World
[08May2025 23:52:20.651] [Server thread/DEBUG] [net.minecraftforge.common.ForgeHooks/WP]: ID Map collection complete New World
[08May2025 23:52:20.666] [Server thread/INFO] [net.minecraft.server.MinecraftServer/]: ThreadedAnvilChunkStorage (New World): All chunks are saved
[08May2025 23:52:20.666] [Server thread/INFO] [net.minecraft.server.MinecraftServer/]: ThreadedAnvilChunkStorage (DIM1): All chunks are saved
[08May2025 23:52:20.666] [Server thread/INFO] [net.minecraft.server.MinecraftServer/]: ThreadedAnvilChunkStorage (midnight_sea): All chunks are saved
[08May2025 23:52:20.666] [Server thread/INFO] [net.minecraft.server.MinecraftServer/]: ThreadedAnvilChunkStorage (DIM-1): All chunks are saved
[08May2025 23:52:20.666] [Server thread/INFO] [net.minecraft.server.MinecraftServer/]: ThreadedAnvilChunkStorage: All dimensions are saved
[08May2025 23:52:20.685] [Server thread/DEBUG] [net.minecraftforge.registries.GameData/REGISTRIES]: Reverting to FROZEN data state.
[08May2025 23:52:20.685] [Server thread/DEBUG] [net.minecraftforge.registries.ForgeRegistry/REGISTRIES]: Registry minecraft:block Sync: ACTIVE -> FROZEN
[08May2025 23:52:20.689] [Server thread/DEBUG] [net.minecraftforge.registries.ForgeRegistry/REGISTRIES]: Registry minecraft:fluid Sync: ACTIVE -> FROZEN
[08May2025 23:52:20.689] [Server thread/DEBUG] [net.minecraftforge.registries.ForgeRegistry/REGISTRIES]: Registry minecraft:item Sync: ACTIVE -> FROZEN
[08May2025 23:52:20.693] [Server thread/DEBUG] [net.minecraftforge.registries.ForgeRegistry/REGISTRIES]: Registry minecraft:mob_effect Sync: ACTIVE -> FROZEN
[08May2025 23:52:20.693] [Server thread/DEBUG] [net.minecraftforge.registries.ForgeRegistry/REGISTRIES]: Registry minecraft:sound_event Sync: ACTIVE -> FROZEN
[08May2025 23:52:20.697] [Server thread/DEBUG] [net.minecraftforge.registries.ForgeRegistry/REGISTRIES]: Registry minecraft:potion Sync: ACTIVE -> FROZEN
[08May2025 23:52:20.698] [Server thread/DEBUG] [net.minecraftforge.registries.ForgeRegistry/REGISTRIES]: Registry minecraft:enchantment Sync: ACTIVE -> FROZEN
[08May2025 23:52:20.698] [Server thread/DEBUG] [net.minecraftforge.registries.ForgeRegistry/REGISTRIES]: Registry minecraft:entity_type Sync: ACTIVE -> FROZEN
[08May2025 23:52:20.698] [Server thread/DEBUG] [net.minecraftforge.registries.ForgeRegistry/REGISTRIES]: Registry minecraft:block_entity_type Sync: ACTIVE -> FROZEN
[08May2025 23:52:20.698] [Server thread/DEBUG] [net.minecraftforge.registries.ForgeRegistry/REGISTRIES]: Registry minecraft:particle_type Sync: ACTIVE -> FROZEN
[08May2025 23:52:20.698] [Server thread/DEBUG] [net.minecraftforge.registries.ForgeRegistry/REGISTRIES]: Registry minecraft:menu Sync: ACTIVE -> FROZEN
[08May2025 23:52:20.699] [Server thread/DEBUG] [net.minecraftforge.registries.ForgeRegistry/REGISTRIES]: Registry minecraft:painting_variant Sync: ACTIVE -> FROZEN
[08May2025 23:52:20.699] [Server thread/DEBUG] [net.minecraftforge.registries.ForgeRegistry/REGISTRIES]: Registry minecraft:recipe_type Sync: ACTIVE -> FROZEN
[08May2025 23:52:20.699] [Server thread/DEBUG] [net.minecraftforge.registries.ForgeRegistry/REGISTRIES]: Registry minecraft:recipe_serializer Sync: ACTIVE -> FROZEN
[08May2025 23:52:20.699] [Server thread/DEBUG] [net.minecraftforge.registries.ForgeRegistry/REGISTRIES]: Registry minecraft:attribute Sync: ACTIVE -> FROZEN
[08May2025 23:52:20.699] [Server thread/DEBUG] [net.minecraftforge.registries.ForgeRegistry/REGISTRIES]: Registry minecraft:stat_type Sync: ACTIVE -> FROZEN
[08May2025 23:52:20.699] [Server thread/DEBUG] [net.minecraftforge.registries.ForgeRegistry/REGISTRIES]: Registry minecraft:command_argument_type Sync: ACTIVE -> FROZEN
[08May2025 23:52:20.699] [Server thread/DEBUG] [net.minecraftforge.registries.ForgeRegistry/REGISTRIES]: Registry minecraft:villager_profession Sync: ACTIVE -> FROZEN
[08May2025 23:52:20.699] [Server thread/DEBUG] [net.minecraftforge.registries.ForgeRegistry/REGISTRIES]: Registry minecraft:point_of_interest_type Sync: ACTIVE -> FROZEN
[08May2025 23:52:20.700] [Server thread/DEBUG] [net.minecraftforge.registries.ForgeRegistry/REGISTRIES]: Registry minecraft:memory_module_type Sync: ACTIVE -> FROZEN
[08May2025 23:52:20.701] [Server thread/DEBUG] [net.minecraftforge.registries.ForgeRegistry/REGISTRIES]: Registry minecraft:sensor_type Sync: ACTIVE -> FROZEN
[08May2025 23:52:20.701] [Server thread/DEBUG] [net.minecraftforge.registries.ForgeRegistry/REGISTRIES]: Registry minecraft:schedule Sync: ACTIVE -> FROZEN
[08May2025 23:52:20.701] [Server thread/DEBUG] [net.minecraftforge.registries.ForgeRegistry/REGISTRIES]: Registry minecraft:activity Sync: ACTIVE -> FROZEN
[08May2025 23:52:20.701] [Server thread/DEBUG] [net.minecraftforge.registries.ForgeRegistry/REGISTRIES]: Registry minecraft:worldgen/carver Sync: ACTIVE -> FROZEN
[08May2025 23:52:20.701] [Server thread/DEBUG] [net.minecraftforge.registries.ForgeRegistry/REGISTRIES]: Registry minecraft:worldgen/feature Sync: ACTIVE -> FROZEN
[08May2025 23:52:20.701] [Server thread/DEBUG] [net.minecraftforge.registries.ForgeRegistry/REGISTRIES]: Registry minecraft:chunk_status Sync: ACTIVE -> FROZEN
[08May2025 23:52:20.701] [Server thread/DEBUG] [net.minecraftforge.registries.ForgeRegistry/REGISTRIES]: Registry minecraft:worldgen/block_state_provider_type Sync: ACTIVE -> FROZEN
[08May2025 23:52:20.701] [Server thread/DEBUG] [net.minecraftforge.registries.ForgeRegistry/REGISTRIES]: Registry minecraft:worldgen/foliage_placer_type Sync: ACTIVE -> FROZEN
[08May2025 23:52:20.701] [Server thread/DEBUG] [net.minecraftforge.registries.ForgeRegistry/REGISTRIES]: Registry minecraft:worldgen/tree_decorator_type Sync: ACTIVE -> FROZEN
[08May2025 23:52:20.702] [Server thread/DEBUG] [net.minecraftforge.registries.ForgeRegistry/REGISTRIES]: Registry minecraft:worldgen/biome Sync: ACTIVE -> FROZEN
[08May2025 23:52:20.702] [Server thread/DEBUG] [net.minecraftforge.registries.ForgeRegistry/REGISTRIES]: Registry forge:entity_data_serializers Sync: ACTIVE -> FROZEN
[08May2025 23:52:20.702] [Server thread/DEBUG] [net.minecraftforge.registries.ForgeRegistry/REGISTRIES]: Registry forge:global_loot_modifier_serializers Sync: ACTIVE -> FROZEN
[08May2025 23:52:20.702] [Server thread/DEBUG] [net.minecraftforge.registries.ForgeRegistry/REGISTRIES]: Registry forge:biome_modifier_serializers Sync: ACTIVE -> FROZEN
[08May2025 23:52:20.702] [Server thread/DEBUG] [net.minecraftforge.registries.ForgeRegistry/REGISTRIES]: Registry forge:fluid_type Sync: ACTIVE -> FROZEN
[08May2025 23:52:20.702] [Server thread/DEBUG] [net.minecraftforge.registries.ForgeRegistry/REGISTRIES]: Registry forge:structure_modifier_serializers Sync: ACTIVE -> FROZEN
[08May2025 23:52:20.702] [Server thread/DEBUG] [net.minecraftforge.registries.ForgeRegistry/REGISTRIES]: Registry forge:holder_set_type Sync: ACTIVE -> FROZEN
[08May2025 23:52:20.702] [Server thread/DEBUG] [net.minecraftforge.registries.ForgeRegistry/REGISTRIES]: Registry forge:display_contexts Sync: ACTIVE -> FROZEN
[08May2025 23:52:21.115] [Server thread/DEBUG] [net.minecraftforge.registries.ObjectHolderRegistry/REGISTRIES]: Applying holder lookups
[08May2025 23:52:21.119] [Server thread/DEBUG] [net.minecraftforge.registries.ObjectHolderRegistry/REGISTRIES]: Holder lookups applied
[08May2025 23:52:21.119] [Server thread/DEBUG] [net.minecraftforge.registries.GameData/REGISTRIES]: FROZEN state restored.
[08May2025 23:52:21.119] [Server thread/DEBUG] [net.minecraftforge.fml.config.ConfigTracker/CONFIG]: Unloading configs type SERVER
