[21Mar2025 16:08:35.394] [main/INFO] [cpw.mods.modlauncher.Launcher/MODLAUNCHER]: ModLauncher running: args [--launchTarget, forgedatauserdev, --assetIndex, 5, --assetsDir, C:\Users\chris\.gradle\caches\forge_gradle\assets, --gameDir, ., --fml.forgeVersion, 47.3.33, --fml.mcVersion, 1.20.1, --fml.forgeGroup, net.minecraftforge, --fml.mcpVersion, 20230612.114412, --mod, codexa, --all, --output, F:\Programming_Projects\Java\Minecraft_Mod\src\generated\resources, --existing, F:\Programming_Projects\Java\Minecraft_Mod\src\main\resources]
[21Mar2025 16:08:35.398] [main/INFO] [cpw.mods.modlauncher.Launcher/MODLAUNCHER]: ModLauncher 10.0.9+10.0.9+main.dcd20f30 starting: java version 17.0.6 by Eclipse Adoptium; OS Windows 11 arch amd64 version 10.0
[21Mar2025 16:08:35.418] [main/DEBUG] [cpw.mods.modlauncher.LaunchServiceHandler/MODLAUNCHER]: Found launch services [fmlclientdev,forgeclient,minecraft,forgegametestserverdev,fmlserveruserdev,fmlclient,fmldatauserdev,forgeserverdev,forgeserveruserdev,forgeclientdev,forgeclientuserdev,forgeserver,forgedatadev,fmlserver,fmlclientuserdev,fmlserverdev,forgedatauserdev,testharness,forgegametestserveruserdev]
[21Mar2025 16:08:35.437] [main/DEBUG] [cpw.mods.modlauncher.NameMappingServiceHandler/MODLAUNCHER]: Found naming services : [srgtomcp]
[21Mar2025 16:08:35.448] [main/DEBUG] [cpw.mods.modlauncher.LaunchPluginHandler/MODLAUNCHER]: Found launch plugins: [mixin,eventbus,slf4jfixer,object_holder_definalize,runtime_enum_extender,capability_token_subclass,accesstransformer,runtimedistcleaner]
[21Mar2025 16:08:35.459] [main/DEBUG] [cpw.mods.modlauncher.TransformationServicesHandler/MODLAUNCHER]: Discovering transformation services
[21Mar2025 16:08:35.463] [main/DEBUG] [net.minecraftforge.fml.loading.FMLPaths/CORE]: Path GAMEDIR is F:\Programming_Projects\Java\Minecraft_Mod\run-data
[21Mar2025 16:08:35.463] [main/DEBUG] [net.minecraftforge.fml.loading.FMLPaths/CORE]: Path MODSDIR is F:\Programming_Projects\Java\Minecraft_Mod\run-data\mods
[21Mar2025 16:08:35.463] [main/DEBUG] [net.minecraftforge.fml.loading.FMLPaths/CORE]: Path CONFIGDIR is F:\Programming_Projects\Java\Minecraft_Mod\run-data\config
[21Mar2025 16:08:35.463] [main/DEBUG] [net.minecraftforge.fml.loading.FMLPaths/CORE]: Path FMLCONFIG is F:\Programming_Projects\Java\Minecraft_Mod\run-data\config\fml.toml
[21Mar2025 16:08:35.500] [main/DEBUG] [cpw.mods.modlauncher.TransformationServicesHandler/MODLAUNCHER]: Found additional transformation services from discovery services: 
[21Mar2025 16:08:35.505] [main/INFO] [net.minecraftforge.fml.loading.ImmediateWindowHandler/]: ImmediateWindowProvider not loading because launch target is forgedatauserdev
[21Mar2025 16:08:35.511] [main/DEBUG] [cpw.mods.modlauncher.TransformationServicesHandler/MODLAUNCHER]: Found transformer services : [mixin,fml]
[21Mar2025 16:08:35.511] [main/DEBUG] [cpw.mods.modlauncher.TransformationServicesHandler/MODLAUNCHER]: Transformation services loading
[21Mar2025 16:08:35.512] [main/DEBUG] [cpw.mods.modlauncher.TransformationServiceDecorator/MODLAUNCHER]: Loading service mixin
[21Mar2025 16:08:35.512] [main/DEBUG] [cpw.mods.modlauncher.TransformationServiceDecorator/MODLAUNCHER]: Loaded service mixin
[21Mar2025 16:08:35.512] [main/DEBUG] [cpw.mods.modlauncher.TransformationServiceDecorator/MODLAUNCHER]: Loading service fml
[21Mar2025 16:08:35.513] [main/DEBUG] [net.minecraftforge.fml.loading.LauncherVersion/CORE]: Found FMLLauncher version 1.0
[21Mar2025 16:08:35.513] [main/DEBUG] [net.minecraftforge.fml.loading.FMLLoader/CORE]: FML 1.0 loading
[21Mar2025 16:08:35.513] [main/DEBUG] [net.minecraftforge.fml.loading.FMLLoader/CORE]: FML found ModLauncher version : 10.0.9+10.0.9+main.dcd20f30
[21Mar2025 16:08:35.513] [main/DEBUG] [net.minecraftforge.fml.loading.FMLLoader/CORE]: Requesting CoreMods to not apply the fix for ASMAPI.findFirstInstructionBefore by default
[21Mar2025 16:08:35.514] [main/DEBUG] [net.minecraftforge.fml.loading.FMLLoader/CORE]: FML found AccessTransformer version : 8.0.4+66+master.c09db6d7
[21Mar2025 16:08:35.515] [main/DEBUG] [net.minecraftforge.fml.loading.FMLLoader/CORE]: FML found EventBus version : 6.0.5+6.0.5+master.eb8e549b
[21Mar2025 16:08:35.515] [main/DEBUG] [net.minecraftforge.fml.loading.FMLLoader/CORE]: Found Runtime Dist Cleaner
[21Mar2025 16:08:35.516] [main/DEBUG] [net.minecraftforge.coremod.CoreModEngine/]: CoreMods will preserve legacy behavior of ASMAPI.findFirstInstructionBefore for backwards-compatibility
[21Mar2025 16:08:35.516] [main/DEBUG] [net.minecraftforge.fml.loading.FMLLoader/CORE]: FML found CoreMod version : 5.2.4
[21Mar2025 16:08:35.517] [main/DEBUG] [net.minecraftforge.fml.loading.FMLLoader/CORE]: Found ForgeSPI package implementation version 7.0.1+7.0.1+master.d2b38bf6
[21Mar2025 16:08:35.517] [main/DEBUG] [net.minecraftforge.fml.loading.FMLLoader/CORE]: Found ForgeSPI package specification 5
[21Mar2025 16:08:35.517] [main/DEBUG] [cpw.mods.modlauncher.TransformationServiceDecorator/MODLAUNCHER]: Loaded service fml
[21Mar2025 16:08:35.518] [main/DEBUG] [cpw.mods.modlauncher.TransformationServicesHandler/MODLAUNCHER]: Configuring option handling for services
[21Mar2025 16:08:35.524] [main/DEBUG] [cpw.mods.modlauncher.TransformationServicesHandler/MODLAUNCHER]: Transformation services initializing
[21Mar2025 16:08:35.525] [main/DEBUG] [cpw.mods.modlauncher.TransformationServiceDecorator/MODLAUNCHER]: Initializing transformation service mixin
[21Mar2025 16:08:35.535] [main/DEBUG] [mixin/]: MixinService [ModLauncher] was successfully booted in cpw.mods.cl.ModuleClassLoader@9225652
[21Mar2025 16:08:35.549] [main/INFO] [mixin/]: SpongePowered MIXIN Subsystem Version=0.8.5 Source=union:/C:/Users/chris/.gradle/caches/modules-2/files-2.1/org.spongepowered/mixin/0.8.5/9d1c0c3a304ae6697ecd477218fa61b850bf57fc/mixin-0.8.5.jar%23129!/ Service=ModLauncher Env=CLIENT
[21Mar2025 16:08:35.552] [main/DEBUG] [mixin/]: Initialising Mixin Platform Manager
[21Mar2025 16:08:35.552] [main/DEBUG] [mixin/]: Adding mixin platform agents for container ModLauncher Root Container(ModLauncher:4f56a0a2)
[21Mar2025 16:08:35.552] [main/DEBUG] [mixin/]: Instancing new MixinPlatformAgentMinecraftForge for ModLauncher Root Container(ModLauncher:4f56a0a2)
[21Mar2025 16:08:35.553] [main/DEBUG] [mixin/]: MixinPlatformAgentMinecraftForge rejected container ModLauncher Root Container(ModLauncher:4f56a0a2)
[21Mar2025 16:08:35.553] [main/DEBUG] [mixin/]: Instancing new MixinPlatformAgentDefault for ModLauncher Root Container(ModLauncher:4f56a0a2)
[21Mar2025 16:08:35.553] [main/DEBUG] [mixin/]: MixinPlatformAgentDefault accepted container ModLauncher Root Container(ModLauncher:4f56a0a2)
[21Mar2025 16:08:35.555] [main/DEBUG] [cpw.mods.modlauncher.TransformationServiceDecorator/MODLAUNCHER]: Initialized transformation service mixin
[21Mar2025 16:08:35.555] [main/DEBUG] [cpw.mods.modlauncher.TransformationServiceDecorator/MODLAUNCHER]: Initializing transformation service fml
[21Mar2025 16:08:35.555] [main/DEBUG] [net.minecraftforge.fml.loading.FMLServiceProvider/CORE]: Setting up basic FML game directories
[21Mar2025 16:08:35.555] [main/DEBUG] [net.minecraftforge.fml.loading.FMLPaths/CORE]: Path GAMEDIR is F:\Programming_Projects\Java\Minecraft_Mod\run-data
[21Mar2025 16:08:35.556] [main/DEBUG] [net.minecraftforge.fml.loading.FMLPaths/CORE]: Path MODSDIR is F:\Programming_Projects\Java\Minecraft_Mod\run-data\mods
[21Mar2025 16:08:35.556] [main/DEBUG] [net.minecraftforge.fml.loading.FMLPaths/CORE]: Path CONFIGDIR is F:\Programming_Projects\Java\Minecraft_Mod\run-data\config
[21Mar2025 16:08:35.556] [main/DEBUG] [net.minecraftforge.fml.loading.FMLPaths/CORE]: Path FMLCONFIG is F:\Programming_Projects\Java\Minecraft_Mod\run-data\config\fml.toml
[21Mar2025 16:08:35.556] [main/DEBUG] [net.minecraftforge.fml.loading.FMLServiceProvider/CORE]: Loading configuration
[21Mar2025 16:08:35.558] [main/DEBUG] [net.minecraftforge.fml.loading.FMLServiceProvider/CORE]: Preparing ModFile
[21Mar2025 16:08:35.560] [main/DEBUG] [net.minecraftforge.fml.loading.FMLServiceProvider/CORE]: Preparing launch handler
[21Mar2025 16:08:35.561] [main/DEBUG] [net.minecraftforge.fml.loading.FMLLoader/CORE]: Using forgedatauserdev as launch service
[21Mar2025 16:08:35.572] [main/DEBUG] [net.minecraftforge.fml.loading.FMLLoader/CORE]: Received command line version data  : VersionInfo[forgeVersion=47.3.33, mcVersion=1.20.1, mcpVersion=20230612.114412, forgeGroup=net.minecraftforge]
[21Mar2025 16:08:35.574] [main/DEBUG] [cpw.mods.modlauncher.TransformationServiceDecorator/MODLAUNCHER]: Initialized transformation service fml
[21Mar2025 16:08:35.575] [main/DEBUG] [cpw.mods.modlauncher.NameMappingServiceHandler/MODLAUNCHER]: Current naming domain is 'mcp'
[21Mar2025 16:08:35.575] [main/DEBUG] [cpw.mods.modlauncher.NameMappingServiceHandler/MODLAUNCHER]: Identified name mapping providers {srg=srgtomcp:1234}
[21Mar2025 16:08:35.576] [main/DEBUG] [cpw.mods.modlauncher.TransformationServicesHandler/MODLAUNCHER]: Transformation services begin scanning
[21Mar2025 16:08:35.576] [main/DEBUG] [cpw.mods.modlauncher.TransformationServiceDecorator/MODLAUNCHER]: Beginning scan trigger - transformation service mixin
[21Mar2025 16:08:35.577] [main/DEBUG] [cpw.mods.modlauncher.TransformationServiceDecorator/MODLAUNCHER]: End scan trigger - transformation service mixin
[21Mar2025 16:08:35.577] [main/DEBUG] [cpw.mods.modlauncher.TransformationServiceDecorator/MODLAUNCHER]: Beginning scan trigger - transformation service fml
[21Mar2025 16:08:35.577] [main/DEBUG] [net.minecraftforge.fml.loading.FMLServiceProvider/CORE]: Initiating mod scan
[21Mar2025 16:08:35.585] [main/DEBUG] [net.minecraftforge.fml.loading.moddiscovery.ModListHandler/CORE]: Found mod coordinates from lists: []
[21Mar2025 16:08:35.588] [main/DEBUG] [net.minecraftforge.fml.loading.moddiscovery.ModDiscoverer/CORE]: Found Mod Locators : (mods folder:null),(maven libs:null),(exploded directory:null),(minecraft:null),(userdev classpath:null)
[21Mar2025 16:08:35.589] [main/DEBUG] [net.minecraftforge.fml.loading.moddiscovery.ModDiscoverer/CORE]: Found Dependency Locators : (JarInJar:null)
[21Mar2025 16:08:35.593] [main/DEBUG] [net.minecraftforge.fml.loading.targets.CommonLaunchHandler/CORE]: Got mod coordinates codexa%%F:\Programming_Projects\Java\Minecraft_Mod\build\resources\main;codexa%%F:\Programming_Projects\Java\Minecraft_Mod\build\classes\java\main from env
[21Mar2025 16:08:35.594] [main/DEBUG] [net.minecraftforge.fml.loading.targets.CommonLaunchHandler/CORE]: Found supplied mod coordinates [{codexa=[F:\Programming_Projects\Java\Minecraft_Mod\build\resources\main, F:\Programming_Projects\Java\Minecraft_Mod\build\classes\java\main]}]
[21Mar2025 16:08:35.795] [main/DEBUG] [net.minecraftforge.fml.loading.moddiscovery.ModFileInfo/LOADING]: Found valid mod file forge-1.20.1-47.3.33_mapped_parchment_2023.09.03-1.20.1-recomp.jar with {minecraft} mods - versions {1.20.1}
[21Mar2025 16:08:35.798] [main/DEBUG] [net.minecraftforge.fml.loading.moddiscovery.ModFileParser/LOADING]: Considering mod file candidate C:\Users\chris\.gradle\caches\modules-2\files-2.1\net.minecraftforge\javafmllanguage\1.20.1-47.3.33\29591758414c084b41bbd6808bf30309b149da4d\javafmllanguage-1.20.1-47.3.33.jar
[21Mar2025 16:08:35.798] [main/WARN] [net.minecraftforge.fml.loading.moddiscovery.ModFileParser/LOADING]: Mod file C:\Users\chris\.gradle\caches\modules-2\files-2.1\net.minecraftforge\javafmllanguage\1.20.1-47.3.33\29591758414c084b41bbd6808bf30309b149da4d\javafmllanguage-1.20.1-47.3.33.jar is missing mods.toml file
[21Mar2025 16:08:35.801] [main/DEBUG] [net.minecraftforge.fml.loading.moddiscovery.ModFileParser/LOADING]: Considering mod file candidate C:\Users\chris\.gradle\caches\modules-2\files-2.1\net.minecraftforge\lowcodelanguage\1.20.1-47.3.33\31f826407e5bab62abe1130d8d369d7d45e7ce3\lowcodelanguage-1.20.1-47.3.33.jar
[21Mar2025 16:08:35.801] [main/WARN] [net.minecraftforge.fml.loading.moddiscovery.ModFileParser/LOADING]: Mod file C:\Users\chris\.gradle\caches\modules-2\files-2.1\net.minecraftforge\lowcodelanguage\1.20.1-47.3.33\31f826407e5bab62abe1130d8d369d7d45e7ce3\lowcodelanguage-1.20.1-47.3.33.jar is missing mods.toml file
[21Mar2025 16:08:35.803] [main/DEBUG] [net.minecraftforge.fml.loading.moddiscovery.ModFileParser/LOADING]: Considering mod file candidate C:\Users\chris\.gradle\caches\modules-2\files-2.1\net.minecraftforge\mclanguage\1.20.1-47.3.33\fb2db487fa47ae1cdcad118267d714f75569ffc7\mclanguage-1.20.1-47.3.33.jar
[21Mar2025 16:08:35.803] [main/WARN] [net.minecraftforge.fml.loading.moddiscovery.ModFileParser/LOADING]: Mod file C:\Users\chris\.gradle\caches\modules-2\files-2.1\net.minecraftforge\mclanguage\1.20.1-47.3.33\fb2db487fa47ae1cdcad118267d714f75569ffc7\mclanguage-1.20.1-47.3.33.jar is missing mods.toml file
[21Mar2025 16:08:35.805] [main/DEBUG] [net.minecraftforge.fml.loading.moddiscovery.ModFileParser/LOADING]: Considering mod file candidate C:\Users\chris\.gradle\caches\modules-2\files-2.1\net.minecraftforge\fmlcore\1.20.1-47.3.33\2b6f448126f68c8bbc04b942b3fe7aafb12e22c0\fmlcore-1.20.1-47.3.33.jar
[21Mar2025 16:08:35.806] [main/WARN] [net.minecraftforge.fml.loading.moddiscovery.ModFileParser/LOADING]: Mod file C:\Users\chris\.gradle\caches\modules-2\files-2.1\net.minecraftforge\fmlcore\1.20.1-47.3.33\2b6f448126f68c8bbc04b942b3fe7aafb12e22c0\fmlcore-1.20.1-47.3.33.jar is missing mods.toml file
[21Mar2025 16:08:35.809] [main/DEBUG] [net.minecraftforge.fml.loading.moddiscovery.ModFileParser/LOADING]: Considering mod file candidate F:\Programming_Projects\Java\Minecraft_Mod\build\resources\main
[21Mar2025 16:08:35.816] [main/DEBUG] [net.minecraftforge.fml.loading.moddiscovery.ModFileInfo/LOADING]: Found valid mod file main with {codexa} mods - versions {0.1 - 1.20.1}
[21Mar2025 16:08:35.819] [main/DEBUG] [net.minecraftforge.fml.loading.moddiscovery.ModFileParser/LOADING]: Considering mod file candidate /
[21Mar2025 16:08:35.820] [main/DEBUG] [net.minecraftforge.fml.loading.moddiscovery.ModFileInfo/LOADING]: Found valid mod file  with {forge} mods - versions {47.3.33}
[21Mar2025 16:08:35.836] [main/DEBUG] [net.minecraftforge.fml.loading.moddiscovery.ModFileParser/LOADING]: Considering mod file candidate C:\Users\chris\.gradle\caches\forge_gradle\deobf_dependencies\com\github\glitchfiend\TerraBlender-forge\1.20.1-3.0.0.169_mapped_parchment_2023.09.03-1.20.1\TerraBlender-forge-1.20.1-3.0.0.169_mapped_parchment_2023.09.03-1.20.1.jar
[21Mar2025 16:08:35.838] [main/DEBUG] [net.minecraftforge.fml.loading.moddiscovery.ModFileInfo/LOADING]: Found valid mod file TerraBlender-forge-1.20.1-3.0.0.169_mapped_parchment_2023.09.03-1.20.1.jar with {terrablender} mods - versions {3.0.0.169}
[21Mar2025 16:08:35.841] [main/DEBUG] [net.minecraftforge.fml.loading.moddiscovery.ModFileParser/LOADING]: Considering mod file candidate C:\Users\chris\.gradle\caches\forge_gradle\deobf_dependencies\software\bernie\geckolib\geckolib-forge-1.20.1\4.4.9_mapped_parchment_2023.09.03-1.20.1\geckolib-forge-1.20.1-4.4.9_mapped_parchment_2023.09.03-1.20.1.jar
[21Mar2025 16:08:35.842] [main/DEBUG] [net.minecraftforge.fml.loading.moddiscovery.ModFileInfo/LOADING]: Found valid mod file geckolib-forge-1.20.1-4.4.9_mapped_parchment_2023.09.03-1.20.1.jar with {geckolib} mods - versions {4.4.9}
[21Mar2025 16:08:35.844] [main/DEBUG] [net.minecraftforge.fml.loading.moddiscovery.ModFileParser/LOADING]: Considering mod file candidate C:\Users\chris\.gradle\caches\forge_gradle\deobf_dependencies\dev\kosmx\player-anim\player-animation-lib-forge\1.0.2-rc1+1.20_mapped_parchment_2023.09.03-1.20.1\player-animation-lib-forge-1.0.2-rc1+1.20_mapped_parchment_2023.09.03-1.20.1.jar
[21Mar2025 16:08:35.845] [main/DEBUG] [net.minecraftforge.fml.loading.moddiscovery.ModFileInfo/LOADING]: Found valid mod file player-animation-lib-forge-1.0.2-rc1+1.20_mapped_parchment_2023.09.03-1.20.1.jar with {playeranimator} mods - versions {1.0.2-rc1+1.20}
[21Mar2025 16:08:35.847] [main/DEBUG] [net.minecraftforge.fml.loading.moddiscovery.ModFileParser/LOADING]: Considering mod file candidate C:\Users\chris\.gradle\caches\modules-2\files-2.1\io.github.llamalad7\mixinextras-forge\0.4.1\5c35573a7b76103724799ca1174a69699b8a9aec\mixinextras-forge-0.4.1.jar
[21Mar2025 16:08:35.848] [main/DEBUG] [net.minecraftforge.fml.loading.moddiscovery.ModFileInfo/LOADING]: Found valid mod file mixinextras-forge-0.4.1.jar with {mixinextras} mods - versions {0.4.1}
[21Mar2025 16:08:35.850] [main/DEBUG] [net.minecraftforge.fml.loading.moddiscovery.ModFileParser/LOADING]: Considering mod file candidate C:\Users\chris\.gradle\caches\forge_gradle\deobf_dependencies\me\shedaniel\cloth\cloth-config-forge\11.1.136_mapped_parchment_2023.09.03-1.20.1\cloth-config-forge-11.1.136_mapped_parchment_2023.09.03-1.20.1.jar
[21Mar2025 16:08:35.851] [main/DEBUG] [net.minecraftforge.fml.loading.moddiscovery.ModFileInfo/LOADING]: Found valid mod file cloth-config-forge-11.1.136_mapped_parchment_2023.09.03-1.20.1.jar with {cloth_config} mods - versions {11.1.136}
[21Mar2025 16:08:35.853] [main/DEBUG] [net.minecraftforge.fml.loading.moddiscovery.ModFileParser/LOADING]: Considering mod file candidate C:\Users\chris\.gradle\caches\forge_gradle\deobf_dependencies\maven\modrinth\better-combat\1.8.6+1.20.1-forge_mapped_parchment_2023.09.03-1.20.1\better-combat-1.8.6+1.20.1-forge_mapped_parchment_2023.09.03-1.20.1.jar
[21Mar2025 16:08:35.854] [main/DEBUG] [net.minecraftforge.fml.loading.moddiscovery.ModFileInfo/LOADING]: Found valid mod file better-combat-1.8.6+1.20.1-forge_mapped_parchment_2023.09.03-1.20.1.jar with {bettercombat} mods - versions {1.8.6+1.20.1}
[21Mar2025 16:08:35.856] [main/DEBUG] [net.minecraftforge.fml.loading.moddiscovery.ModFileParser/LOADING]: Considering mod file candidate C:\Users\chris\.gradle\caches\forge_gradle\deobf_dependencies\top\theillusivec4\curios\curios-forge\5.12.1+1.20.1_mapped_parchment_2023.09.03-1.20.1\curios-forge-5.12.1+1.20.1_mapped_parchment_2023.09.03-1.20.1.jar
[21Mar2025 16:08:35.857] [main/DEBUG] [net.minecraftforge.fml.loading.moddiscovery.ModFileInfo/LOADING]: Found valid mod file curios-forge-5.12.1+1.20.1_mapped_parchment_2023.09.03-1.20.1.jar with {curios} mods - versions {5.12.1+1.20.1}
[21Mar2025 16:08:35.859] [main/DEBUG] [net.minecraftforge.fml.loading.moddiscovery.ModFileParser/LOADING]: Considering mod file candidate C:\Users\chris\.gradle\caches\forge_gradle\deobf_dependencies\mezz\jei\jei-1.20.1-forge\15.8.2.26_mapped_parchment_2023.09.03-1.20.1\jei-1.20.1-forge-15.8.2.26_mapped_parchment_2023.09.03-1.20.1.jar
[21Mar2025 16:08:35.860] [main/DEBUG] [net.minecraftforge.fml.loading.moddiscovery.ModFileInfo/LOADING]: Found valid mod file jei-1.20.1-forge-15.8.2.26_mapped_parchment_2023.09.03-1.20.1.jar with {jei} mods - versions {15.8.2.26}
[21Mar2025 16:08:35.862] [main/DEBUG] [net.minecraftforge.fml.loading.moddiscovery.ModFileParser/LOADING]: Considering mod file candidate C:\Users\chris\.gradle\caches\forge_gradle\deobf_dependencies\com\github\glitchfiend\TerraBlender-forge\1.20.1-3.0.0.169_mapped_parchment_2023.09.03-1.20.1\TerraBlender-forge-1.20.1-3.0.0.169_mapped_parchment_2023.09.03-1.20.1.jar
[21Mar2025 16:08:35.863] [main/DEBUG] [net.minecraftforge.fml.loading.moddiscovery.ModFileInfo/LOADING]: Found valid mod file TerraBlender-forge-1.20.1-3.0.0.169_mapped_parchment_2023.09.03-1.20.1.jar with {terrablender} mods - versions {3.0.0.169}
[21Mar2025 16:08:35.865] [main/DEBUG] [net.minecraftforge.fml.loading.moddiscovery.ModFileParser/LOADING]: Considering mod file candidate C:\Users\chris\.gradle\caches\forge_gradle\deobf_dependencies\software\bernie\geckolib\geckolib-forge-1.20.1\4.4.9_mapped_parchment_2023.09.03-1.20.1\geckolib-forge-1.20.1-4.4.9_mapped_parchment_2023.09.03-1.20.1.jar
[21Mar2025 16:08:35.866] [main/DEBUG] [net.minecraftforge.fml.loading.moddiscovery.ModFileInfo/LOADING]: Found valid mod file geckolib-forge-1.20.1-4.4.9_mapped_parchment_2023.09.03-1.20.1.jar with {geckolib} mods - versions {4.4.9}
[21Mar2025 16:08:35.871] [main/DEBUG] [net.minecraftforge.fml.loading.moddiscovery.ModFileParser/LOADING]: Considering mod file candidate C:\Users\chris\.gradle\caches\forge_gradle\deobf_dependencies\dev\kosmx\player-anim\player-animation-lib-forge\1.0.2-rc1+1.20_mapped_parchment_2023.09.03-1.20.1\player-animation-lib-forge-1.0.2-rc1+1.20_mapped_parchment_2023.09.03-1.20.1.jar
[21Mar2025 16:08:35.872] [main/DEBUG] [net.minecraftforge.fml.loading.moddiscovery.ModFileInfo/LOADING]: Found valid mod file player-animation-lib-forge-1.0.2-rc1+1.20_mapped_parchment_2023.09.03-1.20.1.jar with {playeranimator} mods - versions {1.0.2-rc1+1.20}
[21Mar2025 16:08:35.874] [main/DEBUG] [net.minecraftforge.fml.loading.moddiscovery.ModFileParser/LOADING]: Considering mod file candidate C:\Users\chris\.gradle\caches\modules-2\files-2.1\io.github.llamalad7\mixinextras-forge\0.4.1\5c35573a7b76103724799ca1174a69699b8a9aec\mixinextras-forge-0.4.1.jar
[21Mar2025 16:08:35.875] [main/DEBUG] [net.minecraftforge.fml.loading.moddiscovery.ModFileInfo/LOADING]: Found valid mod file mixinextras-forge-0.4.1.jar with {mixinextras} mods - versions {0.4.1}
[21Mar2025 16:08:35.877] [main/DEBUG] [net.minecraftforge.fml.loading.moddiscovery.ModFileParser/LOADING]: Considering mod file candidate C:\Users\chris\.gradle\caches\forge_gradle\deobf_dependencies\me\shedaniel\cloth\cloth-config-forge\11.1.136_mapped_parchment_2023.09.03-1.20.1\cloth-config-forge-11.1.136_mapped_parchment_2023.09.03-1.20.1.jar
[21Mar2025 16:08:35.877] [main/DEBUG] [net.minecraftforge.fml.loading.moddiscovery.ModFileInfo/LOADING]: Found valid mod file cloth-config-forge-11.1.136_mapped_parchment_2023.09.03-1.20.1.jar with {cloth_config} mods - versions {11.1.136}
[21Mar2025 16:08:35.879] [main/DEBUG] [net.minecraftforge.fml.loading.moddiscovery.ModFileParser/LOADING]: Considering mod file candidate C:\Users\chris\.gradle\caches\forge_gradle\deobf_dependencies\maven\modrinth\better-combat\1.8.6+1.20.1-forge_mapped_parchment_2023.09.03-1.20.1\better-combat-1.8.6+1.20.1-forge_mapped_parchment_2023.09.03-1.20.1.jar
[21Mar2025 16:08:35.880] [main/DEBUG] [net.minecraftforge.fml.loading.moddiscovery.ModFileInfo/LOADING]: Found valid mod file better-combat-1.8.6+1.20.1-forge_mapped_parchment_2023.09.03-1.20.1.jar with {bettercombat} mods - versions {1.8.6+1.20.1}
[21Mar2025 16:08:35.882] [main/DEBUG] [net.minecraftforge.fml.loading.moddiscovery.ModFileParser/LOADING]: Considering mod file candidate C:\Users\chris\.gradle\caches\forge_gradle\deobf_dependencies\top\theillusivec4\curios\curios-forge\5.12.1+1.20.1_mapped_parchment_2023.09.03-1.20.1\curios-forge-5.12.1+1.20.1_mapped_parchment_2023.09.03-1.20.1.jar
[21Mar2025 16:08:35.882] [main/DEBUG] [net.minecraftforge.fml.loading.moddiscovery.ModFileInfo/LOADING]: Found valid mod file curios-forge-5.12.1+1.20.1_mapped_parchment_2023.09.03-1.20.1.jar with {curios} mods - versions {5.12.1+1.20.1}
[21Mar2025 16:08:35.884] [main/DEBUG] [net.minecraftforge.fml.loading.moddiscovery.ModFileParser/LOADING]: Considering mod file candidate C:\Users\chris\.gradle\caches\forge_gradle\deobf_dependencies\mezz\jei\jei-1.20.1-forge\15.8.2.26_mapped_parchment_2023.09.03-1.20.1\jei-1.20.1-forge-15.8.2.26_mapped_parchment_2023.09.03-1.20.1.jar
[21Mar2025 16:08:35.885] [main/DEBUG] [net.minecraftforge.fml.loading.moddiscovery.ModFileInfo/LOADING]: Found valid mod file jei-1.20.1-forge-15.8.2.26_mapped_parchment_2023.09.03-1.20.1.jar with {jei} mods - versions {15.8.2.26}
[21Mar2025 16:08:35.890] [main/DEBUG] [net.minecraftforge.fml.loading.UniqueModListBuilder/]: Found 2 mods for first modid mixinextras, selecting most recent based on version data
[21Mar2025 16:08:35.890] [main/DEBUG] [net.minecraftforge.fml.loading.UniqueModListBuilder/]: Selected file mixinextras-forge-0.4.1.jar for modid mixinextras with version 0.4.1
[21Mar2025 16:08:35.890] [main/DEBUG] [net.minecraftforge.fml.loading.UniqueModListBuilder/]: Found 2 mods for first modid terrablender, selecting most recent based on version data
[21Mar2025 16:08:35.891] [main/DEBUG] [net.minecraftforge.fml.loading.UniqueModListBuilder/]: Selected file TerraBlender-forge-1.20.1-3.0.0.169_mapped_parchment_2023.09.03-1.20.1.jar for modid terrablender with version 3.0.0.169
[21Mar2025 16:08:35.891] [main/DEBUG] [net.minecraftforge.fml.loading.UniqueModListBuilder/]: Found 2 mods for first modid bettercombat, selecting most recent based on version data
[21Mar2025 16:08:35.891] [main/DEBUG] [net.minecraftforge.fml.loading.UniqueModListBuilder/]: Selected file better-combat-1.8.6+1.20.1-forge_mapped_parchment_2023.09.03-1.20.1.jar for modid bettercombat with version 1.8.6+1.20.1
[21Mar2025 16:08:35.891] [main/DEBUG] [net.minecraftforge.fml.loading.UniqueModListBuilder/]: Found 2 mods for first modid cloth_config, selecting most recent based on version data
[21Mar2025 16:08:35.891] [main/DEBUG] [net.minecraftforge.fml.loading.UniqueModListBuilder/]: Selected file cloth-config-forge-11.1.136_mapped_parchment_2023.09.03-1.20.1.jar for modid cloth_config with version 11.1.136
[21Mar2025 16:08:35.891] [main/DEBUG] [net.minecraftforge.fml.loading.UniqueModListBuilder/]: Found 2 mods for first modid curios, selecting most recent based on version data
[21Mar2025 16:08:35.891] [main/DEBUG] [net.minecraftforge.fml.loading.UniqueModListBuilder/]: Selected file curios-forge-5.12.1+1.20.1_mapped_parchment_2023.09.03-1.20.1.jar for modid curios with version 5.12.1+1.20.1
[21Mar2025 16:08:35.891] [main/DEBUG] [net.minecraftforge.fml.loading.UniqueModListBuilder/]: Found 2 mods for first modid geckolib, selecting most recent based on version data
[21Mar2025 16:08:35.891] [main/DEBUG] [net.minecraftforge.fml.loading.UniqueModListBuilder/]: Selected file geckolib-forge-1.20.1-4.4.9_mapped_parchment_2023.09.03-1.20.1.jar for modid geckolib with version 4.4.9
[21Mar2025 16:08:35.891] [main/DEBUG] [net.minecraftforge.fml.loading.UniqueModListBuilder/]: Found 2 mods for first modid playeranimator, selecting most recent based on version data
[21Mar2025 16:08:35.891] [main/DEBUG] [net.minecraftforge.fml.loading.UniqueModListBuilder/]: Selected file player-animation-lib-forge-1.0.2-rc1+1.20_mapped_parchment_2023.09.03-1.20.1.jar for modid playeranimator with version 1.0.2-rc1+1.20
[21Mar2025 16:08:35.892] [main/DEBUG] [net.minecraftforge.fml.loading.UniqueModListBuilder/]: Found 2 mods for first modid jei, selecting most recent based on version data
[21Mar2025 16:08:35.892] [main/DEBUG] [net.minecraftforge.fml.loading.UniqueModListBuilder/]: Selected file jei-1.20.1-forge-15.8.2.26_mapped_parchment_2023.09.03-1.20.1.jar for modid jei with version 15.8.2.26
[21Mar2025 16:08:35.899] [main/DEBUG] [net.minecraftforge.fml.loading.moddiscovery.AbstractJarFileDependencyLocator/]: Failed to load resource META-INF\jarjar\metadata.json from forge-1.20.1-47.3.33_mapped_parchment_2023.09.03-1.20.1-recomp.jar, it does not contain dependency information.
[21Mar2025 16:08:35.899] [main/DEBUG] [net.minecraftforge.fml.loading.moddiscovery.AbstractJarFileDependencyLocator/]: Failed to load resource META-INF\jarjar\metadata.json from TerraBlender-forge-1.20.1-3.0.0.169_mapped_parchment_2023.09.03-1.20.1.jar, it does not contain dependency information.
[21Mar2025 16:08:35.899] [main/DEBUG] [net.minecraftforge.fml.loading.moddiscovery.AbstractJarFileDependencyLocator/]: Failed to load resource META-INF\jarjar\metadata.json from cloth-config-forge-11.1.136_mapped_parchment_2023.09.03-1.20.1.jar, it does not contain dependency information.
[21Mar2025 16:08:35.899] [main/DEBUG] [net.minecraftforge.fml.loading.moddiscovery.AbstractJarFileDependencyLocator/]: Failed to load resource META-INF\jarjar\metadata.json from , it does not contain dependency information.
[21Mar2025 16:08:35.899] [main/DEBUG] [net.minecraftforge.fml.loading.moddiscovery.AbstractJarFileDependencyLocator/]: Failed to load resource META-INF\jarjar\metadata.json from curios-forge-5.12.1+1.20.1_mapped_parchment_2023.09.03-1.20.1.jar, it does not contain dependency information.
[21Mar2025 16:08:35.899] [main/DEBUG] [net.minecraftforge.fml.loading.moddiscovery.AbstractJarFileDependencyLocator/]: Failed to load resource META-INF\jarjar\metadata.json from player-animation-lib-forge-1.0.2-rc1+1.20_mapped_parchment_2023.09.03-1.20.1.jar, it does not contain dependency information.
[21Mar2025 16:08:35.900] [main/DEBUG] [net.minecraftforge.fml.loading.moddiscovery.AbstractJarFileDependencyLocator/]: Failed to load resource META-INF\jarjar\metadata.json from main, it does not contain dependency information.
[21Mar2025 16:08:35.900] [main/DEBUG] [net.minecraftforge.fml.loading.moddiscovery.AbstractJarFileDependencyLocator/]: Failed to load resource META-INF\jarjar\metadata.json from jei-1.20.1-forge-15.8.2.26_mapped_parchment_2023.09.03-1.20.1.jar, it does not contain dependency information.
[21Mar2025 16:08:35.900] [main/DEBUG] [net.minecraftforge.fml.loading.moddiscovery.AbstractJarFileDependencyLocator/]: Failed to load resource META-INF\jarjar\metadata.json from mclanguage-1.20.1-47.3.33.jar, it does not contain dependency information.
[21Mar2025 16:08:35.900] [main/DEBUG] [net.minecraftforge.fml.loading.moddiscovery.AbstractJarFileDependencyLocator/]: Failed to load resource META-INF\jarjar\metadata.json from javafmllanguage-1.20.1-47.3.33.jar, it does not contain dependency information.
[21Mar2025 16:08:35.900] [main/DEBUG] [net.minecraftforge.fml.loading.moddiscovery.AbstractJarFileDependencyLocator/]: Failed to load resource META-INF\jarjar\metadata.json from fmlcore-1.20.1-47.3.33.jar, it does not contain dependency information.
[21Mar2025 16:08:35.900] [main/DEBUG] [net.minecraftforge.fml.loading.moddiscovery.AbstractJarFileDependencyLocator/]: Failed to load resource META-INF\jarjar\metadata.json from lowcodelanguage-1.20.1-47.3.33.jar, it does not contain dependency information.
[21Mar2025 16:08:35.940] [main/DEBUG] [net.minecraftforge.fml.loading.moddiscovery.ModFileParser/LOADING]: Considering mod file candidate 
[21Mar2025 16:08:35.941] [main/DEBUG] [net.minecraftforge.fml.loading.moddiscovery.ModFileInfo/LOADING]: Found valid mod file mixinextras-forge-0.2.0.jar with {mixinextras} mods - versions {0.2.0}
[21Mar2025 16:08:35.951] [main/DEBUG] [net.minecraftforge.fml.loading.moddiscovery.AbstractJarFileDependencyLocator/]: Failed to load resource META-INF\jarjar\metadata.json from mclib-20.jar, it does not contain dependency information.
[21Mar2025 16:08:35.951] [main/DEBUG] [net.minecraftforge.fml.loading.moddiscovery.AbstractJarFileDependencyLocator/]: Failed to load resource META-INF\jarjar\metadata.json from MixinExtras-0.4.1.jar, it does not contain dependency information.
[21Mar2025 16:08:35.951] [main/DEBUG] [net.minecraftforge.fml.loading.moddiscovery.AbstractJarFileDependencyLocator/]: Failed to load resource META-INF\jarjar\metadata.json from MixinExtras-0.2.0.jar, it does not contain dependency information.
[21Mar2025 16:08:35.981] [main/DEBUG] [net.minecraftforge.fml.loading.moddiscovery.ModFileParser/LOADING]: Considering mod file candidate 
[21Mar2025 16:08:35.982] [main/DEBUG] [net.minecraftforge.fml.loading.moddiscovery.ModFileInfo/LOADING]: Found valid mod file mixinextras-forge-0.2.0.jar with {mixinextras} mods - versions {0.2.0}
[21Mar2025 16:08:35.987] [main/WARN] [net.minecraftforge.jarjar.selection.JarSelector/]: Attempted to select a dependency jar for JarJar which was passed in as source: mixinextras. Using Mod File: C:\Users\chris\.gradle\caches\modules-2\files-2.1\io.github.llamalad7\mixinextras-forge\0.4.1\5c35573a7b76103724799ca1174a69699b8a9aec\mixinextras-forge-0.4.1.jar
[21Mar2025 16:08:35.987] [main/INFO] [net.minecraftforge.fml.loading.moddiscovery.JarInJarDependencyLocator/]: Found 2 dependencies adding them to mods collection
[21Mar2025 16:08:35.989] [main/DEBUG] [net.minecraftforge.fml.loading.moddiscovery.ModFileInfo/LOADING]: Found valid mod file forge-1.20.1-47.3.33_mapped_parchment_2023.09.03-1.20.1-recomp.jar with {minecraft} mods - versions {1.20.1}
[21Mar2025 16:08:35.991] [main/DEBUG] [net.minecraftforge.fml.loading.moddiscovery.ModFile/LOADING]: Loading mod file C:\Users\chris\.gradle\caches\forge_gradle\minecraft_user_repo\net\minecraftforge\forge\1.20.1-47.3.33_mapped_parchment_2023.09.03-1.20.1\forge-1.20.1-47.3.33_mapped_parchment_2023.09.03-1.20.1-recomp.jar with languages [LanguageSpec[languageName=minecraft, acceptedVersions=1]]
[21Mar2025 16:08:35.991] [main/DEBUG] [net.minecraftforge.fml.loading.moddiscovery.ModFileParser/LOADING]: Considering mod file candidate C:\Users\chris\.gradle\caches\forge_gradle\deobf_dependencies\com\github\glitchfiend\TerraBlender-forge\1.20.1-3.0.0.169_mapped_parchment_2023.09.03-1.20.1\TerraBlender-forge-1.20.1-3.0.0.169_mapped_parchment_2023.09.03-1.20.1.jar
[21Mar2025 16:08:35.992] [main/DEBUG] [net.minecraftforge.fml.loading.moddiscovery.ModFileInfo/LOADING]: Found valid mod file TerraBlender-forge-1.20.1-3.0.0.169_mapped_parchment_2023.09.03-1.20.1.jar with {terrablender} mods - versions {3.0.0.169}
[21Mar2025 16:08:35.992] [main/DEBUG] [net.minecraftforge.fml.loading.moddiscovery.ModFile/LOADING]: Loading mod file C:\Users\chris\.gradle\caches\forge_gradle\deobf_dependencies\com\github\glitchfiend\TerraBlender-forge\1.20.1-3.0.0.169_mapped_parchment_2023.09.03-1.20.1\TerraBlender-forge-1.20.1-3.0.0.169_mapped_parchment_2023.09.03-1.20.1.jar with languages [LanguageSpec[languageName=javafml, acceptedVersions=[47,)]]
[21Mar2025 16:08:35.992] [main/DEBUG] [net.minecraftforge.fml.loading.moddiscovery.ModFileParser/LOADING]: Considering mod file candidate C:\Users\chris\.gradle\caches\forge_gradle\deobf_dependencies\me\shedaniel\cloth\cloth-config-forge\11.1.136_mapped_parchment_2023.09.03-1.20.1\cloth-config-forge-11.1.136_mapped_parchment_2023.09.03-1.20.1.jar
[21Mar2025 16:08:35.992] [main/DEBUG] [net.minecraftforge.fml.loading.moddiscovery.ModFileInfo/LOADING]: Found valid mod file cloth-config-forge-11.1.136_mapped_parchment_2023.09.03-1.20.1.jar with {cloth_config} mods - versions {11.1.136}
[21Mar2025 16:08:35.993] [main/DEBUG] [net.minecraftforge.fml.loading.moddiscovery.ModFile/LOADING]: Loading mod file C:\Users\chris\.gradle\caches\forge_gradle\deobf_dependencies\me\shedaniel\cloth\cloth-config-forge\11.1.136_mapped_parchment_2023.09.03-1.20.1\cloth-config-forge-11.1.136_mapped_parchment_2023.09.03-1.20.1.jar with languages [LanguageSpec[languageName=javafml, acceptedVersions=[34,)]]
[21Mar2025 16:08:35.993] [main/DEBUG] [net.minecraftforge.fml.loading.moddiscovery.ModFileParser/LOADING]: Considering mod file candidate C:\Users\chris\.gradle\caches\forge_gradle\deobf_dependencies\maven\modrinth\better-combat\1.8.6+1.20.1-forge_mapped_parchment_2023.09.03-1.20.1\better-combat-1.8.6+1.20.1-forge_mapped_parchment_2023.09.03-1.20.1.jar
[21Mar2025 16:08:35.993] [main/DEBUG] [net.minecraftforge.fml.loading.moddiscovery.ModFileInfo/LOADING]: Found valid mod file better-combat-1.8.6+1.20.1-forge_mapped_parchment_2023.09.03-1.20.1.jar with {bettercombat} mods - versions {1.8.6+1.20.1}
[21Mar2025 16:08:35.993] [main/DEBUG] [net.minecraftforge.fml.loading.moddiscovery.ModFile/LOADING]: Loading mod file C:\Users\chris\.gradle\caches\forge_gradle\deobf_dependencies\maven\modrinth\better-combat\1.8.6+1.20.1-forge_mapped_parchment_2023.09.03-1.20.1\better-combat-1.8.6+1.20.1-forge_mapped_parchment_2023.09.03-1.20.1.jar with languages [LanguageSpec[languageName=javafml, acceptedVersions=[39,)]]
[21Mar2025 16:08:35.993] [main/DEBUG] [net.minecraftforge.fml.loading.moddiscovery.ModFileParser/LOADING]: Considering mod file candidate /
[21Mar2025 16:08:35.994] [main/DEBUG] [net.minecraftforge.fml.loading.moddiscovery.ModFileInfo/LOADING]: Found valid mod file  with {forge} mods - versions {47.3.33}
[21Mar2025 16:08:35.994] [main/DEBUG] [net.minecraftforge.fml.loading.moddiscovery.ModFile/LOADING]: Loading mod file / with languages [LanguageSpec[languageName=javafml, acceptedVersions=[24,]]]
[21Mar2025 16:08:35.996] [main/DEBUG] [net.minecraftforge.fml.loading.moddiscovery.ModFileParser/LOADING]: Found coremod field_to_method with Javascript path coremods/field_to_method.js
[21Mar2025 16:08:35.996] [main/DEBUG] [net.minecraftforge.fml.loading.moddiscovery.ModFileParser/LOADING]: Found coremod field_to_instanceof with Javascript path coremods/field_to_instanceof.js
[21Mar2025 16:08:35.996] [main/DEBUG] [net.minecraftforge.fml.loading.moddiscovery.ModFileParser/LOADING]: Found coremod add_bouncer_method with Javascript path coremods/add_bouncer_method.js
[21Mar2025 16:08:35.996] [main/DEBUG] [net.minecraftforge.fml.loading.moddiscovery.ModFileParser/LOADING]: Found coremod method_redirector with Javascript path coremods/method_redirector.js
[21Mar2025 16:08:35.997] [main/DEBUG] [net.minecraftforge.fml.loading.moddiscovery.ModFile/LOADING]: Found coremod coremods/field_to_method.js
[21Mar2025 16:08:35.997] [main/DEBUG] [net.minecraftforge.fml.loading.moddiscovery.ModFile/LOADING]: Found coremod coremods/field_to_instanceof.js
[21Mar2025 16:08:35.997] [main/DEBUG] [net.minecraftforge.fml.loading.moddiscovery.ModFile/LOADING]: Found coremod coremods/add_bouncer_method.js
[21Mar2025 16:08:35.997] [main/DEBUG] [net.minecraftforge.fml.loading.moddiscovery.ModFile/LOADING]: Found coremod coremods/method_redirector.js
[21Mar2025 16:08:35.997] [main/DEBUG] [net.minecraftforge.fml.loading.moddiscovery.ModFileParser/LOADING]: Considering mod file candidate C:\Users\chris\.gradle\caches\forge_gradle\deobf_dependencies\top\theillusivec4\curios\curios-forge\5.12.1+1.20.1_mapped_parchment_2023.09.03-1.20.1\curios-forge-5.12.1+1.20.1_mapped_parchment_2023.09.03-1.20.1.jar
[21Mar2025 16:08:35.997] [main/DEBUG] [net.minecraftforge.fml.loading.moddiscovery.ModFileInfo/LOADING]: Found valid mod file curios-forge-5.12.1+1.20.1_mapped_parchment_2023.09.03-1.20.1.jar with {curios} mods - versions {5.12.1+1.20.1}
[21Mar2025 16:08:35.998] [main/DEBUG] [net.minecraftforge.fml.loading.moddiscovery.ModFile/LOADING]: Loading mod file C:\Users\chris\.gradle\caches\forge_gradle\deobf_dependencies\top\theillusivec4\curios\curios-forge\5.12.1+1.20.1_mapped_parchment_2023.09.03-1.20.1\curios-forge-5.12.1+1.20.1_mapped_parchment_2023.09.03-1.20.1.jar with languages [LanguageSpec[languageName=javafml, acceptedVersions=[41,)]]
[21Mar2025 16:08:35.998] [main/DEBUG] [net.minecraftforge.fml.loading.moddiscovery.ModFileParser/LOADING]: Considering mod file candidate C:\Users\chris\.gradle\caches\forge_gradle\deobf_dependencies\software\bernie\geckolib\geckolib-forge-1.20.1\4.4.9_mapped_parchment_2023.09.03-1.20.1\geckolib-forge-1.20.1-4.4.9_mapped_parchment_2023.09.03-1.20.1.jar
[21Mar2025 16:08:35.998] [main/DEBUG] [net.minecraftforge.fml.loading.moddiscovery.ModFileInfo/LOADING]: Found valid mod file geckolib-forge-1.20.1-4.4.9_mapped_parchment_2023.09.03-1.20.1.jar with {geckolib} mods - versions {4.4.9}
[21Mar2025 16:08:35.998] [main/DEBUG] [net.minecraftforge.fml.loading.moddiscovery.ModFile/LOADING]: Loading mod file C:\Users\chris\.gradle\caches\forge_gradle\deobf_dependencies\software\bernie\geckolib\geckolib-forge-1.20.1\4.4.9_mapped_parchment_2023.09.03-1.20.1\geckolib-forge-1.20.1-4.4.9_mapped_parchment_2023.09.03-1.20.1.jar with languages [LanguageSpec[languageName=javafml, acceptedVersions=[47,)]]
[21Mar2025 16:08:35.998] [main/DEBUG] [net.minecraftforge.fml.loading.moddiscovery.ModFileParser/LOADING]: Considering mod file candidate F:\Programming_Projects\Java\Minecraft_Mod\build\resources\main
[21Mar2025 16:08:35.999] [main/DEBUG] [net.minecraftforge.fml.loading.moddiscovery.ModFileInfo/LOADING]: Found valid mod file main with {codexa} mods - versions {0.1 - 1.20.1}
[21Mar2025 16:08:35.999] [main/DEBUG] [net.minecraftforge.fml.loading.moddiscovery.ModFile/LOADING]: Loading mod file F:\Programming_Projects\Java\Minecraft_Mod\build\resources\main with languages [LanguageSpec[languageName=javafml, acceptedVersions=[0,)]]
[21Mar2025 16:08:35.999] [main/DEBUG] [net.minecraftforge.fml.loading.moddiscovery.ModFileParser/LOADING]: Considering mod file candidate C:\Users\chris\.gradle\caches\forge_gradle\deobf_dependencies\dev\kosmx\player-anim\player-animation-lib-forge\1.0.2-rc1+1.20_mapped_parchment_2023.09.03-1.20.1\player-animation-lib-forge-1.0.2-rc1+1.20_mapped_parchment_2023.09.03-1.20.1.jar
[21Mar2025 16:08:36.000] [main/DEBUG] [net.minecraftforge.fml.loading.moddiscovery.ModFileInfo/LOADING]: Found valid mod file player-animation-lib-forge-1.0.2-rc1+1.20_mapped_parchment_2023.09.03-1.20.1.jar with {playeranimator} mods - versions {1.0.2-rc1+1.20}
[21Mar2025 16:08:36.000] [main/DEBUG] [net.minecraftforge.fml.loading.moddiscovery.ModFile/LOADING]: Loading mod file C:\Users\chris\.gradle\caches\forge_gradle\deobf_dependencies\dev\kosmx\player-anim\player-animation-lib-forge\1.0.2-rc1+1.20_mapped_parchment_2023.09.03-1.20.1\player-animation-lib-forge-1.0.2-rc1+1.20_mapped_parchment_2023.09.03-1.20.1.jar with languages [LanguageSpec[languageName=javafml, acceptedVersions=[46.0.0,)]]
[21Mar2025 16:08:36.000] [main/DEBUG] [net.minecraftforge.fml.loading.moddiscovery.ModFileParser/LOADING]: Considering mod file candidate C:\Users\chris\.gradle\caches\forge_gradle\deobf_dependencies\mezz\jei\jei-1.20.1-forge\15.8.2.26_mapped_parchment_2023.09.03-1.20.1\jei-1.20.1-forge-15.8.2.26_mapped_parchment_2023.09.03-1.20.1.jar
[21Mar2025 16:08:36.000] [main/DEBUG] [net.minecraftforge.fml.loading.moddiscovery.ModFileInfo/LOADING]: Found valid mod file jei-1.20.1-forge-15.8.2.26_mapped_parchment_2023.09.03-1.20.1.jar with {jei} mods - versions {15.8.2.26}
[21Mar2025 16:08:36.000] [main/DEBUG] [net.minecraftforge.fml.loading.moddiscovery.ModFile/LOADING]: Loading mod file C:\Users\chris\.gradle\caches\forge_gradle\deobf_dependencies\mezz\jei\jei-1.20.1-forge\15.8.2.26_mapped_parchment_2023.09.03-1.20.1\jei-1.20.1-forge-15.8.2.26_mapped_parchment_2023.09.03-1.20.1.jar with languages [LanguageSpec[languageName=javafml, acceptedVersions=[47,)]]
[21Mar2025 16:08:36.001] [main/DEBUG] [net.minecraftforge.fml.loading.moddiscovery.ModFile/LOADING]: Loading mod file  with languages []
[21Mar2025 16:08:36.001] [main/DEBUG] [net.minecraftforge.fml.loading.moddiscovery.ModFile/LOADING]: Loading mod file  with languages []
[21Mar2025 16:08:36.001] [main/DEBUG] [net.minecraftforge.fml.loading.moddiscovery.ModFileParser/LOADING]: Considering mod file candidate C:\Users\chris\.gradle\caches\modules-2\files-2.1\io.github.llamalad7\mixinextras-forge\0.4.1\5c35573a7b76103724799ca1174a69699b8a9aec\mixinextras-forge-0.4.1.jar
[21Mar2025 16:08:36.001] [main/DEBUG] [net.minecraftforge.fml.loading.moddiscovery.ModFileInfo/LOADING]: Found valid mod file mixinextras-forge-0.4.1.jar with {mixinextras} mods - versions {0.4.1}
[21Mar2025 16:08:36.001] [main/DEBUG] [net.minecraftforge.fml.loading.moddiscovery.ModFile/LOADING]: Loading mod file C:\Users\chris\.gradle\caches\modules-2\files-2.1\io.github.llamalad7\mixinextras-forge\0.4.1\5c35573a7b76103724799ca1174a69699b8a9aec\mixinextras-forge-0.4.1.jar with languages [LanguageSpec[languageName=javafml, acceptedVersions=*]]
[21Mar2025 16:08:36.001] [main/DEBUG] [net.minecraftforge.fml.loading.moddiscovery.ModFile/LOADING]: Loading mod file  with languages []
[21Mar2025 16:08:36.001] [main/DEBUG] [net.minecraftforge.fml.loading.moddiscovery.ModFile/LOADING]: Loading mod file  with languages []
[21Mar2025 16:08:36.001] [main/DEBUG] [net.minecraftforge.fml.loading.moddiscovery.ModFileParser/LOADING]: Considering mod file candidate C:\Users\chris\.gradle\caches\modules-2\files-2.1\io.github.llamalad7\mixinextras-forge\0.4.1\5c35573a7b76103724799ca1174a69699b8a9aec\mixinextras-forge-0.4.1.jar
[21Mar2025 16:08:36.002] [main/DEBUG] [net.minecraftforge.fml.loading.moddiscovery.ModFileInfo/LOADING]: Found valid mod file mixinextras-forge-0.4.1.jar with {mixinextras} mods - versions {0.4.1}
[21Mar2025 16:08:36.002] [main/DEBUG] [net.minecraftforge.fml.loading.moddiscovery.ModFile/LOADING]: Loading mod file C:\Users\chris\.gradle\caches\modules-2\files-2.1\io.github.llamalad7\mixinextras-forge\0.4.1\5c35573a7b76103724799ca1174a69699b8a9aec\mixinextras-forge-0.4.1.jar with languages [LanguageSpec[languageName=javafml, acceptedVersions=*]]
[21Mar2025 16:08:36.002] [main/DEBUG] [cpw.mods.modlauncher.TransformationServiceDecorator/MODLAUNCHER]: End scan trigger - transformation service fml
[21Mar2025 16:08:36.010] [main/DEBUG] [net.minecraftforge.fml.loading.LanguageLoadingProvider/CORE]: Found 3 language providers
[21Mar2025 16:08:36.011] [main/DEBUG] [net.minecraftforge.fml.loading.LanguageLoadingProvider/CORE]: Found language provider minecraft, version 1.0
[21Mar2025 16:08:36.011] [main/DEBUG] [net.minecraftforge.fml.loading.LanguageLoadingProvider/CORE]: Found language provider lowcodefml, version 47
[21Mar2025 16:08:36.011] [main/DEBUG] [net.minecraftforge.fml.loading.LanguageLoadingProvider/CORE]: Found language provider javafml, version 47
[21Mar2025 16:08:36.014] [main/DEBUG] [net.minecraftforge.fml.loading.UniqueModListBuilder/]: Found 2 mods for first modid mclib, selecting most recent based on version data
[21Mar2025 16:08:36.014] [main/DEBUG] [net.minecraftforge.fml.loading.UniqueModListBuilder/]: Selected file mclib-20.jar for modid mclib with version 0.0NONE
[21Mar2025 16:08:36.014] [main/DEBUG] [net.minecraftforge.fml.loading.UniqueModListBuilder/]: Found 2 mods for first modid mixinextras, selecting most recent based on version data
[21Mar2025 16:08:36.014] [main/DEBUG] [net.minecraftforge.fml.loading.UniqueModListBuilder/]: Selected file mixinextras-forge-0.4.1.jar for modid mixinextras with version 0.4.1
[21Mar2025 16:08:36.015] [main/DEBUG] [net.minecraftforge.fml.loading.UniqueModListBuilder/]: Found 2 mods for first modid MixinExtras, selecting most recent based on version data
[21Mar2025 16:08:36.015] [main/DEBUG] [net.minecraftforge.fml.loading.UniqueModListBuilder/]: Selected file MixinExtras-0.4.1.jar for modid MixinExtras with version 0.0NONE
[21Mar2025 16:08:36.016] [main/DEBUG] [net.minecraftforge.fml.loading.ModSorter/]: Configured system mods: [minecraft, forge]
[21Mar2025 16:08:36.016] [main/DEBUG] [net.minecraftforge.fml.loading.ModSorter/]: Found system mod: minecraft
[21Mar2025 16:08:36.016] [main/DEBUG] [net.minecraftforge.fml.loading.ModSorter/]: Found system mod: forge
[21Mar2025 16:08:36.018] [main/DEBUG] [net.minecraftforge.fml.loading.ModSorter/LOADING]: Found 16 mod requirements (16 mandatory, 0 optional)
[21Mar2025 16:08:36.018] [main/DEBUG] [net.minecraftforge.fml.loading.ModSorter/LOADING]: Found 0 mod requirements missing (0 mandatory, 0 optional)
[21Mar2025 16:08:36.370] [main/DEBUG] [net.minecraftforge.fml.loading.MCPNamingService/CORE]: Loaded 34318 method mappings from methods.csv
[21Mar2025 16:08:36.393] [main/DEBUG] [net.minecraftforge.fml.loading.MCPNamingService/CORE]: Loaded 31014 field mappings from fields.csv
[21Mar2025 16:08:36.439] [main/DEBUG] [cpw.mods.modlauncher.TransformationServicesHandler/MODLAUNCHER]: Transformation services loading transformers
[21Mar2025 16:08:36.440] [main/DEBUG] [cpw.mods.modlauncher.TransformationServiceDecorator/MODLAUNCHER]: Initializing transformers for transformation service mixin
[21Mar2025 16:08:36.440] [main/DEBUG] [cpw.mods.modlauncher.TransformationServiceDecorator/MODLAUNCHER]: Initialized transformers for transformation service mixin
[21Mar2025 16:08:36.440] [main/DEBUG] [cpw.mods.modlauncher.TransformationServiceDecorator/MODLAUNCHER]: Initializing transformers for transformation service fml
[21Mar2025 16:08:36.440] [main/DEBUG] [net.minecraftforge.fml.loading.FMLServiceProvider/CORE]: Loading coremod transformers
[21Mar2025 16:08:36.440] [main/DEBUG] [net.minecraftforge.coremod.CoreModEngine/COREMOD]: Loading CoreMod from coremods/field_to_method.js
[21Mar2025 16:08:36.563] [main/DEBUG] [net.minecraftforge.coremod.CoreModEngine/COREMOD]: CoreMod loaded successfully
[21Mar2025 16:08:36.563] [main/DEBUG] [net.minecraftforge.coremod.CoreModEngine/COREMOD]: Loading CoreMod from coremods/field_to_instanceof.js
[21Mar2025 16:08:36.614] [main/DEBUG] [net.minecraftforge.coremod.CoreModEngine/COREMOD]: CoreMod loaded successfully
[21Mar2025 16:08:36.614] [main/DEBUG] [net.minecraftforge.coremod.CoreModEngine/COREMOD]: Loading CoreMod from coremods/add_bouncer_method.js
[21Mar2025 16:08:36.645] [main/DEBUG] [net.minecraftforge.coremod.CoreModEngine/COREMOD]: CoreMod loaded successfully
[21Mar2025 16:08:36.646] [main/DEBUG] [net.minecraftforge.coremod.CoreModEngine/COREMOD]: Loading CoreMod from coremods/method_redirector.js
[21Mar2025 16:08:36.697] [main/DEBUG] [net.minecraftforge.coremod.CoreModEngine/COREMOD]: CoreMod loaded successfully
[21Mar2025 16:08:36.706] [main/DEBUG] [cpw.mods.modlauncher.TransformStore/MODLAUNCHER]: Adding transformer net.minecraftforge.coremod.transformer.CoreModClassTransformer@4694f434 to Target : CLASS {Lnet/minecraft/world/level/biome/Biome;} {} {V}
[21Mar2025 16:08:36.707] [main/DEBUG] [cpw.mods.modlauncher.TransformStore/MODLAUNCHER]: Adding transformer net.minecraftforge.coremod.transformer.CoreModClassTransformer@1697f2b3 to Target : CLASS {Lnet/minecraft/world/level/levelgen/structure/Structure;} {} {V}
[21Mar2025 16:08:36.707] [main/DEBUG] [cpw.mods.modlauncher.TransformStore/MODLAUNCHER]: Adding transformer net.minecraftforge.coremod.transformer.CoreModClassTransformer@12ad1b2a to Target : CLASS {Lnet/minecraft/world/effect/MobEffectInstance;} {} {V}
[21Mar2025 16:08:36.707] [main/DEBUG] [cpw.mods.modlauncher.TransformStore/MODLAUNCHER]: Adding transformer net.minecraftforge.coremod.transformer.CoreModClassTransformer@3134153d to Target : CLASS {Lnet/minecraft/world/level/block/LiquidBlock;} {} {V}
[21Mar2025 16:08:36.707] [main/DEBUG] [cpw.mods.modlauncher.TransformStore/MODLAUNCHER]: Adding transformer net.minecraftforge.coremod.transformer.CoreModClassTransformer@767599a7 to Target : CLASS {Lnet/minecraft/world/item/BucketItem;} {} {V}
[21Mar2025 16:08:36.708] [main/DEBUG] [cpw.mods.modlauncher.TransformStore/MODLAUNCHER]: Adding transformer net.minecraftforge.coremod.transformer.CoreModClassTransformer@5f5effb0 to Target : CLASS {Lnet/minecraft/world/level/block/StairBlock;} {} {V}
[21Mar2025 16:08:36.708] [main/DEBUG] [cpw.mods.modlauncher.TransformStore/MODLAUNCHER]: Adding transformer net.minecraftforge.coremod.transformer.CoreModClassTransformer@25d0cb3a to Target : CLASS {Lnet/minecraft/world/level/block/FlowerPotBlock;} {} {V}
[21Mar2025 16:08:36.708] [main/DEBUG] [cpw.mods.modlauncher.TransformStore/MODLAUNCHER]: Adding transformer net.minecraftforge.coremod.transformer.CoreModClassTransformer@345cbf40 to Target : CLASS {Lnet/minecraft/world/item/ItemStack;} {} {V}
[21Mar2025 16:08:36.708] [main/DEBUG] [cpw.mods.modlauncher.TransformStore/MODLAUNCHER]: Adding transformer net.minecraftforge.coremod.transformer.CoreModClassTransformer@6e3eb0cd to Target : CLASS {Lnet/minecraft/network/play/client/CClientSettingsPacket;} {} {V}
[21Mar2025 16:08:36.708] [main/DEBUG] [cpw.mods.modlauncher.TransformStore/MODLAUNCHER]: Adding transformer net.minecraftforge.coremod.transformer.CoreModClassTransformer@463561c5 to Target : CLASS {Lnet/minecraft/world/level/levelgen/structure/templatesystem/StructureTemplate;} {} {V}
[21Mar2025 16:08:36.708] [main/DEBUG] [cpw.mods.modlauncher.TransformStore/MODLAUNCHER]: Adding transformer net.minecraftforge.coremod.transformer.CoreModClassTransformer@463561c5 to Target : CLASS {Lnet/minecraft/world/entity/monster/Strider;} {} {V}
[21Mar2025 16:08:36.708] [main/DEBUG] [cpw.mods.modlauncher.TransformStore/MODLAUNCHER]: Adding transformer net.minecraftforge.coremod.transformer.CoreModClassTransformer@463561c5 to Target : CLASS {Lnet/minecraft/world/entity/npc/CatSpawner;} {} {V}
[21Mar2025 16:08:36.709] [main/DEBUG] [cpw.mods.modlauncher.TransformStore/MODLAUNCHER]: Adding transformer net.minecraftforge.coremod.transformer.CoreModClassTransformer@463561c5 to Target : CLASS {Lnet/minecraft/world/level/levelgen/structure/structures/WoodlandMansionPieces$WoodlandMansionPiece;} {} {V}
[21Mar2025 16:08:36.709] [main/DEBUG] [cpw.mods.modlauncher.TransformStore/MODLAUNCHER]: Adding transformer net.minecraftforge.coremod.transformer.CoreModClassTransformer@463561c5 to Target : CLASS {Lnet/minecraft/server/commands/SummonCommand;} {} {V}
[21Mar2025 16:08:36.709] [main/DEBUG] [cpw.mods.modlauncher.TransformStore/MODLAUNCHER]: Adding transformer net.minecraftforge.coremod.transformer.CoreModClassTransformer@463561c5 to Target : CLASS {Lnet/minecraft/world/entity/monster/Evoker$EvokerSummonSpellGoal;} {} {V}
[21Mar2025 16:08:36.709] [main/DEBUG] [cpw.mods.modlauncher.TransformStore/MODLAUNCHER]: Adding transformer net.minecraftforge.coremod.transformer.CoreModClassTransformer@463561c5 to Target : CLASS {Lnet/minecraft/world/level/levelgen/PatrolSpawner;} {} {V}
[21Mar2025 16:08:36.709] [main/DEBUG] [cpw.mods.modlauncher.TransformStore/MODLAUNCHER]: Adding transformer net.minecraftforge.coremod.transformer.CoreModClassTransformer@463561c5 to Target : CLASS {Lnet/minecraft/world/entity/EntityType;} {} {V}
[21Mar2025 16:08:36.709] [main/DEBUG] [cpw.mods.modlauncher.TransformStore/MODLAUNCHER]: Adding transformer net.minecraftforge.coremod.transformer.CoreModClassTransformer@463561c5 to Target : CLASS {Lnet/minecraft/world/level/levelgen/structure/structures/OceanRuinPieces$OceanRuinPiece;} {} {V}
[21Mar2025 16:08:36.709] [main/DEBUG] [cpw.mods.modlauncher.TransformStore/MODLAUNCHER]: Adding transformer net.minecraftforge.coremod.transformer.CoreModClassTransformer@463561c5 to Target : CLASS {Lnet/minecraft/world/entity/monster/Zombie;} {} {V}
[21Mar2025 16:08:36.709] [main/DEBUG] [cpw.mods.modlauncher.TransformStore/MODLAUNCHER]: Adding transformer net.minecraftforge.coremod.transformer.CoreModClassTransformer@463561c5 to Target : CLASS {Lnet/minecraft/world/entity/monster/ZombieVillager;} {} {V}
[21Mar2025 16:08:36.710] [main/DEBUG] [cpw.mods.modlauncher.TransformStore/MODLAUNCHER]: Adding transformer net.minecraftforge.coremod.transformer.CoreModClassTransformer@463561c5 to Target : CLASS {Lnet/minecraft/world/entity/npc/Villager;} {} {V}
[21Mar2025 16:08:36.710] [main/DEBUG] [cpw.mods.modlauncher.TransformStore/MODLAUNCHER]: Adding transformer net.minecraftforge.coremod.transformer.CoreModClassTransformer@463561c5 to Target : CLASS {Lnet/minecraft/world/level/levelgen/structure/structures/OceanMonumentPieces$OceanMonumentPiece;} {} {V}
[21Mar2025 16:08:36.710] [main/DEBUG] [cpw.mods.modlauncher.TransformStore/MODLAUNCHER]: Adding transformer net.minecraftforge.coremod.transformer.CoreModClassTransformer@463561c5 to Target : CLASS {Lnet/minecraft/world/entity/ai/village/VillageSiege;} {} {V}
[21Mar2025 16:08:36.710] [main/DEBUG] [cpw.mods.modlauncher.TransformStore/MODLAUNCHER]: Adding transformer net.minecraftforge.coremod.transformer.CoreModClassTransformer@463561c5 to Target : CLASS {Lnet/minecraft/world/entity/animal/frog/Tadpole;} {} {V}
[21Mar2025 16:08:36.710] [main/DEBUG] [cpw.mods.modlauncher.TransformStore/MODLAUNCHER]: Adding transformer net.minecraftforge.coremod.transformer.CoreModClassTransformer@463561c5 to Target : CLASS {Lnet/minecraft/world/entity/animal/horse/SkeletonTrapGoal;} {} {V}
[21Mar2025 16:08:36.710] [main/DEBUG] [cpw.mods.modlauncher.TransformStore/MODLAUNCHER]: Adding transformer net.minecraftforge.coremod.transformer.CoreModClassTransformer@463561c5 to Target : CLASS {Lnet/minecraft/world/entity/monster/Spider;} {} {V}
[21Mar2025 16:08:36.710] [main/DEBUG] [cpw.mods.modlauncher.TransformStore/MODLAUNCHER]: Adding transformer net.minecraftforge.coremod.transformer.CoreModClassTransformer@463561c5 to Target : CLASS {Lnet/minecraft/world/level/levelgen/structure/structures/SwampHutPiece;} {} {V}
[21Mar2025 16:08:36.710] [main/DEBUG] [cpw.mods.modlauncher.TransformStore/MODLAUNCHER]: Adding transformer net.minecraftforge.coremod.transformer.CoreModClassTransformer@463561c5 to Target : CLASS {Lnet/minecraft/server/commands/RaidCommand;} {} {V}
[21Mar2025 16:08:36.710] [main/DEBUG] [cpw.mods.modlauncher.TransformStore/MODLAUNCHER]: Adding transformer net.minecraftforge.coremod.transformer.CoreModClassTransformer@463561c5 to Target : CLASS {Lnet/minecraft/world/entity/raid/Raid;} {} {V}
[21Mar2025 16:08:36.710] [main/DEBUG] [cpw.mods.modlauncher.TransformStore/MODLAUNCHER]: Adding transformer net.minecraftforge.coremod.transformer.CoreModClassTransformer@463561c5 to Target : CLASS {Lnet/minecraft/world/level/NaturalSpawner;} {} {V}
[21Mar2025 16:08:36.711] [main/DEBUG] [cpw.mods.modlauncher.TransformStore/MODLAUNCHER]: Adding transformer net.minecraftforge.coremod.transformer.CoreModClassTransformer@463561c5 to Target : CLASS {Lnet/minecraft/world/level/levelgen/PhantomSpawner;} {} {V}
[21Mar2025 16:08:36.711] [main/DEBUG] [cpw.mods.modlauncher.TransformationServiceDecorator/MODLAUNCHER]: Initialized transformers for transformation service fml
[21Mar2025 16:08:37.023] [main/DEBUG] [mixin/]: Processing prepare() for PlatformAgent[MixinPlatformAgentDefault:ModLauncher Root Container(ModLauncher:4f56a0a2)]
[21Mar2025 16:08:37.024] [main/DEBUG] [mixin/]: Processing launch tasks for PlatformAgent[MixinPlatformAgentDefault:ModLauncher Root Container(ModLauncher:4f56a0a2)]
[21Mar2025 16:08:37.024] [main/DEBUG] [mixin/]: Adding mixin platform agents for container SecureJarResource(minecraft)
[21Mar2025 16:08:37.024] [main/DEBUG] [mixin/]: Instancing new MixinPlatformAgentMinecraftForge for SecureJarResource(minecraft)
[21Mar2025 16:08:37.024] [main/DEBUG] [mixin/]: MixinPlatformAgentMinecraftForge rejected container SecureJarResource(minecraft)
[21Mar2025 16:08:37.024] [main/DEBUG] [mixin/]: Instancing new MixinPlatformAgentDefault for SecureJarResource(minecraft)
[21Mar2025 16:08:37.024] [main/DEBUG] [mixin/]: MixinPlatformAgentDefault accepted container SecureJarResource(minecraft)
[21Mar2025 16:08:37.024] [main/DEBUG] [mixin/]: Processing prepare() for PlatformAgent[MixinPlatformAgentDefault:SecureJarResource(minecraft)]
[21Mar2025 16:08:37.024] [main/DEBUG] [mixin/]: Adding mixin platform agents for container SecureJarResource(mixinextras)
[21Mar2025 16:08:37.024] [main/DEBUG] [mixin/]: Instancing new MixinPlatformAgentMinecraftForge for SecureJarResource(mixinextras)
[21Mar2025 16:08:37.024] [main/DEBUG] [mixin/]: MixinPlatformAgentMinecraftForge rejected container SecureJarResource(mixinextras)
[21Mar2025 16:08:37.024] [main/DEBUG] [mixin/]: Instancing new MixinPlatformAgentDefault for SecureJarResource(mixinextras)
[21Mar2025 16:08:37.024] [main/DEBUG] [mixin/]: MixinPlatformAgentDefault accepted container SecureJarResource(mixinextras)
[21Mar2025 16:08:37.025] [main/DEBUG] [mixin/]: Processing prepare() for PlatformAgent[MixinPlatformAgentDefault:SecureJarResource(mixinextras)]
[21Mar2025 16:08:37.025] [main/DEBUG] [mixin/]: Registering mixin config: mixinextras.init.mixins.json
[21Mar2025 16:08:37.036] [main/DEBUG] [mixin/]: Adding mixin platform agents for container SecureJarResource(terrablender)
[21Mar2025 16:08:37.036] [main/DEBUG] [mixin/]: Instancing new MixinPlatformAgentMinecraftForge for SecureJarResource(terrablender)
[21Mar2025 16:08:37.036] [main/DEBUG] [mixin/]: MixinPlatformAgentMinecraftForge rejected container SecureJarResource(terrablender)
[21Mar2025 16:08:37.037] [main/DEBUG] [mixin/]: Instancing new MixinPlatformAgentDefault for SecureJarResource(terrablender)
[21Mar2025 16:08:37.037] [main/DEBUG] [mixin/]: MixinPlatformAgentDefault accepted container SecureJarResource(terrablender)
[21Mar2025 16:08:37.037] [main/DEBUG] [mixin/]: Processing prepare() for PlatformAgent[MixinPlatformAgentDefault:SecureJarResource(terrablender)]
[21Mar2025 16:08:37.037] [main/DEBUG] [mixin/]: Registering mixin config: terrablender.mixins.json
[21Mar2025 16:08:37.038] [main/DEBUG] [mixin/]: Compatibility level JAVA_17 specified by terrablender.mixins.json is higher than the maximum level supported by this version of mixin (JAVA_13).
[21Mar2025 16:08:37.041] [main/INFO] [mixin/]: Compatibility level set to JAVA_17
[21Mar2025 16:08:37.041] [main/DEBUG] [mixin/]: Registering mixin config: terrablender_forge.mixins.json
[21Mar2025 16:08:37.042] [main/DEBUG] [mixin/]: Adding mixin platform agents for container SecureJarResource(geckolib)
[21Mar2025 16:08:37.042] [main/DEBUG] [mixin/]: Instancing new MixinPlatformAgentMinecraftForge for SecureJarResource(geckolib)
[21Mar2025 16:08:37.042] [main/DEBUG] [mixin/]: MixinPlatformAgentMinecraftForge rejected container SecureJarResource(geckolib)
[21Mar2025 16:08:37.042] [main/DEBUG] [mixin/]: Instancing new MixinPlatformAgentDefault for SecureJarResource(geckolib)
[21Mar2025 16:08:37.042] [main/DEBUG] [mixin/]: MixinPlatformAgentDefault accepted container SecureJarResource(geckolib)
[21Mar2025 16:08:37.042] [main/DEBUG] [mixin/]: Processing prepare() for PlatformAgent[MixinPlatformAgentDefault:SecureJarResource(geckolib)]
[21Mar2025 16:08:37.042] [main/DEBUG] [mixin/]: Registering mixin config: geckolib.mixins.json
[21Mar2025 16:08:37.044] [main/DEBUG] [mixin/]: Adding mixin platform agents for container SecureJarResource(playeranimator)
[21Mar2025 16:08:37.044] [main/DEBUG] [mixin/]: Instancing new MixinPlatformAgentMinecraftForge for SecureJarResource(playeranimator)
[21Mar2025 16:08:37.044] [main/DEBUG] [mixin/]: MixinPlatformAgentMinecraftForge rejected container SecureJarResource(playeranimator)
[21Mar2025 16:08:37.044] [main/DEBUG] [mixin/]: Instancing new MixinPlatformAgentDefault for SecureJarResource(playeranimator)
[21Mar2025 16:08:37.044] [main/DEBUG] [mixin/]: MixinPlatformAgentDefault accepted container SecureJarResource(playeranimator)
[21Mar2025 16:08:37.044] [main/DEBUG] [mixin/]: Processing prepare() for PlatformAgent[MixinPlatformAgentDefault:SecureJarResource(playeranimator)]
[21Mar2025 16:08:37.044] [main/DEBUG] [mixin/]: Registering mixin config: playerAnimator-common.mixins.json
[21Mar2025 16:08:37.045] [main/DEBUG] [mixin/]: Compatibility level JAVA_16 specified by playerAnimator-common.mixins.json is higher than the maximum level supported by this version of mixin (JAVA_13).
[21Mar2025 16:08:37.045] [main/DEBUG] [mixin/]: Adding mixin platform agents for container SecureJarResource(codexa)
[21Mar2025 16:08:37.045] [main/DEBUG] [mixin/]: Instancing new MixinPlatformAgentMinecraftForge for SecureJarResource(codexa)
[21Mar2025 16:08:37.045] [main/DEBUG] [mixin/]: MixinPlatformAgentMinecraftForge rejected container SecureJarResource(codexa)
[21Mar2025 16:08:37.045] [main/DEBUG] [mixin/]: Instancing new MixinPlatformAgentDefault for SecureJarResource(codexa)
[21Mar2025 16:08:37.046] [main/DEBUG] [mixin/]: MixinPlatformAgentDefault accepted container SecureJarResource(codexa)
[21Mar2025 16:08:37.046] [main/DEBUG] [mixin/]: Processing prepare() for PlatformAgent[MixinPlatformAgentDefault:SecureJarResource(codexa)]
[21Mar2025 16:08:37.046] [main/DEBUG] [mixin/]: Adding mixin platform agents for container SecureJarResource(jei)
[21Mar2025 16:08:37.046] [main/DEBUG] [mixin/]: Instancing new MixinPlatformAgentMinecraftForge for SecureJarResource(jei)
[21Mar2025 16:08:37.046] [main/DEBUG] [mixin/]: MixinPlatformAgentMinecraftForge rejected container SecureJarResource(jei)
[21Mar2025 16:08:37.046] [main/DEBUG] [mixin/]: Instancing new MixinPlatformAgentDefault for SecureJarResource(jei)
[21Mar2025 16:08:37.046] [main/DEBUG] [mixin/]: MixinPlatformAgentDefault accepted container SecureJarResource(jei)
[21Mar2025 16:08:37.046] [main/DEBUG] [mixin/]: Processing prepare() for PlatformAgent[MixinPlatformAgentDefault:SecureJarResource(jei)]
[21Mar2025 16:08:37.046] [main/DEBUG] [mixin/]: Adding mixin platform agents for container SecureJarResource(cloth_config)
[21Mar2025 16:08:37.046] [main/DEBUG] [mixin/]: Instancing new MixinPlatformAgentMinecraftForge for SecureJarResource(cloth_config)
[21Mar2025 16:08:37.047] [main/DEBUG] [mixin/]: MixinPlatformAgentMinecraftForge rejected container SecureJarResource(cloth_config)
[21Mar2025 16:08:37.047] [main/DEBUG] [mixin/]: Instancing new MixinPlatformAgentDefault for SecureJarResource(cloth_config)
[21Mar2025 16:08:37.047] [main/DEBUG] [mixin/]: MixinPlatformAgentDefault accepted container SecureJarResource(cloth_config)
[21Mar2025 16:08:37.047] [main/DEBUG] [mixin/]: Processing prepare() for PlatformAgent[MixinPlatformAgentDefault:SecureJarResource(cloth_config)]
[21Mar2025 16:08:37.047] [main/DEBUG] [mixin/]: Adding mixin platform agents for container SecureJarResource(bettercombat)
[21Mar2025 16:08:37.047] [main/DEBUG] [mixin/]: Instancing new MixinPlatformAgentMinecraftForge for SecureJarResource(bettercombat)
[21Mar2025 16:08:37.047] [main/DEBUG] [mixin/]: MixinPlatformAgentMinecraftForge rejected container SecureJarResource(bettercombat)
[21Mar2025 16:08:37.047] [main/DEBUG] [mixin/]: Instancing new MixinPlatformAgentDefault for SecureJarResource(bettercombat)
[21Mar2025 16:08:37.047] [main/DEBUG] [mixin/]: MixinPlatformAgentDefault accepted container SecureJarResource(bettercombat)
[21Mar2025 16:08:37.047] [main/DEBUG] [mixin/]: Processing prepare() for PlatformAgent[MixinPlatformAgentDefault:SecureJarResource(bettercombat)]
[21Mar2025 16:08:37.047] [main/DEBUG] [mixin/]: Registering mixin config: bettercombat.mixins.json
[21Mar2025 16:08:37.048] [main/DEBUG] [mixin/]: Adding mixin platform agents for container SecureJarResource(forge)
[21Mar2025 16:08:37.048] [main/DEBUG] [mixin/]: Instancing new MixinPlatformAgentMinecraftForge for SecureJarResource(forge)
[21Mar2025 16:08:37.048] [main/DEBUG] [mixin/]: MixinPlatformAgentMinecraftForge rejected container SecureJarResource(forge)
[21Mar2025 16:08:37.048] [main/DEBUG] [mixin/]: Instancing new MixinPlatformAgentDefault for SecureJarResource(forge)
[21Mar2025 16:08:37.049] [main/DEBUG] [mixin/]: MixinPlatformAgentDefault accepted container SecureJarResource(forge)
[21Mar2025 16:08:37.049] [main/DEBUG] [mixin/]: Processing prepare() for PlatformAgent[MixinPlatformAgentDefault:SecureJarResource(forge)]
[21Mar2025 16:08:37.049] [main/DEBUG] [mixin/]: Adding mixin platform agents for container SecureJarResource(curios)
[21Mar2025 16:08:37.049] [main/DEBUG] [mixin/]: Instancing new MixinPlatformAgentMinecraftForge for SecureJarResource(curios)
[21Mar2025 16:08:37.049] [main/DEBUG] [mixin/]: MixinPlatformAgentMinecraftForge rejected container SecureJarResource(curios)
[21Mar2025 16:08:37.049] [main/DEBUG] [mixin/]: Instancing new MixinPlatformAgentDefault for SecureJarResource(curios)
[21Mar2025 16:08:37.049] [main/DEBUG] [mixin/]: MixinPlatformAgentDefault accepted container SecureJarResource(curios)
[21Mar2025 16:08:37.049] [main/DEBUG] [mixin/]: Processing prepare() for PlatformAgent[MixinPlatformAgentDefault:SecureJarResource(curios)]
[21Mar2025 16:08:37.049] [main/DEBUG] [mixin/]: Registering mixin config: curios.mixins.json
[21Mar2025 16:08:37.052] [main/DEBUG] [mixin/]: Adding mixin platform agents for container SecureJarResource(MixinExtras)
[21Mar2025 16:08:37.053] [main/DEBUG] [mixin/]: Instancing new MixinPlatformAgentMinecraftForge for SecureJarResource(MixinExtras)
[21Mar2025 16:08:37.053] [main/DEBUG] [mixin/]: MixinPlatformAgentMinecraftForge rejected container SecureJarResource(MixinExtras)
[21Mar2025 16:08:37.053] [main/DEBUG] [mixin/]: Instancing new MixinPlatformAgentDefault for SecureJarResource(MixinExtras)
[21Mar2025 16:08:37.053] [main/DEBUG] [mixin/]: MixinPlatformAgentDefault accepted container SecureJarResource(MixinExtras)
[21Mar2025 16:08:37.053] [main/DEBUG] [mixin/]: Processing prepare() for PlatformAgent[MixinPlatformAgentDefault:SecureJarResource(MixinExtras)]
[21Mar2025 16:08:37.053] [main/DEBUG] [mixin/]: Adding mixin platform agents for container SecureJarResource(mclib)
[21Mar2025 16:08:37.053] [main/DEBUG] [mixin/]: Instancing new MixinPlatformAgentMinecraftForge for SecureJarResource(mclib)
[21Mar2025 16:08:37.053] [main/DEBUG] [mixin/]: MixinPlatformAgentMinecraftForge rejected container SecureJarResource(mclib)
[21Mar2025 16:08:37.053] [main/DEBUG] [mixin/]: Instancing new MixinPlatformAgentDefault for SecureJarResource(mclib)
[21Mar2025 16:08:37.053] [main/DEBUG] [mixin/]: MixinPlatformAgentDefault accepted container SecureJarResource(mclib)
[21Mar2025 16:08:37.053] [main/DEBUG] [mixin/]: Processing prepare() for PlatformAgent[MixinPlatformAgentDefault:SecureJarResource(mclib)]
[21Mar2025 16:08:37.054] [main/DEBUG] [mixin/]: inject() running with 14 agents
[21Mar2025 16:08:37.054] [main/DEBUG] [mixin/]: Processing inject() for PlatformAgent[MixinPlatformAgentDefault:ModLauncher Root Container(ModLauncher:4f56a0a2)]
[21Mar2025 16:08:37.054] [main/DEBUG] [mixin/]: Processing inject() for PlatformAgent[MixinPlatformAgentDefault:SecureJarResource(minecraft)]
[21Mar2025 16:08:37.054] [main/DEBUG] [mixin/]: Processing inject() for PlatformAgent[MixinPlatformAgentDefault:SecureJarResource(mixinextras)]
[21Mar2025 16:08:37.054] [main/DEBUG] [mixin/]: Processing inject() for PlatformAgent[MixinPlatformAgentDefault:SecureJarResource(terrablender)]
[21Mar2025 16:08:37.054] [main/DEBUG] [mixin/]: Processing inject() for PlatformAgent[MixinPlatformAgentDefault:SecureJarResource(geckolib)]
[21Mar2025 16:08:37.054] [main/DEBUG] [mixin/]: Processing inject() for PlatformAgent[MixinPlatformAgentDefault:SecureJarResource(playeranimator)]
[21Mar2025 16:08:37.054] [main/DEBUG] [mixin/]: Processing inject() for PlatformAgent[MixinPlatformAgentDefault:SecureJarResource(codexa)]
[21Mar2025 16:08:37.054] [main/DEBUG] [mixin/]: Processing inject() for PlatformAgent[MixinPlatformAgentDefault:SecureJarResource(jei)]
[21Mar2025 16:08:37.054] [main/DEBUG] [mixin/]: Processing inject() for PlatformAgent[MixinPlatformAgentDefault:SecureJarResource(cloth_config)]
[21Mar2025 16:08:37.054] [main/DEBUG] [mixin/]: Processing inject() for PlatformAgent[MixinPlatformAgentDefault:SecureJarResource(bettercombat)]
[21Mar2025 16:08:37.055] [main/DEBUG] [mixin/]: Processing inject() for PlatformAgent[MixinPlatformAgentDefault:SecureJarResource(forge)]
[21Mar2025 16:08:37.055] [main/DEBUG] [mixin/]: Processing inject() for PlatformAgent[MixinPlatformAgentDefault:SecureJarResource(curios)]
[21Mar2025 16:08:37.055] [main/DEBUG] [mixin/]: Processing inject() for PlatformAgent[MixinPlatformAgentDefault:SecureJarResource(MixinExtras)]
[21Mar2025 16:08:37.055] [main/DEBUG] [mixin/]: Processing inject() for PlatformAgent[MixinPlatformAgentDefault:SecureJarResource(mclib)]
[21Mar2025 16:08:37.055] [main/INFO] [cpw.mods.modlauncher.LaunchServiceHandler/MODLAUNCHER]: Launching target 'forgedatauserdev' with arguments [--gameDir, ., --assetsDir, C:\Users\chris\.gradle\caches\forge_gradle\assets, --assetIndex, 5, --mod, codexa, --all, --output, F:\Programming_Projects\Java\Minecraft_Mod\src\generated\resources, --existing, F:\Programming_Projects\Java\Minecraft_Mod\src\main\resources]
[21Mar2025 16:08:37.108] [main/DEBUG] [mixin/]: Error cleaning class output directory: .mixin.out
[21Mar2025 16:08:37.110] [main/DEBUG] [mixin/]: Preparing mixins for MixinEnvironment[DEFAULT]
[21Mar2025 16:08:37.110] [main/DEBUG] [mixin/]: Selecting config mixinextras.init.mixins.json
[21Mar2025 16:08:37.137] [main/DEBUG] [MixinExtras|Service/]: com.llamalad7.mixinextras.service.MixinExtrasServiceImpl(version=0.4.1) is taking over from null
[21Mar2025 16:08:37.158] [main/DEBUG] [mixin/]: Registering new injector for @Inject with org.spongepowered.asm.mixin.injection.struct.CallbackInjectionInfo
[21Mar2025 16:08:37.159] [main/DEBUG] [mixin/]: Registering new injector for @ModifyArg with org.spongepowered.asm.mixin.injection.struct.ModifyArgInjectionInfo
[21Mar2025 16:08:37.160] [main/DEBUG] [mixin/]: Registering new injector for @ModifyArgs with org.spongepowered.asm.mixin.injection.struct.ModifyArgsInjectionInfo
[21Mar2025 16:08:37.161] [main/DEBUG] [mixin/]: Registering new injector for @Redirect with org.spongepowered.asm.mixin.injection.struct.RedirectInjectionInfo
[21Mar2025 16:08:37.162] [main/DEBUG] [mixin/]: Registering new injector for @ModifyVariable with org.spongepowered.asm.mixin.injection.struct.ModifyVariableInjectionInfo
[21Mar2025 16:08:37.163] [main/DEBUG] [mixin/]: Registering new injector for @ModifyConstant with org.spongepowered.asm.mixin.injection.struct.ModifyConstantInjectionInfo
[21Mar2025 16:08:37.173] [main/DEBUG] [mixin/]: Selecting config terrablender.mixins.json
[21Mar2025 16:08:37.391] [main/INFO] [mixin/]: Remapping refMap terrablender.refmap.json using F:\Programming_Projects\Java\Minecraft_Mod\build/createSrgToMcp/output.srg
[21Mar2025 16:08:37.391] [main/DEBUG] [mixin/]: Selecting config terrablender_forge.mixins.json
[21Mar2025 16:08:37.392] [main/INFO] [mixin/]: Remapping refMap terrablender.refmap.json using F:\Programming_Projects\Java\Minecraft_Mod\build/createSrgToMcp/output.srg
[21Mar2025 16:08:37.393] [main/DEBUG] [mixin/]: Selecting config geckolib.mixins.json
[21Mar2025 16:08:37.393] [main/INFO] [mixin/]: Remapping refMap geckolib.refmap.json using F:\Programming_Projects\Java\Minecraft_Mod\build/createSrgToMcp/output.srg
[21Mar2025 16:08:37.393] [main/DEBUG] [mixin/]: Selecting config playerAnimator-common.mixins.json
[21Mar2025 16:08:37.395] [main/INFO] [mixin/]: Remapping refMap player-animation-lib-minecraft_common-refmap.json using F:\Programming_Projects\Java\Minecraft_Mod\build/createSrgToMcp/output.srg
[21Mar2025 16:08:37.395] [main/DEBUG] [mixin/]: Selecting config bettercombat.mixins.json
[21Mar2025 16:08:37.397] [main/INFO] [mixin/]: Remapping refMap bettercombat-common-common-refmap.json using F:\Programming_Projects\Java\Minecraft_Mod\build/createSrgToMcp/output.srg
[21Mar2025 16:08:37.397] [main/DEBUG] [mixin/]: Selecting config curios.mixins.json
[21Mar2025 16:08:37.398] [main/INFO] [mixin/]: Remapping refMap curios.refmap.json using F:\Programming_Projects\Java\Minecraft_Mod\build/createSrgToMcp/output.srg
[21Mar2025 16:08:37.398] [main/DEBUG] [mixin/]: Preparing mixinextras.init.mixins.json (0)
[21Mar2025 16:08:37.398] [main/DEBUG] [mixin/]: Preparing terrablender.mixins.json (7)
[21Mar2025 16:08:37.434] [main/DEBUG] [mixin/]: Preparing terrablender_forge.mixins.json (0)
[21Mar2025 16:08:37.434] [main/DEBUG] [mixin/]: Preparing geckolib.mixins.json (1)
[21Mar2025 16:08:37.436] [main/DEBUG] [mixin/]: Preparing playerAnimator-common.mixins.json (14)
[21Mar2025 16:08:37.475] [main/DEBUG] [mixin/]: Preparing bettercombat.mixins.json (17)
[21Mar2025 16:08:37.482] [main/DEBUG] [net.minecraftforge.coremod.transformer.CoreModBaseTransformer/COREMOD]: Transforming net/minecraft/world/item/ItemStack
[21Mar2025 16:08:37.547] [main/DEBUG] [mixin/]: Preparing curios.mixins.json (13)
[21Mar2025 16:08:37.598] [main/DEBUG] [mixin/]: Prepared 51 mixins in 0.487 sec (9.5ms avg) (0ms load, 0ms transform, 0ms plugin)
[21Mar2025 16:08:37.683] [main/DEBUG] [io.netty.util.internal.logging.InternalLoggerFactory/]: Using SLF4J as the default logging framework
[21Mar2025 16:08:37.685] [main/DEBUG] [io.netty.util.ResourceLeakDetector/]: -Dio.netty.leakDetection.level: simple
[21Mar2025 16:08:37.685] [main/DEBUG] [io.netty.util.ResourceLeakDetector/]: -Dio.netty.leakDetection.targetRecords: 4
[21Mar2025 16:08:37.776] [main/INFO] [net.minecraftforge.data.loading.DatagenModLoader/]: Initializing Data Gatherer for mods [codexa]
[21Mar2025 16:08:37.780] [main/INFO] [MixinExtras|Service/]: Initializing MixinExtras via com.llamalad7.mixinextras.service.MixinExtrasServiceImpl(version=0.4.1).
[21Mar2025 16:08:37.781] [main/DEBUG] [mixin/]: Registering new injector for @SugarWrapper with com.llamalad7.mixinextras.sugar.impl.SugarWrapperInjectionInfo
[21Mar2025 16:08:37.782] [main/DEBUG] [mixin/]: Registering new injector for @FactoryRedirectWrapper with com.llamalad7.mixinextras.wrapper.factory.FactoryRedirectWrapperInjectionInfo
[21Mar2025 16:08:37.784] [main/DEBUG] [mixin/]: Mixing MixinBuiltInRegistries from terrablender.mixins.json into net.minecraft.core.registries.BuiltInRegistries
[21Mar2025 16:08:37.787] [main/DEBUG] [mixin/]: Renaming synthetic method lambda$registerSimple$0(Lnet/minecraft/core/registries/BuiltInRegistries$RegistryBootstrap;Lnet/minecraft/core/Registry;)Ljava/lang/Object; to mdbbe9d4$lambda$registerSimple$0$0 in terrablender.mixins.json:MixinBuiltInRegistries
[21Mar2025 16:08:37.901] [main/DEBUG] [mixin/]: Mixing AccessorEntity from curios.mixins.json into net.minecraft.world.entity.Entity
[21Mar2025 16:08:37.934] [main/DEBUG] [mixin/]: Mixing LivingEntityAccessor from bettercombat.mixins.json into net.minecraft.world.entity.LivingEntity
[21Mar2025 16:08:37.946] [main/DEBUG] [mixin/]: Mixing LivingEntityMixin from bettercombat.mixins.json into net.minecraft.world.entity.LivingEntity
[21Mar2025 16:08:37.947] [main/DEBUG] [mixin/]: Renaming synthetic method lambda$getAttributeValue_Inject$0(Lnet/minecraft/world/entity/player/Player;Lnet/minecraft/world/entity/ai/attributes/Attribute;Lorg/spongepowered/asm/mixin/injection/callback/CallbackInfoReturnable;)V to mdbbe9d4$lambda$getAttributeValue_Inject$0$0 in bettercombat.mixins.json:LivingEntityMixin
[21Mar2025 16:08:37.954] [main/DEBUG] [mixin/]: Mixing MixinLivingEntity from curios.mixins.json into net.minecraft.world.entity.LivingEntity
[21Mar2025 16:08:38.017] [main/DEBUG] [mixin/]: Mixing PlayerEntityMixin from playerAnimator-common.mixins.json into net.minecraft.world.entity.player.Player
[21Mar2025 16:08:38.017] [main/DEBUG] [mixin/]: playerAnimator-common.mixins.json:PlayerEntityMixin: Class version 61 required is higher than the class version supported by the current version of Mixin (JAVA_16 supports class version 60)
[21Mar2025 16:08:38.032] [main/DEBUG] [mixin/]: Mixing PlayerEntityAccessor from bettercombat.mixins.json into net.minecraft.world.entity.player.Player
[21Mar2025 16:08:38.039] [main/DEBUG] [mixin/]: Mixing PlayerEntityMixin from bettercombat.mixins.json into net.minecraft.world.entity.player.Player
[21Mar2025 16:08:38.162] [main/DEBUG] [net.minecraftforge.coremod.transformer.CoreModBaseTransformer/COREMOD]: Transforming net/minecraft/world/entity/EntityType
[21Mar2025 16:08:38.269] [main/DEBUG] [mixin/]: Mixing EnchantmentMixin from bettercombat.mixins.json into net.minecraft.world.item.enchantment.Enchantment
[21Mar2025 16:08:38.438] [main/DEBUG] [net.minecraftforge.coremod.transformer.CoreModBaseTransformer/COREMOD]: Transforming net/minecraft/world/level/block/LiquidBlock
[21Mar2025 16:08:38.459] [main/DEBUG] [net.minecraftforge.coremod.transformer.CoreModBaseTransformer/COREMOD]: Transforming net/minecraft/world/level/block/StairBlock
[21Mar2025 16:08:38.500] [main/DEBUG] [net.minecraftforge.coremod.transformer.CoreModBaseTransformer/COREMOD]: Transforming net/minecraft/world/level/block/FlowerPotBlock
[21Mar2025 16:08:38.542] [main/DEBUG] [mixin/]: Mixing MixinPowderSnowBlock from curios.mixins.json into net.minecraft.world.level.block.PowderSnowBlock
[21Mar2025 16:08:38.977] [main/DEBUG] [net.minecraftforge.coremod.transformer.CoreModBaseTransformer/COREMOD]: Transforming net/minecraft/world/item/ItemStack
[21Mar2025 16:08:38.978] [main/DEBUG] [mixin/]: Mixing ItemStackMixin from bettercombat.mixins.json into net.minecraft.world.item.ItemStack
[21Mar2025 16:08:39.309] [main/DEBUG] [net.minecraftforge.coremod.transformer.CoreModBaseTransformer/COREMOD]: Transforming net/minecraft/world/entity/animal/frog/Tadpole
[21Mar2025 16:08:39.335] [main/DEBUG] [mixin/]: Mixing RangedWeaponItemMixin from bettercombat.mixins.json into net.minecraft.world.item.ProjectileWeaponItem
[21Mar2025 16:08:39.364] [main/DEBUG] [net.minecraftforge.coremod.transformer.CoreModBaseTransformer/COREMOD]: Transforming net/minecraft/world/item/BucketItem
[21Mar2025 16:08:39.376] [main/DEBUG] [mixin/]: Mixing MixinShearsItem from curios.mixins.json into net.minecraft.world.item.ShearsItem
[21Mar2025 16:08:39.928] [main/DEBUG] [net.minecraftforge.coremod.transformer.CoreModBaseTransformer/COREMOD]: Transforming net/minecraft/world/entity/monster/Spider
[21Mar2025 16:08:39.969] [main/DEBUG] [net.minecraftforge.coremod.transformer.CoreModBaseTransformer/COREMOD]: Transforming net/minecraft/world/entity/monster/Zombie
[21Mar2025 16:08:40.006] [main/DEBUG] [net.minecraftforge.coremod.transformer.CoreModBaseTransformer/COREMOD]: Transforming net/minecraft/world/entity/monster/ZombieVillager
[21Mar2025 16:08:40.050] [main/DEBUG] [net.minecraftforge.coremod.transformer.CoreModBaseTransformer/COREMOD]: Transforming net/minecraft/world/entity/monster/Evoker$EvokerSummonSpellGoal
[21Mar2025 16:08:40.153] [main/DEBUG] [net.minecraftforge.coremod.transformer.CoreModBaseTransformer/COREMOD]: Transforming net/minecraft/world/entity/animal/horse/SkeletonTrapGoal
[21Mar2025 16:08:40.166] [main/DEBUG] [net.minecraftforge.coremod.transformer.CoreModBaseTransformer/COREMOD]: Transforming net/minecraft/world/entity/monster/Strider
[21Mar2025 16:08:40.291] [main/DEBUG] [net.minecraftforge.coremod.transformer.CoreModBaseTransformer/COREMOD]: Transforming net/minecraft/world/entity/npc/Villager
[21Mar2025 16:08:40.465] [main/DEBUG] [net.minecraftforge.coremod.transformer.CoreModBaseTransformer/COREMOD]: Transforming net/minecraft/world/effect/MobEffectInstance
[21Mar2025 16:08:40.501] [main/DEBUG] [mixin/]: Mixing ServerPlayNetworkHandlerMixin from bettercombat.mixins.json into net.minecraft.server.network.ServerGamePacketListenerImpl
[21Mar2025 16:08:40.583] [main/DEBUG] [mixin/]: Mixing SweepingEnchantmentMixin from bettercombat.mixins.json into net.minecraft.world.item.enchantment.SweepingEdgeEnchantment
[21Mar2025 16:08:40.656] [main/DEBUG] [mixin/]: Mixing MixinInventory from curios.mixins.json into net.minecraft.world.entity.player.Inventory
[21Mar2025 16:08:40.767] [main/DEBUG] [mixin/]: Mixing MixinApplyBonusCount from curios.mixins.json into net.minecraft.world.level.storage.loot.functions.ApplyBonusCount
[21Mar2025 16:08:40.989] [main/DEBUG] [net.minecraftforge.coremod.transformer.CoreModBaseTransformer/COREMOD]: Transforming net/minecraft/world/level/levelgen/structure/Structure
[21Mar2025 16:08:41.023] [main/DEBUG] [net.minecraftforge.coremod.transformer.CoreModBaseTransformer/COREMOD]: Transforming net/minecraft/world/level/levelgen/structure/structures/OceanRuinPieces$OceanRuinPiece
[21Mar2025 16:08:41.030] [main/DEBUG] [net.minecraftforge.coremod.transformer.CoreModBaseTransformer/COREMOD]: Transforming net/minecraft/world/level/levelgen/structure/structures/SwampHutPiece
[21Mar2025 16:08:41.038] [main/DEBUG] [net.minecraftforge.coremod.transformer.CoreModBaseTransformer/COREMOD]: Transforming net/minecraft/world/level/levelgen/structure/structures/OceanMonumentPieces$OceanMonumentPiece
[21Mar2025 16:08:41.049] [main/DEBUG] [net.minecraftforge.coremod.transformer.CoreModBaseTransformer/COREMOD]: Transforming net/minecraft/world/level/levelgen/structure/structures/WoodlandMansionPieces$WoodlandMansionPiece
[21Mar2025 16:08:41.121] [main/DEBUG] [mixin/]: Mixing MixinBiomeSource from terrablender.mixins.json into net.minecraft.world.level.biome.BiomeSource
[21Mar2025 16:08:41.122] [main/DEBUG] [mixin/]: Renaming synthetic method lambda$appendDeferredBiomesList$0(Lcom/google/common/collect/ImmutableList;)Ljava/util/Set; to mdbbe9d4$lambda$appendDeferredBiomesList$0$0 in terrablender.mixins.json:MixinBiomeSource
[21Mar2025 16:08:41.128] [main/DEBUG] [net.minecraftforge.coremod.transformer.CoreModBaseTransformer/COREMOD]: Transforming net/minecraft/world/level/biome/Biome
[21Mar2025 16:08:41.160] [main/DEBUG] [mixin/]: Mixing MixinMultiNoiseBiomeSource from terrablender.mixins.json into net.minecraft.world.level.biome.MultiNoiseBiomeSource
[21Mar2025 16:08:41.167] [main/DEBUG] [mixin/]: Mixing MixinParameterList from terrablender.mixins.json into net.minecraft.world.level.biome.Climate$ParameterList
[21Mar2025 16:08:41.167] [main/DEBUG] [mixin/]: Renaming synthetic method lambda$initializeForTerraBlender$0(Lcom/google/common/collect/ImmutableList$Builder;Lnet/minecraft/core/Registry;Lcom/mojang/datafixers/util/Pair;)V to mdbbe9d4$lambda$initializeForTerraBlender$0$0 in terrablender.mixins.json:MixinParameterList
[21Mar2025 16:08:41.188] [main/DEBUG] [mixin/]: Mixing MixinNoiseGeneratorSettings from terrablender.mixins.json into net.minecraft.world.level.levelgen.NoiseGeneratorSettings
[21Mar2025 16:08:41.297] [main/DEBUG] [net.minecraftforge.registries.GameData/REGISTRIES]: Creating vanilla freeze snapshot
[21Mar2025 16:08:41.298] [main/DEBUG] [net.minecraftforge.registries.ForgeRegistry/REGISTRIES]: Registry minecraft:block Sync: VANILLA -> ACTIVE
[21Mar2025 16:08:41.304] [main/DEBUG] [net.minecraftforge.registries.ForgeRegistry/REGISTRIES]: Registry minecraft:fluid Sync: VANILLA -> ACTIVE
[21Mar2025 16:08:41.304] [main/DEBUG] [net.minecraftforge.registries.ForgeRegistry/REGISTRIES]: Registry minecraft:item Sync: VANILLA -> ACTIVE
[21Mar2025 16:08:41.310] [main/DEBUG] [net.minecraftforge.registries.ForgeRegistry/REGISTRIES]: Registry minecraft:mob_effect Sync: VANILLA -> ACTIVE
[21Mar2025 16:08:41.311] [main/DEBUG] [net.minecraftforge.registries.ForgeRegistry/REGISTRIES]: Registry minecraft:sound_event Sync: VANILLA -> ACTIVE
[21Mar2025 16:08:41.317] [main/DEBUG] [net.minecraftforge.registries.ForgeRegistry/REGISTRIES]: Registry minecraft:potion Sync: VANILLA -> ACTIVE
[21Mar2025 16:08:41.317] [main/DEBUG] [net.minecraftforge.registries.ForgeRegistry/REGISTRIES]: Registry minecraft:enchantment Sync: VANILLA -> ACTIVE
[21Mar2025 16:08:41.317] [main/DEBUG] [net.minecraftforge.registries.ForgeRegistry/REGISTRIES]: Registry minecraft:entity_type Sync: VANILLA -> ACTIVE
[21Mar2025 16:08:41.318] [main/DEBUG] [net.minecraftforge.registries.ForgeRegistry/REGISTRIES]: Registry minecraft:block_entity_type Sync: VANILLA -> ACTIVE
[21Mar2025 16:08:41.318] [main/DEBUG] [net.minecraftforge.registries.ForgeRegistry/REGISTRIES]: Registry minecraft:particle_type Sync: VANILLA -> ACTIVE
[21Mar2025 16:08:41.318] [main/DEBUG] [net.minecraftforge.registries.ForgeRegistry/REGISTRIES]: Registry minecraft:menu Sync: VANILLA -> ACTIVE
[21Mar2025 16:08:41.319] [main/DEBUG] [net.minecraftforge.registries.ForgeRegistry/REGISTRIES]: Registry minecraft:painting_variant Sync: VANILLA -> ACTIVE
[21Mar2025 16:08:41.319] [main/DEBUG] [net.minecraftforge.registries.ForgeRegistry/REGISTRIES]: Registry minecraft:recipe_type Sync: VANILLA -> ACTIVE
[21Mar2025 16:08:41.319] [main/DEBUG] [net.minecraftforge.registries.ForgeRegistry/REGISTRIES]: Registry minecraft:recipe_serializer Sync: VANILLA -> ACTIVE
[21Mar2025 16:08:41.319] [main/DEBUG] [net.minecraftforge.registries.ForgeRegistry/REGISTRIES]: Registry minecraft:attribute Sync: VANILLA -> ACTIVE
[21Mar2025 16:08:41.319] [main/DEBUG] [net.minecraftforge.registries.ForgeRegistry/REGISTRIES]: Registry minecraft:stat_type Sync: VANILLA -> ACTIVE
[21Mar2025 16:08:41.319] [main/DEBUG] [net.minecraftforge.registries.ForgeRegistry/REGISTRIES]: Registry minecraft:command_argument_type Sync: VANILLA -> ACTIVE
[21Mar2025 16:08:41.319] [main/DEBUG] [net.minecraftforge.registries.ForgeRegistry/REGISTRIES]: Registry minecraft:villager_profession Sync: VANILLA -> ACTIVE
[21Mar2025 16:08:41.320] [main/DEBUG] [net.minecraftforge.registries.ForgeRegistry/REGISTRIES]: Registry minecraft:point_of_interest_type Sync: VANILLA -> ACTIVE
[21Mar2025 16:08:41.321] [main/DEBUG] [net.minecraftforge.registries.ForgeRegistry/REGISTRIES]: Registry minecraft:memory_module_type Sync: VANILLA -> ACTIVE
[21Mar2025 16:08:41.322] [main/DEBUG] [net.minecraftforge.registries.ForgeRegistry/REGISTRIES]: Registry minecraft:sensor_type Sync: VANILLA -> ACTIVE
[21Mar2025 16:08:41.322] [main/DEBUG] [net.minecraftforge.registries.ForgeRegistry/REGISTRIES]: Registry minecraft:schedule Sync: VANILLA -> ACTIVE
[21Mar2025 16:08:41.322] [main/DEBUG] [net.minecraftforge.registries.ForgeRegistry/REGISTRIES]: Registry minecraft:activity Sync: VANILLA -> ACTIVE
[21Mar2025 16:08:41.322] [main/DEBUG] [net.minecraftforge.registries.ForgeRegistry/REGISTRIES]: Registry minecraft:worldgen/carver Sync: VANILLA -> ACTIVE
[21Mar2025 16:08:41.322] [main/DEBUG] [net.minecraftforge.registries.ForgeRegistry/REGISTRIES]: Registry minecraft:worldgen/feature Sync: VANILLA -> ACTIVE
[21Mar2025 16:08:41.322] [main/DEBUG] [net.minecraftforge.registries.ForgeRegistry/REGISTRIES]: Registry minecraft:chunk_status Sync: VANILLA -> ACTIVE
[21Mar2025 16:08:41.322] [main/DEBUG] [net.minecraftforge.registries.ForgeRegistry/REGISTRIES]: Registry minecraft:worldgen/block_state_provider_type Sync: VANILLA -> ACTIVE
[21Mar2025 16:08:41.322] [main/DEBUG] [net.minecraftforge.registries.ForgeRegistry/REGISTRIES]: Registry minecraft:worldgen/foliage_placer_type Sync: VANILLA -> ACTIVE
[21Mar2025 16:08:41.323] [main/DEBUG] [net.minecraftforge.registries.ForgeRegistry/REGISTRIES]: Registry minecraft:worldgen/tree_decorator_type Sync: VANILLA -> ACTIVE
[21Mar2025 16:08:41.323] [main/DEBUG] [net.minecraftforge.registries.ForgeRegistry/REGISTRIES]: Registry minecraft:worldgen/biome Sync: VANILLA -> ACTIVE
[21Mar2025 16:08:41.326] [main/DEBUG] [net.minecraftforge.registries.GameData/REGISTRIES]: Vanilla freeze snapshot created
[21Mar2025 16:08:41.338] [main/DEBUG] [io.netty.util.internal.PlatformDependent0/]: -Dio.netty.noUnsafe: false
[21Mar2025 16:08:41.338] [main/DEBUG] [io.netty.util.internal.PlatformDependent0/]: Java version: 17
[21Mar2025 16:08:41.339] [main/DEBUG] [io.netty.util.internal.PlatformDependent0/]: sun.misc.Unsafe.theUnsafe: available
[21Mar2025 16:08:41.339] [main/DEBUG] [io.netty.util.internal.PlatformDependent0/]: sun.misc.Unsafe.copyMemory: available
[21Mar2025 16:08:41.339] [main/DEBUG] [io.netty.util.internal.PlatformDependent0/]: sun.misc.Unsafe.storeFence: available
[21Mar2025 16:08:41.340] [main/DEBUG] [io.netty.util.internal.PlatformDependent0/]: java.nio.Buffer.address: available
[21Mar2025 16:08:41.340] [main/DEBUG] [io.netty.util.internal.PlatformDependent0/]: direct buffer constructor: unavailable
java.lang.UnsupportedOperationException: Reflective setAccessible(true) disabled
	at io.netty.util.internal.ReflectionUtil.trySetAccessible(ReflectionUtil.java:31) ~[netty-common-4.1.82.Final.jar:4.1.82.Final]
	at io.netty.util.internal.PlatformDependent0$5.run(PlatformDependent0.java:288) ~[netty-common-4.1.82.Final.jar:4.1.82.Final]
	at java.security.AccessController.doPrivileged(AccessController.java:318) ~[?:?]
	at io.netty.util.internal.PlatformDependent0.<clinit>(PlatformDependent0.java:282) ~[netty-common-4.1.82.Final.jar:4.1.82.Final]
	at io.netty.util.internal.PlatformDependent.isAndroid(PlatformDependent.java:333) ~[netty-common-4.1.82.Final.jar:4.1.82.Final]
	at io.netty.util.internal.PlatformDependent.<clinit>(PlatformDependent.java:88) ~[netty-common-4.1.82.Final.jar:4.1.82.Final]
	at io.netty.util.ConstantPool.<init>(ConstantPool.java:34) ~[netty-common-4.1.82.Final.jar:4.1.82.Final]
	at io.netty.util.AttributeKey$1.<init>(AttributeKey.java:27) ~[netty-common-4.1.82.Final.jar:4.1.82.Final]
	at io.netty.util.AttributeKey.<clinit>(AttributeKey.java:27) ~[netty-common-4.1.82.Final.jar:4.1.82.Final]
	at net.minecraftforge.network.NetworkConstants.<clinit>(NetworkConstants.java:34) ~[forge-1.20.1-47.3.33_mapped_parchment_2023.09.03-1.20.1-recomp.jar:?]
	at net.minecraftforge.network.NetworkHooks.init(NetworkHooks.java:52) ~[forge-1.20.1-47.3.33_mapped_parchment_2023.09.03-1.20.1-recomp.jar:?]
	at net.minecraft.server.Bootstrap.bootStrap(Bootstrap.java:66) ~[forge-1.20.1-47.3.33_mapped_parchment_2023.09.03-1.20.1-recomp.jar:?]
	at net.minecraftforge.data.loading.DatagenModLoader.begin(DatagenModLoader.java:42) ~[forge-1.20.1-47.3.33_mapped_parchment_2023.09.03-1.20.1-recomp.jar:?]
	at net.minecraft.data.Main.main(Main.java:90) ~[forge-1.20.1-47.3.33_mapped_parchment_2023.09.03-1.20.1-recomp.jar:?]
	at jdk.internal.reflect.NativeMethodAccessorImpl.invoke0(Native Method) ~[?:?]
	at jdk.internal.reflect.NativeMethodAccessorImpl.invoke(NativeMethodAccessorImpl.java:77) ~[?:?]
	at jdk.internal.reflect.DelegatingMethodAccessorImpl.invoke(DelegatingMethodAccessorImpl.java:43) ~[?:?]
	at java.lang.reflect.Method.invoke(Method.java:568) ~[?:?]
	at net.minecraftforge.fml.loading.targets.CommonLaunchHandler.runTarget(CommonLaunchHandler.java:111) ~[fmlloader-1.20.1-47.3.33.jar:?]
	at net.minecraftforge.fml.loading.targets.CommonLaunchHandler.dataService(CommonLaunchHandler.java:107) ~[fmlloader-1.20.1-47.3.33.jar:?]
	at net.minecraftforge.fml.loading.targets.ForgeDataUserdevLaunchHandler.devService(ForgeDataUserdevLaunchHandler.java:22) ~[fmlloader-1.20.1-47.3.33.jar:?]
	at net.minecraftforge.fml.loading.targets.CommonDevLaunchHandler.lambda$makeService$7(CommonDevLaunchHandler.java:135) ~[fmlloader-1.20.1-47.3.33.jar:?]
	at cpw.mods.modlauncher.LaunchServiceHandlerDecorator.launch(LaunchServiceHandlerDecorator.java:30) ~[modlauncher-10.0.9.jar:?]
	at cpw.mods.modlauncher.LaunchServiceHandler.launch(LaunchServiceHandler.java:53) ~[modlauncher-10.0.9.jar:?]
	at cpw.mods.modlauncher.LaunchServiceHandler.launch(LaunchServiceHandler.java:71) ~[modlauncher-10.0.9.jar:?]
	at cpw.mods.modlauncher.Launcher.run(Launcher.java:108) ~[modlauncher-10.0.9.jar:?]
	at cpw.mods.modlauncher.Launcher.main(Launcher.java:78) ~[modlauncher-10.0.9.jar:?]
	at cpw.mods.modlauncher.BootstrapLaunchConsumer.accept(BootstrapLaunchConsumer.java:26) ~[modlauncher-10.0.9.jar:?]
	at cpw.mods.modlauncher.BootstrapLaunchConsumer.accept(BootstrapLaunchConsumer.java:23) ~[modlauncher-10.0.9.jar:?]
	at cpw.mods.bootstraplauncher.BootstrapLauncher.main(BootstrapLauncher.java:141) ~[bootstraplauncher-1.1.2.jar:?]
[21Mar2025 16:08:41.361] [main/DEBUG] [io.netty.util.internal.PlatformDependent0/]: java.nio.Bits.unaligned: available, true
[21Mar2025 16:08:41.362] [main/DEBUG] [io.netty.util.internal.PlatformDependent0/]: jdk.internal.misc.Unsafe.allocateUninitializedArray(int): unavailable
java.lang.IllegalAccessException: class io.netty.util.internal.PlatformDependent0$7 (in module io.netty.common) cannot access class jdk.internal.misc.Unsafe (in module java.base) because module java.base does not export jdk.internal.misc to module io.netty.common
	at jdk.internal.reflect.Reflection.newIllegalAccessException(Reflection.java:392) ~[?:?]
	at java.lang.reflect.AccessibleObject.checkAccess(AccessibleObject.java:674) ~[?:?]
	at java.lang.reflect.Method.invoke(Method.java:560) ~[?:?]
	at io.netty.util.internal.PlatformDependent0$7.run(PlatformDependent0.java:410) ~[netty-common-4.1.82.Final.jar:4.1.82.Final]
	at java.security.AccessController.doPrivileged(AccessController.java:318) ~[?:?]
	at io.netty.util.internal.PlatformDependent0.<clinit>(PlatformDependent0.java:401) ~[netty-common-4.1.82.Final.jar:4.1.82.Final]
	at io.netty.util.internal.PlatformDependent.isAndroid(PlatformDependent.java:333) ~[netty-common-4.1.82.Final.jar:4.1.82.Final]
	at io.netty.util.internal.PlatformDependent.<clinit>(PlatformDependent.java:88) ~[netty-common-4.1.82.Final.jar:4.1.82.Final]
	at io.netty.util.ConstantPool.<init>(ConstantPool.java:34) ~[netty-common-4.1.82.Final.jar:4.1.82.Final]
	at io.netty.util.AttributeKey$1.<init>(AttributeKey.java:27) ~[netty-common-4.1.82.Final.jar:4.1.82.Final]
	at io.netty.util.AttributeKey.<clinit>(AttributeKey.java:27) ~[netty-common-4.1.82.Final.jar:4.1.82.Final]
	at net.minecraftforge.network.NetworkConstants.<clinit>(NetworkConstants.java:34) ~[forge-1.20.1-47.3.33_mapped_parchment_2023.09.03-1.20.1-recomp.jar:?]
	at net.minecraftforge.network.NetworkHooks.init(NetworkHooks.java:52) ~[forge-1.20.1-47.3.33_mapped_parchment_2023.09.03-1.20.1-recomp.jar:?]
	at net.minecraft.server.Bootstrap.bootStrap(Bootstrap.java:66) ~[forge-1.20.1-47.3.33_mapped_parchment_2023.09.03-1.20.1-recomp.jar:?]
	at net.minecraftforge.data.loading.DatagenModLoader.begin(DatagenModLoader.java:42) ~[forge-1.20.1-47.3.33_mapped_parchment_2023.09.03-1.20.1-recomp.jar:?]
	at net.minecraft.data.Main.main(Main.java:90) ~[forge-1.20.1-47.3.33_mapped_parchment_2023.09.03-1.20.1-recomp.jar:?]
	at jdk.internal.reflect.NativeMethodAccessorImpl.invoke0(Native Method) ~[?:?]
	at jdk.internal.reflect.NativeMethodAccessorImpl.invoke(NativeMethodAccessorImpl.java:77) ~[?:?]
	at jdk.internal.reflect.DelegatingMethodAccessorImpl.invoke(DelegatingMethodAccessorImpl.java:43) ~[?:?]
	at java.lang.reflect.Method.invoke(Method.java:568) ~[?:?]
	at net.minecraftforge.fml.loading.targets.CommonLaunchHandler.runTarget(CommonLaunchHandler.java:111) ~[fmlloader-1.20.1-47.3.33.jar:?]
	at net.minecraftforge.fml.loading.targets.CommonLaunchHandler.dataService(CommonLaunchHandler.java:107) ~[fmlloader-1.20.1-47.3.33.jar:?]
	at net.minecraftforge.fml.loading.targets.ForgeDataUserdevLaunchHandler.devService(ForgeDataUserdevLaunchHandler.java:22) ~[fmlloader-1.20.1-47.3.33.jar:?]
	at net.minecraftforge.fml.loading.targets.CommonDevLaunchHandler.lambda$makeService$7(CommonDevLaunchHandler.java:135) ~[fmlloader-1.20.1-47.3.33.jar:?]
	at cpw.mods.modlauncher.LaunchServiceHandlerDecorator.launch(LaunchServiceHandlerDecorator.java:30) ~[modlauncher-10.0.9.jar:?]
	at cpw.mods.modlauncher.LaunchServiceHandler.launch(LaunchServiceHandler.java:53) ~[modlauncher-10.0.9.jar:?]
	at cpw.mods.modlauncher.LaunchServiceHandler.launch(LaunchServiceHandler.java:71) ~[modlauncher-10.0.9.jar:?]
	at cpw.mods.modlauncher.Launcher.run(Launcher.java:108) ~[modlauncher-10.0.9.jar:?]
	at cpw.mods.modlauncher.Launcher.main(Launcher.java:78) ~[modlauncher-10.0.9.jar:?]
	at cpw.mods.modlauncher.BootstrapLaunchConsumer.accept(BootstrapLaunchConsumer.java:26) ~[modlauncher-10.0.9.jar:?]
	at cpw.mods.modlauncher.BootstrapLaunchConsumer.accept(BootstrapLaunchConsumer.java:23) ~[modlauncher-10.0.9.jar:?]
	at cpw.mods.bootstraplauncher.BootstrapLauncher.main(BootstrapLauncher.java:141) ~[bootstraplauncher-1.1.2.jar:?]
[21Mar2025 16:08:41.364] [main/DEBUG] [io.netty.util.internal.PlatformDependent0/]: java.nio.DirectByteBuffer.<init>(long, int): unavailable
[21Mar2025 16:08:41.364] [main/DEBUG] [io.netty.util.internal.PlatformDependent/]: sun.misc.Unsafe: available
[21Mar2025 16:08:41.365] [main/DEBUG] [io.netty.util.internal.PlatformDependent/]: maxDirectMemory: 4273995776 bytes (maybe)
[21Mar2025 16:08:41.365] [main/DEBUG] [io.netty.util.internal.PlatformDependent/]: -Dio.netty.tmpdir: C:\Users\chris\AppData\Local\Temp (java.io.tmpdir)
[21Mar2025 16:08:41.365] [main/DEBUG] [io.netty.util.internal.PlatformDependent/]: -Dio.netty.bitMode: 64 (sun.arch.data.model)
[21Mar2025 16:08:41.365] [main/DEBUG] [io.netty.util.internal.PlatformDependent/]: Platform: Windows
[21Mar2025 16:08:41.366] [main/DEBUG] [io.netty.util.internal.PlatformDependent/]: -Dio.netty.maxDirectMemory: -1 bytes
[21Mar2025 16:08:41.366] [main/DEBUG] [io.netty.util.internal.PlatformDependent/]: -Dio.netty.uninitializedArrayAllocationThreshold: -1
[21Mar2025 16:08:41.367] [main/DEBUG] [io.netty.util.internal.CleanerJava9/]: java.nio.ByteBuffer.cleaner(): available
[21Mar2025 16:08:41.367] [main/DEBUG] [io.netty.util.internal.PlatformDependent/]: -Dio.netty.noPreferDirect: false
[21Mar2025 16:08:41.416] [main/DEBUG] [net.minecraftforge.network.NetworkHooks/]: Loading Network data for FML net version: FML3
[21Mar2025 16:08:41.431] [main/DEBUG] [net.minecraftforge.fml.ModWorkManager/LOADING]: Using 12 threads for parallel mod-loading
[21Mar2025 16:08:41.436] [main/DEBUG] [net.minecraftforge.fml.javafmlmod.FMLJavaModLanguageProvider/LOADING]: Loading FMLModContainer from classloader cpw.mods.modlauncher.TransformingClassLoader@3c380bd8 - got cpw.mods.cl.ModuleClassLoader@6f952d6c
[21Mar2025 16:08:41.438] [main/DEBUG] [net.minecraftforge.fml.javafmlmod.FMLModContainer/LOADING]: Creating FMLModContainer instance for com.llamalad7.mixinextras.platform.forge.MixinExtrasMod
[21Mar2025 16:08:41.439] [main/DEBUG] [net.minecraftforge.fml.javafmlmod.FMLJavaModLanguageProvider/LOADING]: Loading FMLModContainer from classloader cpw.mods.modlauncher.TransformingClassLoader@3c380bd8 - got cpw.mods.cl.ModuleClassLoader@6f952d6c
[21Mar2025 16:08:41.439] [main/DEBUG] [net.minecraftforge.fml.javafmlmod.FMLModContainer/LOADING]: Creating FMLModContainer instance for terrablender.core.TerraBlenderForge
[21Mar2025 16:08:41.439] [main/DEBUG] [net.minecraftforge.fml.javafmlmod.FMLJavaModLanguageProvider/LOADING]: Loading FMLModContainer from classloader cpw.mods.modlauncher.TransformingClassLoader@3c380bd8 - got cpw.mods.cl.ModuleClassLoader@6f952d6c
[21Mar2025 16:08:41.439] [main/DEBUG] [net.minecraftforge.fml.javafmlmod.FMLModContainer/LOADING]: Creating FMLModContainer instance for software.bernie.example.GeckoLibMod
[21Mar2025 16:08:41.440] [main/DEBUG] [net.minecraftforge.fml.javafmlmod.FMLJavaModLanguageProvider/LOADING]: Loading FMLModContainer from classloader cpw.mods.modlauncher.TransformingClassLoader@3c380bd8 - got cpw.mods.cl.ModuleClassLoader@6f952d6c
[21Mar2025 16:08:41.440] [main/DEBUG] [net.minecraftforge.fml.javafmlmod.FMLModContainer/LOADING]: Creating FMLModContainer instance for dev.kosmx.playerAnim.forge.ForgeModInterface
[21Mar2025 16:08:41.440] [main/DEBUG] [net.minecraftforge.fml.javafmlmod.FMLJavaModLanguageProvider/LOADING]: Loading FMLModContainer from classloader cpw.mods.modlauncher.TransformingClassLoader@3c380bd8 - got cpw.mods.cl.ModuleClassLoader@6f952d6c
[21Mar2025 16:08:41.440] [main/DEBUG] [net.minecraftforge.fml.javafmlmod.FMLModContainer/LOADING]: Creating FMLModContainer instance for net.eabky_dev.codexa.CODEXA
[21Mar2025 16:08:41.441] [main/DEBUG] [net.minecraftforge.fml.javafmlmod.FMLJavaModLanguageProvider/LOADING]: Loading FMLModContainer from classloader cpw.mods.modlauncher.TransformingClassLoader@3c380bd8 - got cpw.mods.cl.ModuleClassLoader@6f952d6c
[21Mar2025 16:08:41.441] [main/DEBUG] [net.minecraftforge.fml.javafmlmod.FMLModContainer/LOADING]: Creating FMLModContainer instance for mezz.jei.forge.JustEnoughItems
[21Mar2025 16:08:41.442] [main/DEBUG] [net.minecraftforge.fml.javafmlmod.FMLJavaModLanguageProvider/LOADING]: Loading FMLModContainer from classloader cpw.mods.modlauncher.TransformingClassLoader@3c380bd8 - got cpw.mods.cl.ModuleClassLoader@6f952d6c
[21Mar2025 16:08:41.442] [main/DEBUG] [net.minecraftforge.fml.javafmlmod.FMLModContainer/LOADING]: Creating FMLModContainer instance for me.shedaniel.clothconfig.ClothConfigForge
[21Mar2025 16:08:41.442] [main/DEBUG] [net.minecraftforge.fml.javafmlmod.FMLJavaModLanguageProvider/LOADING]: Loading FMLModContainer from classloader cpw.mods.modlauncher.TransformingClassLoader@3c380bd8 - got cpw.mods.cl.ModuleClassLoader@6f952d6c
[21Mar2025 16:08:41.442] [main/DEBUG] [net.minecraftforge.fml.javafmlmod.FMLModContainer/LOADING]: Creating FMLModContainer instance for net.bettercombat.forge.BetterCombatForge
[21Mar2025 16:08:41.443] [main/DEBUG] [net.minecraftforge.fml.javafmlmod.FMLJavaModLanguageProvider/LOADING]: Loading FMLModContainer from classloader cpw.mods.modlauncher.TransformingClassLoader@3c380bd8 - got cpw.mods.cl.ModuleClassLoader@6f952d6c
[21Mar2025 16:08:41.443] [main/DEBUG] [net.minecraftforge.fml.javafmlmod.FMLModContainer/LOADING]: Creating FMLModContainer instance for net.minecraftforge.common.ForgeMod
[21Mar2025 16:08:41.445] [main/DEBUG] [net.minecraftforge.fml.javafmlmod.FMLJavaModLanguageProvider/LOADING]: Loading FMLModContainer from classloader cpw.mods.modlauncher.TransformingClassLoader@3c380bd8 - got cpw.mods.cl.ModuleClassLoader@6f952d6c
[21Mar2025 16:08:41.445] [main/DEBUG] [net.minecraftforge.fml.javafmlmod.FMLModContainer/LOADING]: Creating FMLModContainer instance for top.theillusivec4.curios.Curios
[21Mar2025 16:08:41.459] [modloading-worker-0/DEBUG] [net.minecraftforge.fml.javafmlmod.AutomaticEventSubscriber/LOADING]: Attempting to inject @EventBusSubscriber classes into the eventbus for playeranimator
[21Mar2025 16:08:41.459] [modloading-worker-0/DEBUG] [net.minecraftforge.fml.javafmlmod.AutomaticEventSubscriber/LOADING]: Attempting to inject @EventBusSubscriber classes into the eventbus for mixinextras
[21Mar2025 16:08:41.463] [modloading-worker-0/DEBUG] [net.minecraftforge.fml.javafmlmod.AutomaticEventSubscriber/LOADING]: Attempting to inject @EventBusSubscriber classes into the eventbus for cloth_config
[21Mar2025 16:08:41.471] [modloading-worker-0/DEBUG] [net.minecraftforge.fml.javafmlmod.AutomaticEventSubscriber/LOADING]: Auto-subscribing dev.kosmx.playerAnim.forge.ForgeClientEvent to MOD
[21Mar2025 16:08:41.475] [modloading-worker-0/DEBUG] [mixin/]: Mixing client.MinecraftClientAccessor from bettercombat.mixins.json into net.minecraft.client.Minecraft
[21Mar2025 16:08:41.485] [modloading-worker-0/DEBUG] [mixin/]: Mixing client.MinecraftClientInject from bettercombat.mixins.json into net.minecraft.client.Minecraft
[21Mar2025 16:08:41.486] [modloading-worker-0/DEBUG] [mixin/]: Renaming synthetic method lambda$performAttack$2(Lnet/bettercombat/api/AttackHand;Ljava/util/List;Lnet/minecraft/world/entity/Entity;Lnet/bettercombat/api/client/BetterCombatClientEvents$PlayerAttackHit;)V to mdbbe9d4$lambda$performAttack$2$0 in bettercombat.mixins.json:client.MinecraftClientInject
[21Mar2025 16:08:41.487] [modloading-worker-0/DEBUG] [mixin/]: Renaming synthetic method lambda$startUpswing$1(Lnet/bettercombat/api/AttackHand;Lnet/bettercombat/api/client/BetterCombatClientEvents$PlayerAttackStart;)V to mdbbe9d4$lambda$startUpswing$1$1 in bettercombat.mixins.json:client.MinecraftClientInject
[21Mar2025 16:08:41.487] [modloading-worker-0/DEBUG] [mixin/]: Renaming synthetic method lambda$setupTextRenderer$0(Lnet/minecraft/client/gui/GuiGraphics;F)V to mdbbe9d4$lambda$setupTextRenderer$0$2 in bettercombat.mixins.json:client.MinecraftClientInject
[21Mar2025 16:08:41.568] [modloading-worker-0/DEBUG] [net.minecraftforge.fml.javafmlmod.AutomaticEventSubscriber/LOADING]: Attempting to inject @EventBusSubscriber classes into the eventbus for terrablender
[21Mar2025 16:08:41.568] [modloading-worker-0/DEBUG] [net.minecraftforge.fml.javafmlmod.AutomaticEventSubscriber/LOADING]: Auto-subscribing terrablender.handler.InitializationHandler to FORGE
[21Mar2025 16:08:41.576] [modloading-worker-0/DEBUG] [net.minecraftforge.versions.forge.ForgeVersion/CORE]: Forge Version package package net.minecraftforge.versions.forge, Forge, version 47.3 from cpw.mods.modlauncher.TransformingClassLoader@3c380bd8
[21Mar2025 16:08:41.576] [modloading-worker-0/DEBUG] [net.minecraftforge.versions.forge.ForgeVersion/CORE]: Found Forge version 47.3.33
[21Mar2025 16:08:41.576] [modloading-worker-0/DEBUG] [net.minecraftforge.versions.forge.ForgeVersion/CORE]: Found Forge spec 47.3
[21Mar2025 16:08:41.576] [modloading-worker-0/DEBUG] [net.minecraftforge.versions.forge.ForgeVersion/CORE]: Found Forge group net.minecraftforge
[21Mar2025 16:08:41.578] [modloading-worker-0/DEBUG] [net.minecraftforge.versions.mcp.MCPVersion/CORE]: MCP Version package package net.minecraftforge.versions.mcp, Minecraft, version 1.20.1 from cpw.mods.modlauncher.TransformingClassLoader@3c380bd8
[21Mar2025 16:08:41.578] [modloading-worker-0/DEBUG] [net.minecraftforge.versions.mcp.MCPVersion/CORE]: Found MC version information 1.20.1
[21Mar2025 16:08:41.578] [modloading-worker-0/DEBUG] [net.minecraftforge.versions.mcp.MCPVersion/CORE]: Found MCP version information 20230612.114412
[21Mar2025 16:08:41.578] [modloading-worker-0/INFO] [net.minecraftforge.common.ForgeMod/FORGEMOD]: Forge mod loading, version 47.3.33, for MC 1.20.1 with MCP 20230612.114412
[21Mar2025 16:08:41.579] [modloading-worker-0/INFO] [net.minecraftforge.common.MinecraftForge/FORGE]: MinecraftForge v47.3.33 Initialized
[21Mar2025 16:08:41.590] [modloading-worker-0/DEBUG] [net.minecraftforge.fml.config.ConfigTracker/CONFIG]: Config file jei-server.toml for jei tracking
[21Mar2025 16:08:41.599] [modloading-worker-0/DEBUG] [mixin/]: Mixing client.ClientPlayerInteractionManagerMixin from bettercombat.mixins.json into net.minecraft.client.multiplayer.MultiPlayerGameMode
[21Mar2025 16:08:41.618] [modloading-worker-0/DEBUG] [mixin/]: Mixing client.InGameHudInject from bettercombat.mixins.json into net.minecraft.client.gui.Gui
[21Mar2025 16:08:41.631] [modloading-worker-0/DEBUG] [mixin/]: Mixing client.ClientPlayerEntityMixin from bettercombat.mixins.json into net.minecraft.client.player.LocalPlayer
[21Mar2025 16:08:41.645] [modloading-worker-0/DEBUG] [mixin/]: Mixing client.AbstractClientPlayerEntityMixin from bettercombat.mixins.json into net.minecraft.client.player.AbstractClientPlayer
[21Mar2025 16:08:41.647] [modloading-worker-0/DEBUG] [mixin/]: Renaming synthetic method lambda$createPoseAdjustment$1(Lnet/minecraft/world/entity/player/Player;Ljava/lang/String;)Ljava/util/Optional; to mdbbe9d4$lambda$createPoseAdjustment$1$0 in bettercombat.mixins.json:client.AbstractClientPlayerEntityMixin
[21Mar2025 16:08:41.647] [modloading-worker-0/DEBUG] [mixin/]: Renaming synthetic method lambda$createAttackAdjustment$0(Lnet/minecraft/world/entity/player/Player;Ljava/lang/String;)Ljava/util/Optional; to mdbbe9d4$lambda$createAttackAdjustment$0$1 in bettercombat.mixins.json:client.AbstractClientPlayerEntityMixin
[21Mar2025 16:08:41.671] [modloading-worker-0/DEBUG] [net.minecraftforge.fml.config.ConfigTracker/CONFIG]: Config file curios-client.toml for curios tracking
[21Mar2025 16:08:41.676] [modloading-worker-0/DEBUG] [net.minecraftforge.fml.config.ConfigTracker/CONFIG]: Config file curios-common.toml for curios tracking
[21Mar2025 16:08:41.677] [modloading-worker-0/DEBUG] [net.minecraftforge.fml.config.ConfigTracker/CONFIG]: Config file curios-server.toml for curios tracking
[21Mar2025 16:08:41.677] [modloading-worker-0/DEBUG] [net.minecraftforge.fml.javafmlmod.AutomaticEventSubscriber/LOADING]: Attempting to inject @EventBusSubscriber classes into the eventbus for curios
[21Mar2025 16:08:41.677] [modloading-worker-0/DEBUG] [net.minecraftforge.fml.javafmlmod.AutomaticEventSubscriber/LOADING]: Auto-subscribing top.theillusivec4.curios.Curios$ClientProxy to MOD
[21Mar2025 16:08:41.679] [modloading-worker-0/DEBUG] [mixin/]: Mixing firstPerson.LivingEntityRendererMixin from playerAnimator-common.mixins.json into net.minecraft.client.renderer.entity.LivingEntityRenderer
[21Mar2025 16:08:41.680] [modloading-worker-0/DEBUG] [mixin/]: playerAnimator-common.mixins.json:firstPerson.LivingEntityRendererMixin: Class version 61 required is higher than the class version supported by the current version of Mixin (JAVA_16 supports class version 60)
[21Mar2025 16:08:41.680] [modloading-worker-0/DEBUG] [mixin/]: Renaming synthetic method lambda$filterLayers$0(Ljava/lang/Object;)Z to mdbbe9d4$lambda$filterLayers$0$0 in playerAnimator-common.mixins.json:firstPerson.LivingEntityRendererMixin
[21Mar2025 16:08:41.691] [modloading-worker-0/DEBUG] [mixin/]: Mixing FeatureRendererMixin from playerAnimator-common.mixins.json into net.minecraft.client.renderer.entity.layers.RenderLayer
[21Mar2025 16:08:41.692] [modloading-worker-0/DEBUG] [mixin/]: playerAnimator-common.mixins.json:FeatureRendererMixin: Class version 61 required is higher than the class version supported by the current version of Mixin (JAVA_16 supports class version 60)
[21Mar2025 16:08:41.709] [modloading-worker-0/DEBUG] [mezz.jei.common.platform.Services/]: Loaded mezz.jei.forge.platform.PlatformHelper@2d1035ce for service interface mezz.jei.common.platform.IPlatformHelper
[21Mar2025 16:08:41.717] [modloading-worker-0/DEBUG] [net.minecraftforge.fml.config.ConfigTracker/CONFIG]: Config file forge-client.toml for forge tracking
[21Mar2025 16:08:41.717] [modloading-worker-0/DEBUG] [net.minecraftforge.fml.config.ConfigTracker/CONFIG]: Config file forge-server.toml for forge tracking
[21Mar2025 16:08:41.718] [modloading-worker-0/DEBUG] [net.minecraftforge.fml.ModLoadingContext/]: Attempted to register an empty config for type COMMON on mod forge
[21Mar2025 16:08:41.722] [modloading-worker-0/WARN] [software.bernie.geckolib.GeckoLib/]: Minecraft.getInstance() was null, could not register reload listeners
[21Mar2025 16:08:41.732] [modloading-worker-0/DEBUG] [net.minecraftforge.fml.javafmlmod.AutomaticEventSubscriber/LOADING]: Attempting to inject @EventBusSubscriber classes into the eventbus for codexa
[21Mar2025 16:08:41.733] [modloading-worker-0/DEBUG] [net.minecraftforge.fml.javafmlmod.AutomaticEventSubscriber/LOADING]: Auto-subscribing net.eabky_dev.codexa.client.BrewingPotionsRegisterEvent to MOD
[21Mar2025 16:08:41.733] [modloading-worker-0/DEBUG] [net.minecraftforge.fml.javafmlmod.AutomaticEventSubscriber/LOADING]: Auto-subscribing net.eabky_dev.codexa.client.FlowerPotRegisterEvent to MOD
[21Mar2025 16:08:41.734] [modloading-worker-0/DEBUG] [net.minecraftforge.fml.javafmlmod.AutomaticEventSubscriber/LOADING]: Auto-subscribing net.eabky_dev.codexa.client.ParticleRegisterEvent to MOD
[21Mar2025 16:08:41.742] [modloading-worker-0/DEBUG] [net.minecraftforge.fml.javafmlmod.AutomaticEventSubscriber/LOADING]: Auto-subscribing net.eabky_dev.codexa.datagen.DataGenerators to MOD
[21Mar2025 16:08:41.743] [modloading-worker-0/DEBUG] [net.minecraftforge.fml.javafmlmod.AutomaticEventSubscriber/LOADING]: Auto-subscribing net.eabky_dev.codexa.event.ModEventBusClientEvents to MOD
[21Mar2025 16:08:41.745] [modloading-worker-0/DEBUG] [net.minecraftforge.fml.javafmlmod.AutomaticEventSubscriber/LOADING]: Attempting to inject @EventBusSubscriber classes into the eventbus for forge
[21Mar2025 16:08:41.745] [modloading-worker-0/DEBUG] [net.minecraftforge.fml.javafmlmod.AutomaticEventSubscriber/LOADING]: Auto-subscribing net.minecraftforge.common.ForgeSpawnEggItem$CommonHandler to MOD
[21Mar2025 16:08:41.746] [modloading-worker-0/DEBUG] [net.minecraftforge.fml.javafmlmod.AutomaticEventSubscriber/LOADING]: Auto-subscribing net.minecraftforge.common.ForgeSpawnEggItem$ColorRegisterHandler to MOD
[21Mar2025 16:08:41.746] [modloading-worker-0/DEBUG] [net.minecraftforge.fml.javafmlmod.AutomaticEventSubscriber/LOADING]: Auto-subscribing net.eabky_dev.codexa.event.ModEventBusEvents to MOD
[21Mar2025 16:08:41.747] [modloading-worker-0/DEBUG] [net.minecraftforge.fml.javafmlmod.AutomaticEventSubscriber/LOADING]: Auto-subscribing net.eabky_dev.codexa.event.ModEvents to FORGE
[21Mar2025 16:08:41.753] [modloading-worker-0/DEBUG] [net.minecraftforge.fml.javafmlmod.AutomaticEventSubscriber/LOADING]: Auto-subscribing net.eabky_dev.codexa.init.CodexaModEntityRenders to MOD
[21Mar2025 16:08:41.753] [modloading-worker-0/DEBUG] [net.minecraftforge.fml.javafmlmod.AutomaticEventSubscriber/LOADING]: Auto-subscribing net.minecraftforge.client.model.data.ModelDataManager to FORGE
[21Mar2025 16:08:41.755] [modloading-worker-0/DEBUG] [net.minecraftforge.fml.javafmlmod.AutomaticEventSubscriber/LOADING]: Auto-subscribing net.eabky_dev.codexa.procedures.GemGolemMelleeAttackProcedure to FORGE
[21Mar2025 16:08:41.756] [modloading-worker-0/DEBUG] [net.minecraftforge.fml.javafmlmod.AutomaticEventSubscriber/LOADING]: Auto-subscribing net.minecraftforge.client.ForgeHooksClient$ClientEvents to MOD
[21Mar2025 16:08:41.757] [modloading-worker-0/DEBUG] [net.minecraftforge.fml.javafmlmod.AutomaticEventSubscriber/LOADING]: Auto-subscribing net.eabky_dev.codexa.procedures.GemGolemRageProcedure to FORGE
[21Mar2025 16:08:41.760] [modloading-worker-0/DEBUG] [net.minecraftforge.fml.javafmlmod.AutomaticEventSubscriber/LOADING]: Auto-subscribing net.eabky_dev.codexa.procedures.GemSpikeSpawnProcedure to FORGE
[21Mar2025 16:08:41.762] [modloading-worker-0/DEBUG] [net.minecraftforge.fml.javafmlmod.AutomaticEventSubscriber/LOADING]: Auto-subscribing net.eabky_dev.codexa.procedures.MantleProcedure to FORGE
[21Mar2025 16:08:41.767] [modloading-worker-0/DEBUG] [net.minecraftforge.fml.javafmlmod.AutomaticEventSubscriber/LOADING]: Auto-subscribing net.eabky_dev.codexa.procedures.RingOfDefianceProcedure to FORGE
[21Mar2025 16:08:41.767] [modloading-worker-0/DEBUG] [io.netty.buffer.AbstractByteBuf/]: -Dio.netty.buffer.checkAccessible: true
[21Mar2025 16:08:41.767] [modloading-worker-0/DEBUG] [io.netty.buffer.AbstractByteBuf/]: -Dio.netty.buffer.checkBounds: true
[21Mar2025 16:08:41.771] [modloading-worker-0/DEBUG] [io.netty.util.ResourceLeakDetectorFactory/]: Loaded default ResourceLeakDetector: io.netty.util.ResourceLeakDetector@526cc40b
[21Mar2025 16:08:41.772] [modloading-worker-0/DEBUG] [net.minecraftforge.fml.javafmlmod.AutomaticEventSubscriber/LOADING]: Auto-subscribing net.eabky_dev.codexa.procedures.SpiderWebSpiderSpawnProcedure to FORGE
[21Mar2025 16:08:41.773] [modloading-worker-0/DEBUG] [net.minecraftforge.fml.javafmlmod.AutomaticEventSubscriber/LOADING]: Auto-subscribing net.minecraftforge.client.ClientForgeMod to MOD
[21Mar2025 16:08:41.773] [modloading-worker-0/DEBUG] [net.minecraftforge.fml.javafmlmod.AutomaticEventSubscriber/LOADING]: Auto-subscribing net.eabky_dev.codexa.procedures.WebBreakProcedure to FORGE
[21Mar2025 16:08:41.779] [modloading-worker-0/DEBUG] [net.minecraftforge.fml.javafmlmod.AutomaticEventSubscriber/LOADING]: Attempting to inject @EventBusSubscriber classes into the eventbus for geckolib
[21Mar2025 16:08:41.779] [modloading-worker-0/DEBUG] [net.minecraftforge.fml.javafmlmod.AutomaticEventSubscriber/LOADING]: Auto-subscribing software.bernie.example.GeckoLibMod to FORGE
[21Mar2025 16:08:41.779] [modloading-worker-0/DEBUG] [net.minecraftforge.fml.javafmlmod.AutomaticEventSubscriber/LOADING]: Auto-subscribing software.bernie.example.CommonListener to MOD
[21Mar2025 16:08:41.780] [modloading-worker-0/DEBUG] [net.minecraftforge.fml.javafmlmod.AutomaticEventSubscriber/LOADING]: Auto-subscribing software.bernie.example.ClientListener to MOD
[21Mar2025 16:08:41.785] [modloading-worker-0/DEBUG] [mezz.jei.common.config.file.ConfigSerializer/]: Loading config file: F:\Programming_Projects\Java\Minecraft_Mod\run-data\config\jei\jei-debug.ini
[21Mar2025 16:08:41.786] [modloading-worker-0/DEBUG] [mezz.jei.common.config.file.ConfigSerializer/]: Saving config file: F:\Programming_Projects\Java\Minecraft_Mod\run-data\config\jei\jei-debug.ini
[21Mar2025 16:08:41.787] [modloading-worker-0/DEBUG] [net.minecraftforge.fml.javafmlmod.AutomaticEventSubscriber/LOADING]: Attempting to inject @EventBusSubscriber classes into the eventbus for bettercombat
[21Mar2025 16:08:41.787] [modloading-worker-0/DEBUG] [net.minecraftforge.fml.javafmlmod.AutomaticEventSubscriber/LOADING]: Auto-subscribing net.bettercombat.forge.events.ForgeModEvents to MOD
[21Mar2025 16:08:41.787] [modloading-worker-0/DEBUG] [net.minecraftforge.fml.javafmlmod.AutomaticEventSubscriber/LOADING]: Auto-subscribing net.bettercombat.forge.events.ForgeEvents to FORGE
[21Mar2025 16:08:41.790] [modloading-worker-0/DEBUG] [net.minecraftforge.fml.javafmlmod.AutomaticEventSubscriber/LOADING]: Auto-subscribing net.bettercombat.forge.events.ForgeClientModEvents to MOD
[21Mar2025 16:08:41.791] [modloading-worker-0/DEBUG] [net.minecraftforge.fml.javafmlmod.AutomaticEventSubscriber/LOADING]: Auto-subscribing net.bettercombat.forge.events.ForgeClientEvents to FORGE
[21Mar2025 16:08:41.791] [modloading-worker-0/DEBUG] [mezz.jei.common.config.file.ConfigSerializer/]: Loading config file: F:\Programming_Projects\Java\Minecraft_Mod\run-data\config\jei\jei-mod-id-format.ini
[21Mar2025 16:08:41.792] [modloading-worker-0/DEBUG] [mezz.jei.common.config.file.ConfigSerializer/]: Saving config file: F:\Programming_Projects\Java\Minecraft_Mod\run-data\config\jei\jei-mod-id-format.ini
[21Mar2025 16:08:41.796] [modloading-worker-0/DEBUG] [mezz.jei.common.config.file.ConfigSerializer/]: Loading config file: F:\Programming_Projects\Java\Minecraft_Mod\run-data\config\jei\jei-colors.ini
[21Mar2025 16:08:41.798] [modloading-worker-0/DEBUG] [mezz.jei.common.config.file.ConfigSerializer/]: Saving config file: F:\Programming_Projects\Java\Minecraft_Mod\run-data\config\jei\jei-colors.ini
[21Mar2025 16:08:41.805] [modloading-worker-0/DEBUG] [mezz.jei.common.config.file.ConfigSerializer/]: Loading config file: F:\Programming_Projects\Java\Minecraft_Mod\run-data\config\jei\jei-client.ini
[21Mar2025 16:08:41.807] [modloading-worker-0/DEBUG] [mezz.jei.common.config.file.ConfigSerializer/]: Saving config file: F:\Programming_Projects\Java\Minecraft_Mod\run-data\config\jei\jei-client.ini
[21Mar2025 16:08:41.810] [modloading-worker-0/INFO] [mezz.jei.library.load.PluginCaller/]: Sending ConfigManager...
[21Mar2025 16:08:41.813] [modloading-worker-0/DEBUG] [mezz.jei.library.load.PluginCallerTimerRunnable/]: Sending ConfigManager: jei:minecraft...
[21Mar2025 16:08:41.813] [modloading-worker-0/DEBUG] [mezz.jei.library.load.PluginCallerTimerRunnable/]: Sending ConfigManager: jei:debug...
[21Mar2025 16:08:41.813] [modloading-worker-0/DEBUG] [mezz.jei.library.load.PluginCallerTimerRunnable/]: Sending ConfigManager: jei:gui...
[21Mar2025 16:08:41.813] [modloading-worker-0/DEBUG] [mezz.jei.library.load.PluginCallerTimerRunnable/]: Sending ConfigManager: jei:forge_gui...
[21Mar2025 16:08:41.813] [modloading-worker-0/DEBUG] [mezz.jei.library.load.PluginCallerTimerRunnable/]: Sending ConfigManager: curios:curios...
[21Mar2025 16:08:41.813] [modloading-worker-0/DEBUG] [mezz.jei.library.load.PluginCallerTimerRunnable/]: Sending ConfigManager: jei:internal...
[21Mar2025 16:08:41.814] [modloading-worker-0/INFO] [mezz.jei.library.load.PluginCaller/]: Sending ConfigManager took 2.315 ms
[21Mar2025 16:08:41.819] [modloading-worker-0/DEBUG] [net.minecraftforge.fml.javafmlmod.AutomaticEventSubscriber/LOADING]: Attempting to inject @EventBusSubscriber classes into the eventbus for jei
[21Mar2025 16:08:41.838] [main/DEBUG] [net.minecraftforge.registries.ObjectHolderRegistry/REGISTRIES]: Processing ObjectHolder annotations
[21Mar2025 16:08:41.855] [main/DEBUG] [net.minecraftforge.registries.ObjectHolderRegistry/REGISTRIES]: Found 4014 ObjectHolder annotations
[21Mar2025 16:08:41.858] [main/DEBUG] [net.minecraftforge.common.capabilities.CapabilityManager/CAPABILITIES]: Attempting to automatically register: Lnet/minecraftforge/energy/IEnergyStorage;
[21Mar2025 16:08:41.859] [main/DEBUG] [net.minecraftforge.common.capabilities.CapabilityManager/CAPABILITIES]: Attempting to automatically register: Lnet/minecraftforge/fluids/capability/IFluidHandler;
[21Mar2025 16:08:41.859] [main/DEBUG] [net.minecraftforge.common.capabilities.CapabilityManager/CAPABILITIES]: Attempting to automatically register: Lnet/minecraftforge/fluids/capability/IFluidHandlerItem;
[21Mar2025 16:08:41.859] [main/DEBUG] [net.minecraftforge.common.capabilities.CapabilityManager/CAPABILITIES]: Attempting to automatically register: Lnet/minecraftforge/items/IItemHandler;
[21Mar2025 16:08:41.861] [main/DEBUG] [net.minecraftforge.registries.GameData/REGISTRIES]: Unfreezing vanilla registries
[21Mar2025 16:08:41.863] [main/DEBUG] [net.minecraftforge.registries.GameData/REGISTRIES]: Applying holder lookups: minecraft:sound_event
[21Mar2025 16:08:41.865] [main/DEBUG] [net.minecraftforge.registries.GameData/REGISTRIES]: Holder lookups applied: minecraft:sound_event
[21Mar2025 16:08:41.865] [main/DEBUG] [net.minecraftforge.registries.GameData/REGISTRIES]: Applying holder lookups: minecraft:fluid
[21Mar2025 16:08:41.866] [main/DEBUG] [net.minecraftforge.registries.GameData/REGISTRIES]: Holder lookups applied: minecraft:fluid
[21Mar2025 16:08:41.885] [main/DEBUG] [net.minecraftforge.registries.GameData/REGISTRIES]: Applying holder lookups: minecraft:block
[21Mar2025 16:08:41.887] [main/DEBUG] [net.minecraftforge.registries.GameData/REGISTRIES]: Holder lookups applied: minecraft:block
[21Mar2025 16:08:41.887] [main/DEBUG] [net.minecraftforge.registries.GameData/REGISTRIES]: Applying holder lookups: minecraft:attribute
[21Mar2025 16:08:41.887] [main/DEBUG] [net.minecraftforge.registries.GameData/REGISTRIES]: Holder lookups applied: minecraft:attribute
[21Mar2025 16:08:41.887] [main/DEBUG] [net.minecraftforge.registries.GameData/REGISTRIES]: Applying holder lookups: minecraft:mob_effect
[21Mar2025 16:08:41.888] [main/DEBUG] [net.minecraftforge.registries.GameData/REGISTRIES]: Holder lookups applied: minecraft:mob_effect
[21Mar2025 16:08:41.888] [main/DEBUG] [net.minecraftforge.registries.GameData/REGISTRIES]: Applying holder lookups: minecraft:particle_type
[21Mar2025 16:08:41.888] [main/DEBUG] [net.minecraftforge.registries.GameData/REGISTRIES]: Holder lookups applied: minecraft:particle_type
[21Mar2025 16:08:41.893] [main/DEBUG] [software.bernie.geckolib.GeckoLib/]: Registered SyncedAnimatable for class software.bernie.example.item.JackInTheBoxItem
[21Mar2025 16:08:41.897] [main/DEBUG] [software.bernie.geckolib.GeckoLib/]: Registered SyncedAnimatable for class net.eabky_dev.codexa.item.OtherworldlyLanternBlockItem
[21Mar2025 16:08:41.898] [main/DEBUG] [net.minecraftforge.registries.GameData/REGISTRIES]: Applying holder lookups: minecraft:item
[21Mar2025 16:08:41.899] [main/DEBUG] [net.minecraftforge.registries.GameData/REGISTRIES]: Holder lookups applied: minecraft:item
[21Mar2025 16:08:41.900] [main/DEBUG] [net.minecraftforge.registries.GameData/REGISTRIES]: Applying holder lookups: minecraft:entity_type
[21Mar2025 16:08:41.900] [main/DEBUG] [net.minecraftforge.registries.GameData/REGISTRIES]: Holder lookups applied: minecraft:entity_type
[21Mar2025 16:08:41.900] [main/DEBUG] [net.minecraftforge.registries.GameData/REGISTRIES]: Applying holder lookups: minecraft:sensor_type
[21Mar2025 16:08:41.901] [main/DEBUG] [net.minecraftforge.registries.GameData/REGISTRIES]: Holder lookups applied: minecraft:sensor_type
[21Mar2025 16:08:41.901] [main/DEBUG] [net.minecraftforge.registries.GameData/REGISTRIES]: Applying holder lookups: minecraft:memory_module_type
[21Mar2025 16:08:41.901] [main/DEBUG] [net.minecraftforge.registries.GameData/REGISTRIES]: Holder lookups applied: minecraft:memory_module_type
[21Mar2025 16:08:41.901] [main/DEBUG] [net.minecraftforge.registries.GameData/REGISTRIES]: Applying holder lookups: minecraft:potion
[21Mar2025 16:08:41.901] [main/DEBUG] [net.minecraftforge.registries.GameData/REGISTRIES]: Holder lookups applied: minecraft:potion
[21Mar2025 16:08:41.901] [main/DEBUG] [net.minecraftforge.registries.GameData/REGISTRIES]: Applying holder lookups: minecraft:game_event
[21Mar2025 16:08:41.902] [main/DEBUG] [net.minecraftforge.registries.GameData/REGISTRIES]: Holder lookups applied: minecraft:game_event
[21Mar2025 16:08:41.902] [main/DEBUG] [net.minecraftforge.registries.GameData/REGISTRIES]: Applying holder lookups: minecraft:enchantment
[21Mar2025 16:08:41.902] [main/DEBUG] [net.minecraftforge.registries.GameData/REGISTRIES]: Holder lookups applied: minecraft:enchantment
[21Mar2025 16:08:41.903] [main/DEBUG] [net.minecraftforge.registries.GameData/REGISTRIES]: Applying holder lookups: minecraft:block_entity_type
[21Mar2025 16:08:41.903] [main/DEBUG] [net.minecraftforge.registries.GameData/REGISTRIES]: Holder lookups applied: minecraft:block_entity_type
[21Mar2025 16:08:41.903] [main/DEBUG] [net.minecraftforge.registries.GameData/REGISTRIES]: Applying holder lookups: minecraft:painting_variant
[21Mar2025 16:08:41.904] [main/DEBUG] [net.minecraftforge.registries.GameData/REGISTRIES]: Holder lookups applied: minecraft:painting_variant
[21Mar2025 16:08:41.904] [main/DEBUG] [net.minecraftforge.registries.GameData/REGISTRIES]: Applying holder lookups: minecraft:stat_type
[21Mar2025 16:08:41.904] [main/DEBUG] [net.minecraftforge.registries.GameData/REGISTRIES]: Holder lookups applied: minecraft:stat_type
[21Mar2025 16:08:41.904] [main/DEBUG] [net.minecraftforge.registries.GameData/REGISTRIES]: Applying holder lookups: minecraft:custom_stat
[21Mar2025 16:08:41.904] [main/DEBUG] [net.minecraftforge.registries.GameData/REGISTRIES]: Holder lookups applied: minecraft:custom_stat
[21Mar2025 16:08:41.904] [main/DEBUG] [net.minecraftforge.registries.GameData/REGISTRIES]: Applying holder lookups: minecraft:chunk_status
[21Mar2025 16:08:41.904] [main/DEBUG] [net.minecraftforge.registries.GameData/REGISTRIES]: Holder lookups applied: minecraft:chunk_status
[21Mar2025 16:08:41.904] [main/DEBUG] [net.minecraftforge.registries.GameData/REGISTRIES]: Applying holder lookups: minecraft:rule_test
[21Mar2025 16:08:41.905] [main/DEBUG] [net.minecraftforge.registries.GameData/REGISTRIES]: Holder lookups applied: minecraft:rule_test
[21Mar2025 16:08:41.905] [main/DEBUG] [net.minecraftforge.registries.GameData/REGISTRIES]: Applying holder lookups: minecraft:rule_block_entity_modifier
[21Mar2025 16:08:41.905] [main/DEBUG] [net.minecraftforge.registries.GameData/REGISTRIES]: Holder lookups applied: minecraft:rule_block_entity_modifier
[21Mar2025 16:08:41.905] [main/DEBUG] [net.minecraftforge.registries.GameData/REGISTRIES]: Applying holder lookups: minecraft:pos_rule_test
[21Mar2025 16:08:41.905] [main/DEBUG] [net.minecraftforge.registries.GameData/REGISTRIES]: Holder lookups applied: minecraft:pos_rule_test
[21Mar2025 16:08:41.910] [main/DEBUG] [net.minecraftforge.registries.GameData/REGISTRIES]: Applying holder lookups: minecraft:menu
[21Mar2025 16:08:41.911] [main/DEBUG] [net.minecraftforge.registries.GameData/REGISTRIES]: Holder lookups applied: minecraft:menu
[21Mar2025 16:08:41.911] [main/DEBUG] [net.minecraftforge.registries.GameData/REGISTRIES]: Applying holder lookups: minecraft:recipe_type
[21Mar2025 16:08:41.911] [main/DEBUG] [net.minecraftforge.registries.GameData/REGISTRIES]: Holder lookups applied: minecraft:recipe_type
[21Mar2025 16:08:41.920] [main/DEBUG] [net.minecraftforge.registries.GameData/REGISTRIES]: Applying holder lookups: minecraft:recipe_serializer
[21Mar2025 16:08:41.921] [main/DEBUG] [net.minecraftforge.registries.GameData/REGISTRIES]: Holder lookups applied: minecraft:recipe_serializer
[21Mar2025 16:08:41.921] [main/DEBUG] [net.minecraftforge.registries.GameData/REGISTRIES]: Applying holder lookups: minecraft:position_source_type
[21Mar2025 16:08:41.921] [main/DEBUG] [net.minecraftforge.registries.GameData/REGISTRIES]: Holder lookups applied: minecraft:position_source_type
[21Mar2025 16:08:41.923] [main/DEBUG] [net.minecraftforge.registries.GameData/REGISTRIES]: Applying holder lookups: minecraft:command_argument_type
[21Mar2025 16:08:41.923] [main/DEBUG] [net.minecraftforge.registries.GameData/REGISTRIES]: Holder lookups applied: minecraft:command_argument_type
[21Mar2025 16:08:41.923] [main/DEBUG] [net.minecraftforge.registries.GameData/REGISTRIES]: Applying holder lookups: minecraft:villager_type
[21Mar2025 16:08:41.923] [main/DEBUG] [net.minecraftforge.registries.GameData/REGISTRIES]: Holder lookups applied: minecraft:villager_type
[21Mar2025 16:08:41.923] [main/DEBUG] [net.minecraftforge.registries.GameData/REGISTRIES]: Applying holder lookups: minecraft:villager_profession
[21Mar2025 16:08:41.923] [main/DEBUG] [net.minecraftforge.registries.GameData/REGISTRIES]: Holder lookups applied: minecraft:villager_profession
[21Mar2025 16:08:41.924] [main/DEBUG] [net.minecraftforge.registries.GameData/REGISTRIES]: Applying holder lookups: minecraft:point_of_interest_type
[21Mar2025 16:08:41.924] [main/DEBUG] [net.minecraftforge.registries.GameData/REGISTRIES]: Holder lookups applied: minecraft:point_of_interest_type
[21Mar2025 16:08:41.924] [main/DEBUG] [net.minecraftforge.registries.GameData/REGISTRIES]: Applying holder lookups: minecraft:schedule
[21Mar2025 16:08:41.924] [main/DEBUG] [net.minecraftforge.registries.GameData/REGISTRIES]: Holder lookups applied: minecraft:schedule
[21Mar2025 16:08:41.924] [main/DEBUG] [net.minecraftforge.registries.GameData/REGISTRIES]: Applying holder lookups: minecraft:activity
[21Mar2025 16:08:41.924] [main/DEBUG] [net.minecraftforge.registries.GameData/REGISTRIES]: Holder lookups applied: minecraft:activity
[21Mar2025 16:08:41.924] [main/DEBUG] [net.minecraftforge.registries.GameData/REGISTRIES]: Applying holder lookups: minecraft:loot_pool_entry_type
[21Mar2025 16:08:41.924] [main/DEBUG] [net.minecraftforge.registries.GameData/REGISTRIES]: Holder lookups applied: minecraft:loot_pool_entry_type
[21Mar2025 16:08:41.925] [main/DEBUG] [net.minecraftforge.registries.GameData/REGISTRIES]: Applying holder lookups: minecraft:loot_function_type
[21Mar2025 16:08:41.925] [main/DEBUG] [net.minecraftforge.registries.GameData/REGISTRIES]: Holder lookups applied: minecraft:loot_function_type
[21Mar2025 16:08:41.926] [main/DEBUG] [net.minecraftforge.registries.GameData/REGISTRIES]: Applying holder lookups: minecraft:loot_condition_type
[21Mar2025 16:08:41.926] [main/DEBUG] [net.minecraftforge.registries.GameData/REGISTRIES]: Holder lookups applied: minecraft:loot_condition_type
[21Mar2025 16:08:41.927] [main/DEBUG] [net.minecraftforge.registries.GameData/REGISTRIES]: Applying holder lookups: minecraft:loot_number_provider_type
[21Mar2025 16:08:41.927] [main/DEBUG] [net.minecraftforge.registries.GameData/REGISTRIES]: Holder lookups applied: minecraft:loot_number_provider_type
[21Mar2025 16:08:41.927] [main/DEBUG] [net.minecraftforge.registries.GameData/REGISTRIES]: Applying holder lookups: minecraft:loot_nbt_provider_type
[21Mar2025 16:08:41.927] [main/DEBUG] [net.minecraftforge.registries.GameData/REGISTRIES]: Holder lookups applied: minecraft:loot_nbt_provider_type
[21Mar2025 16:08:41.927] [main/DEBUG] [net.minecraftforge.registries.GameData/REGISTRIES]: Applying holder lookups: minecraft:loot_score_provider_type
[21Mar2025 16:08:41.927] [main/DEBUG] [net.minecraftforge.registries.GameData/REGISTRIES]: Holder lookups applied: minecraft:loot_score_provider_type
[21Mar2025 16:08:41.927] [main/DEBUG] [net.minecraftforge.registries.GameData/REGISTRIES]: Applying holder lookups: minecraft:float_provider_type
[21Mar2025 16:08:41.928] [main/DEBUG] [net.minecraftforge.registries.GameData/REGISTRIES]: Holder lookups applied: minecraft:float_provider_type
[21Mar2025 16:08:41.928] [main/DEBUG] [net.minecraftforge.registries.GameData/REGISTRIES]: Applying holder lookups: minecraft:int_provider_type
[21Mar2025 16:08:41.928] [main/DEBUG] [net.minecraftforge.registries.GameData/REGISTRIES]: Holder lookups applied: minecraft:int_provider_type
[21Mar2025 16:08:41.928] [main/DEBUG] [net.minecraftforge.registries.GameData/REGISTRIES]: Applying holder lookups: minecraft:height_provider_type
[21Mar2025 16:08:41.928] [main/DEBUG] [net.minecraftforge.registries.GameData/REGISTRIES]: Holder lookups applied: minecraft:height_provider_type
[21Mar2025 16:08:41.928] [main/DEBUG] [net.minecraftforge.registries.GameData/REGISTRIES]: Applying holder lookups: minecraft:block_predicate_type
[21Mar2025 16:08:41.928] [main/DEBUG] [net.minecraftforge.registries.GameData/REGISTRIES]: Holder lookups applied: minecraft:block_predicate_type
[21Mar2025 16:08:41.928] [main/DEBUG] [net.minecraftforge.registries.GameData/REGISTRIES]: Applying holder lookups: minecraft:worldgen/carver
[21Mar2025 16:08:41.928] [main/DEBUG] [net.minecraftforge.registries.GameData/REGISTRIES]: Holder lookups applied: minecraft:worldgen/carver
[21Mar2025 16:08:41.929] [main/DEBUG] [net.minecraftforge.registries.GameData/REGISTRIES]: Applying holder lookups: minecraft:worldgen/feature
[21Mar2025 16:08:41.929] [main/DEBUG] [net.minecraftforge.registries.GameData/REGISTRIES]: Holder lookups applied: minecraft:worldgen/feature
[21Mar2025 16:08:41.929] [main/DEBUG] [net.minecraftforge.registries.GameData/REGISTRIES]: Applying holder lookups: minecraft:worldgen/structure_processor
[21Mar2025 16:08:41.929] [main/DEBUG] [net.minecraftforge.registries.GameData/REGISTRIES]: Holder lookups applied: minecraft:worldgen/structure_processor
[21Mar2025 16:08:41.929] [main/DEBUG] [net.minecraftforge.registries.GameData/REGISTRIES]: Applying holder lookups: minecraft:worldgen/structure_placement
[21Mar2025 16:08:41.929] [main/DEBUG] [net.minecraftforge.registries.GameData/REGISTRIES]: Holder lookups applied: minecraft:worldgen/structure_placement
[21Mar2025 16:08:41.929] [main/DEBUG] [net.minecraftforge.registries.GameData/REGISTRIES]: Applying holder lookups: minecraft:worldgen/structure_piece
[21Mar2025 16:08:41.930] [main/DEBUG] [net.minecraftforge.registries.GameData/REGISTRIES]: Holder lookups applied: minecraft:worldgen/structure_piece
[21Mar2025 16:08:41.930] [main/DEBUG] [net.minecraftforge.registries.GameData/REGISTRIES]: Applying holder lookups: minecraft:worldgen/structure_type
[21Mar2025 16:08:41.930] [main/DEBUG] [net.minecraftforge.registries.GameData/REGISTRIES]: Holder lookups applied: minecraft:worldgen/structure_type
[21Mar2025 16:08:41.930] [main/DEBUG] [net.minecraftforge.registries.GameData/REGISTRIES]: Applying holder lookups: minecraft:worldgen/placement_modifier_type
[21Mar2025 16:08:41.930] [main/DEBUG] [net.minecraftforge.registries.GameData/REGISTRIES]: Holder lookups applied: minecraft:worldgen/placement_modifier_type
[21Mar2025 16:08:41.930] [main/DEBUG] [net.minecraftforge.registries.GameData/REGISTRIES]: Applying holder lookups: minecraft:worldgen/block_state_provider_type
[21Mar2025 16:08:41.930] [main/DEBUG] [net.minecraftforge.registries.GameData/REGISTRIES]: Holder lookups applied: minecraft:worldgen/block_state_provider_type
[21Mar2025 16:08:41.932] [main/DEBUG] [net.minecraftforge.registries.GameData/REGISTRIES]: Applying holder lookups: minecraft:worldgen/foliage_placer_type
[21Mar2025 16:08:41.932] [main/DEBUG] [net.minecraftforge.registries.GameData/REGISTRIES]: Holder lookups applied: minecraft:worldgen/foliage_placer_type
[21Mar2025 16:08:41.933] [main/DEBUG] [net.minecraftforge.registries.GameData/REGISTRIES]: Applying holder lookups: minecraft:worldgen/trunk_placer_type
[21Mar2025 16:08:41.933] [main/DEBUG] [net.minecraftforge.registries.GameData/REGISTRIES]: Holder lookups applied: minecraft:worldgen/trunk_placer_type
[21Mar2025 16:08:41.933] [main/DEBUG] [net.minecraftforge.registries.GameData/REGISTRIES]: Applying holder lookups: minecraft:worldgen/root_placer_type
[21Mar2025 16:08:41.933] [main/DEBUG] [net.minecraftforge.registries.GameData/REGISTRIES]: Holder lookups applied: minecraft:worldgen/root_placer_type
[21Mar2025 16:08:41.934] [main/DEBUG] [net.minecraftforge.registries.GameData/REGISTRIES]: Applying holder lookups: minecraft:worldgen/tree_decorator_type
[21Mar2025 16:08:41.934] [main/DEBUG] [net.minecraftforge.registries.GameData/REGISTRIES]: Holder lookups applied: minecraft:worldgen/tree_decorator_type
[21Mar2025 16:08:41.934] [main/DEBUG] [net.minecraftforge.registries.GameData/REGISTRIES]: Applying holder lookups: minecraft:worldgen/feature_size_type
[21Mar2025 16:08:41.934] [main/DEBUG] [net.minecraftforge.registries.GameData/REGISTRIES]: Holder lookups applied: minecraft:worldgen/feature_size_type
[21Mar2025 16:08:41.934] [main/DEBUG] [net.minecraftforge.registries.GameData/REGISTRIES]: Applying holder lookups: minecraft:worldgen/biome_source
[21Mar2025 16:08:41.934] [main/DEBUG] [net.minecraftforge.registries.GameData/REGISTRIES]: Holder lookups applied: minecraft:worldgen/biome_source
[21Mar2025 16:08:41.934] [main/DEBUG] [net.minecraftforge.registries.GameData/REGISTRIES]: Applying holder lookups: minecraft:worldgen/chunk_generator
[21Mar2025 16:08:41.934] [main/DEBUG] [net.minecraftforge.registries.GameData/REGISTRIES]: Holder lookups applied: minecraft:worldgen/chunk_generator
[21Mar2025 16:08:41.935] [main/DEBUG] [net.minecraftforge.registries.GameData/REGISTRIES]: Applying holder lookups: minecraft:worldgen/material_condition
[21Mar2025 16:08:41.935] [main/DEBUG] [net.minecraftforge.registries.GameData/REGISTRIES]: Holder lookups applied: minecraft:worldgen/material_condition
[21Mar2025 16:08:41.935] [main/DEBUG] [net.minecraftforge.registries.GameData/REGISTRIES]: Applying holder lookups: minecraft:worldgen/material_rule
[21Mar2025 16:08:41.935] [main/DEBUG] [net.minecraftforge.registries.GameData/REGISTRIES]: Holder lookups applied: minecraft:worldgen/material_rule
[21Mar2025 16:08:41.935] [main/DEBUG] [net.minecraftforge.registries.GameData/REGISTRIES]: Applying holder lookups: minecraft:worldgen/density_function_type
[21Mar2025 16:08:41.935] [main/DEBUG] [net.minecraftforge.registries.GameData/REGISTRIES]: Holder lookups applied: minecraft:worldgen/density_function_type
[21Mar2025 16:08:41.935] [main/DEBUG] [net.minecraftforge.registries.GameData/REGISTRIES]: Applying holder lookups: minecraft:worldgen/structure_pool_element
[21Mar2025 16:08:41.936] [main/DEBUG] [net.minecraftforge.registries.GameData/REGISTRIES]: Holder lookups applied: minecraft:worldgen/structure_pool_element
[21Mar2025 16:08:41.936] [main/DEBUG] [net.minecraftforge.registries.GameData/REGISTRIES]: Applying holder lookups: minecraft:cat_variant
[21Mar2025 16:08:41.936] [main/DEBUG] [net.minecraftforge.registries.GameData/REGISTRIES]: Holder lookups applied: minecraft:cat_variant
[21Mar2025 16:08:41.936] [main/DEBUG] [net.minecraftforge.registries.GameData/REGISTRIES]: Applying holder lookups: minecraft:frog_variant
[21Mar2025 16:08:41.936] [main/DEBUG] [net.minecraftforge.registries.GameData/REGISTRIES]: Holder lookups applied: minecraft:frog_variant
[21Mar2025 16:08:41.936] [main/DEBUG] [net.minecraftforge.registries.GameData/REGISTRIES]: Applying holder lookups: minecraft:banner_pattern
[21Mar2025 16:08:41.936] [main/DEBUG] [net.minecraftforge.registries.GameData/REGISTRIES]: Holder lookups applied: minecraft:banner_pattern
[21Mar2025 16:08:41.937] [main/DEBUG] [net.minecraftforge.registries.GameData/REGISTRIES]: Applying holder lookups: minecraft:instrument
[21Mar2025 16:08:41.937] [main/DEBUG] [net.minecraftforge.registries.GameData/REGISTRIES]: Holder lookups applied: minecraft:instrument
[21Mar2025 16:08:41.937] [main/DEBUG] [net.minecraftforge.registries.GameData/REGISTRIES]: Applying holder lookups: minecraft:decorated_pot_patterns
[21Mar2025 16:08:41.937] [main/DEBUG] [net.minecraftforge.registries.GameData/REGISTRIES]: Holder lookups applied: minecraft:decorated_pot_patterns
[21Mar2025 16:08:41.939] [main/DEBUG] [net.minecraftforge.registries.GameData/REGISTRIES]: Applying holder lookups: minecraft:creative_mode_tab
[21Mar2025 16:08:41.939] [main/DEBUG] [net.minecraftforge.registries.GameData/REGISTRIES]: Holder lookups applied: minecraft:creative_mode_tab
[21Mar2025 16:08:41.943] [main/DEBUG] [net.minecraftforge.registries.GameData/REGISTRIES]: Applying holder lookups: forge:biome_modifier_serializers
[21Mar2025 16:08:41.943] [main/DEBUG] [net.minecraftforge.registries.GameData/REGISTRIES]: Holder lookups applied: forge:biome_modifier_serializers
[21Mar2025 16:08:41.944] [main/DEBUG] [net.minecraftforge.registries.GameData/REGISTRIES]: Applying holder lookups: forge:display_contexts
[21Mar2025 16:08:41.944] [main/DEBUG] [net.minecraftforge.registries.GameData/REGISTRIES]: Holder lookups applied: forge:display_contexts
[21Mar2025 16:08:41.944] [main/DEBUG] [net.minecraftforge.registries.GameData/REGISTRIES]: Applying holder lookups: forge:entity_data_serializers
[21Mar2025 16:08:41.944] [main/DEBUG] [net.minecraftforge.registries.GameData/REGISTRIES]: Holder lookups applied: forge:entity_data_serializers
[21Mar2025 16:08:41.949] [main/DEBUG] [net.minecraftforge.registries.GameData/REGISTRIES]: Applying holder lookups: forge:fluid_type
[21Mar2025 16:08:41.950] [main/DEBUG] [net.minecraftforge.registries.GameData/REGISTRIES]: Holder lookups applied: forge:fluid_type
[21Mar2025 16:08:41.951] [main/DEBUG] [net.minecraftforge.registries.GameData/REGISTRIES]: Applying holder lookups: forge:global_loot_modifier_serializers
[21Mar2025 16:08:41.952] [main/DEBUG] [net.minecraftforge.registries.GameData/REGISTRIES]: Holder lookups applied: forge:global_loot_modifier_serializers
[21Mar2025 16:08:41.956] [main/DEBUG] [net.minecraftforge.registries.GameData/REGISTRIES]: Applying holder lookups: forge:holder_set_type
[21Mar2025 16:08:41.957] [main/DEBUG] [net.minecraftforge.registries.GameData/REGISTRIES]: Holder lookups applied: forge:holder_set_type
[21Mar2025 16:08:41.957] [main/DEBUG] [net.minecraftforge.registries.GameData/REGISTRIES]: Applying holder lookups: forge:structure_modifier_serializers
[21Mar2025 16:08:41.957] [main/DEBUG] [net.minecraftforge.registries.GameData/REGISTRIES]: Holder lookups applied: forge:structure_modifier_serializers
[21Mar2025 16:08:41.957] [main/DEBUG] [net.minecraftforge.registries.GameData/REGISTRIES]: Applying holder lookups: minecraft:worldgen/biome
[21Mar2025 16:08:41.957] [main/DEBUG] [net.minecraftforge.registries.GameData/REGISTRIES]: Holder lookups applied: minecraft:worldgen/biome
[21Mar2025 16:08:42.063] [main/WARN] [net.minecraft.server.packs.VanillaPackResourcesBuilder/]: Assets URL 'union:/C:/Users/chris/.gradle/caches/forge_gradle/minecraft_user_repo/net/minecraftforge/forge/1.20.1-47.3.33_mapped_parchment_2023.09.03-1.20.1/forge-1.20.1-47.3.33_mapped_parchment_2023.09.03-1.20.1-recomp.jar%23191!/assets/.mcassetsroot' uses unexpected schema
[21Mar2025 16:08:42.063] [main/WARN] [net.minecraft.server.packs.VanillaPackResourcesBuilder/]: Assets URL 'union:/C:/Users/chris/.gradle/caches/forge_gradle/minecraft_user_repo/net/minecraftforge/forge/1.20.1-47.3.33_mapped_parchment_2023.09.03-1.20.1/forge-1.20.1-47.3.33_mapped_parchment_2023.09.03-1.20.1-recomp.jar%23191!/data/.mcassetsroot' uses unexpected schema
[21Mar2025 16:08:42.140] [main/DEBUG] [mixin/]: Mixing MixinCuriosDataProvider from curios.mixins.json into top.theillusivec4.curios.api.CuriosDataProvider
[21Mar2025 16:08:42.214] [main/INFO] [net.minecraft.data.DataGenerator/]: Starting provider: Recipes
[21Mar2025 16:08:42.222] [main/DEBUG] [mixin/]: Mixing MixinNbtPredicate from curios.mixins.json into net.minecraft.advancements.critereon.NbtPredicate
[21Mar2025 16:08:42.247] [main/INFO] [net.minecraft.data.DataGenerator/]: Recipes finished after 32 ms
[21Mar2025 16:08:42.247] [main/INFO] [net.minecraft.data.DataGenerator/]: Starting provider: Loot Tables
[21Mar2025 16:08:42.290] [main/INFO] [net.minecraft.data.DataGenerator/]: Loot Tables finished after 43 ms
[21Mar2025 16:08:42.290] [main/INFO] [net.minecraft.data.DataGenerator/]: Starting provider: Block States: codexa
[21Mar2025 16:08:42.449] [main/INFO] [net.minecraft.data.DataGenerator/]: Block States: codexa finished after 158 ms
[21Mar2025 16:08:42.449] [main/INFO] [net.minecraft.data.DataGenerator/]: Starting provider: Item Models: codexa
[21Mar2025 16:08:42.479] [main/INFO] [net.minecraft.data.DataGenerator/]: Item Models: codexa finished after 30 ms
[21Mar2025 16:08:42.479] [main/INFO] [net.minecraft.data.DataGenerator/]: Starting provider: Tags for minecraft:block mod id codexa
[21Mar2025 16:08:42.489] [main/INFO] [net.minecraft.data.DataGenerator/]: Tags for minecraft:block mod id codexa finished after 9 ms
[21Mar2025 16:08:42.489] [main/INFO] [net.minecraft.data.DataGenerator/]: Starting provider: Tags for minecraft:item mod id codexa
[21Mar2025 16:08:42.491] [main/INFO] [net.minecraft.data.DataGenerator/]: Tags for minecraft:item mod id codexa finished after 1 ms
[21Mar2025 16:08:42.491] [main/INFO] [net.minecraft.data.DataGenerator/]: Starting provider: Tags for minecraft:worldgen/biome mod id codexa
[21Mar2025 16:08:42.491] [main/INFO] [net.minecraft.data.DataGenerator/]: Tags for minecraft:worldgen/biome mod id codexa finished after 0 ms
[21Mar2025 16:08:42.491] [main/INFO] [net.minecraft.data.DataGenerator/]: Starting provider: Curios for codexa
[21Mar2025 16:08:42.494] [main/INFO] [net.minecraft.data.DataGenerator/]: Curios for codexa finished after 2 ms
[21Mar2025 16:08:42.494] [main/INFO] [net.minecraft.data.DataGenerator/]: Starting provider: Global Loot Modifiers : codexa
[21Mar2025 16:08:42.498] [main/INFO] [net.minecraft.data.DataGenerator/]: Global Loot Modifiers : codexa finished after 4 ms
[21Mar2025 16:08:42.498] [main/INFO] [net.minecraft.data.DataGenerator/]: Starting provider: Registries
[21Mar2025 16:08:42.518] [main/INFO] [net.minecraft.data.DataGenerator/]: Registries finished after 19 ms
[21Mar2025 16:08:42.518] [main/INFO] [net.minecraft.data.DataGenerator/]: All providers took: 304 ms
[21Mar2025 16:08:42.526] [main/INFO] [net.minecraft.data.HashCache/]: Caching: total files: 266, old count: 267, new count: 267, removed stale: 0, written: 1
